views	likes
17158579	787425
1014651	127794
3191434	146035
2095828	132239
33523622	1634130
1309699	103755
2987945	187464
748374	57534
4477587	292837
505161	4135
5068229	263596
3153224	28451
218	30
5718766	127477
960747	31810
1531218	53961
557883	44558
1496225	16116
308568	19541
1096327	33966
817732	23663
343168	10172
3905245	53072
4204818	187890
549374	16832
348841	27089
370827	12150
653398	27773
92280	11045
178447	4339
585425	36207
116676	4324
3597410	128127
925222	85016
82	20
191353	3307
721066	30576
182330	14901
524623	34460
2340941	200598
36311	277
3684	4
286231	2530
1637172	100779
458964	4903
172720	10736
28992	1409
3641421	218587
10588371	132738
268111	447
141253	14354
234983	2358
207532	7473
628340	37121
9548677	190085
900014	3273
32	3
11636	1375
9368	75
788935	15535
731639	13794
146900	1377
137210	381
325851	8998
25887	0
274190	6303
29234	37
13433	74
1846670	26611
116344	5068
56077	1713
5029621	39098
210478	905
256426	12656
33167	304
320964	8069
187075	2443
341389	44134
17626	230
261603	4276
1300826	3333
439507	2557
2519	224
116820	1503
1788176	178236
56407	734
378352	16566
5541767	263919
319817	1796
469779	2560
961644	62033
786155	37126
150974	220
70448	1538
379	86
193241	18731
19859	1070
28808	597
2736733	58967
119180	9763
166818	465
1010	90
203332	3391
102766	294
756959	9976
70463	5992
374640	17351
197183	1077
19646	159
264577	487
20163	44
600	254
33032	2143
873333	22248
100666	3573
78178	65
2642930	115795
260199	4833
1504950	108635
140099	6140
282743	23037
152118	9642
72253	1217
100394	1619
30001	221
62915	1007
351181	2206
387221	2159
141148	1661
164110	725
43665	644
399208	3023
231745	10958
87890	577
223871	8422
341134	18017
1107916	1807
170707	1152
946859	37986
275669	13106
650469	17003
482153	76203
211868	5610
496192	1503
375652	23771
35401	1309
190106	6646
183670	10020
265303	1475
219605	24237
2742984	70743
93198	607
721270	25232
778516	32322
117022	466
16921	187
174130	4565
107331	206
1842393	99086
32941	149
27910	3360
1388115	17378
161971	6130
12603	90
125273	3897
403223	2344
248993	10984
122282	0
943626	52806
1639	86
549498	11618
58675	390
13293	111
624328	7100
694624	20783
294947	16263
40454	2
291697	2623
635236	5945
544770	7848
1547309	17913
387351	9814
235156	13078
586	55
758492	11936
632747	4330
29616	156
10037	33
212040	10217
157289	1895
236040	29389
1237072	26947
318474	1857
2649977	193479
1836419	28647
1611093	58474
2765121	35531
3701763	56562
462490	14132
977285	87617
445043	8976
1529652	63996
971117	50402
853635	43655
1032547	34751
184	33
1503131	20618
20539417	840642
555499	23818
443131	27026
754502	15082
2188675	88100
4326684	167696
1025278	14065
295217	4854
340175	32580
15537	58
16337	23
459497	14281
4752153	48776
2508912	144816
2253298	4632
983365	60984
237611	1807
829132	25110
79246	801
394709	25188
260276	7465
15800	88
1928003	56175
990009	85649
863116	20518
680801	36910
2455165	47921
172461	5077
293235	1502
271606	22787
3497179	199699
187026	786
1231992	36466
580516	4793
49	15
3164460	64815
4972464	307330
3897195	31125
303877	1658
384635	3820
249090	5491
352054	11598
5776317	278236
128316	5972
27497	706
115736	4186
275726	13083
107318	876
591632	3231
1001985	36944
370423	2904
419965	9805
404217	2295
70987	889
758998	19138
11810	1
157049	2197
148993	5019
246591	6281
198004	15812
89444	753
61778	375
48421	2978
167426	10576
1893816	60703
623627	47807
39082222	1721384
1099318	26813
545806	4193
810533	18996
577618	37369
133345	10065
2010343	9400
446733	33259
166512	3165
2671756	12699
41029	296
187643	9323
10093	124
1651358	41670
560691	18085
33754	83
913840	9438
29014	1954
55192	4684
399491	6240
76484	1798
15431	267
4734409	60348
5156718	198368
26926	401
157590	14465
136789	295
334598	15069
523181	19398
49231	3388
418230	29932
4851	31
96334	483
66438	216
104643	259
567803	43269
347848	10046
391642	4378
1663206	38322
405955	30369
286273	1264
1544710	12417
16825	102
109639	722
249735	5642
45662	219
214480	20837
533561	15499
198666	1110
52967	3083
1013926	43638
124697	906
6236	28
339499	3298
185267	14896
37857	163
697151	56579
179243	14112
571588	386
166458	1825
1215475	18646
643350	33747
573	133
102591	1766
584612	2102
860583	98526
437979	8787
146	23
4200230	140100
5792827	48443
1012191	7769
116314	3819
1088925	90341
30843	80
51102	437
149138	2624
311936	2627
58633	1189
639326	38129
1670638	46666
86797	1668
250174	2671
1562510	50710
474689	7061
454790	14853
289855	1924
309388	2908
86826	1167
46905	228
527677	38597
41534	8542
12974558	216320
250837	3775
3635	67
988066	31614
84605	4338
617754	1923
2010012	111876
114216	4319
13742	81
821725	24922
0	0
192550	16263
790665	32185
220893	15261
410	30
110981	4590
351660	527
233803	12837
306485	9573
163926	1118
11810521	142237
541428	1128
814126	71050
102835	666
891912	122350
3979891	151850
5531707	72727
2900560	37330
2223948	76807
3842156	43972
1147169	31832
1961066	142740
2893243	202959
17862	1013
415096	8687
3621389	141682
645569	11541
807094	30687
2918106	93040
1012513	20036
52323	806
1451881	16654
156	50
1470628	64893
1803724	57470
1496471	43974
788000	10315
260982	474
1088036	51347
1177957	185759
748481	20756
1559003	29898
520049	28187
612112	44648
381026	2267
313325	8762
1621002	49600
387902	24443
193382	1908
808317	49439
964813	17124
552895	32570
5386	7
3715529	86803
714815	37261
155875	1660
821704	29004
611039	25022
240897	13088
1610930	85208
640625	3186
558307	44085
332798	2175
4576001	172379
1251180	32186
11914	31
957709	5618
177233	736
2401239	61196
2325233	91111
941274	45924
126547	4214
161482	936
5168203	51975
291634	1531
539148	8033
124458	11571
74	29
158478	2165
345227	35222
40508	495
1146278	23315
144217	9856
254436	4331
72049	721
534571	12633
332343	8534
227565	16484
149076	8060
1267473	111445
864235	51588
411960	20809
1489178	113033
939129	64757
153736	1387
19024	106
627820	25647
2584165	147110
1279800	75010
623803	17286
367032	18645
35112	597
139558	2405
2510664	0
68011	457
65122	287
103858	3639
12940	440
171236	3123
52205	164
21839	28
338908	25407
22702386	869304
18764	79
262736	10637
1825705	77531
418661	8631
202125	6055
7742	761
7966	410
700691	3262
128390	10890
333097	11690
45546	143
3663	2
1037561	716
535562	5306
67136	648
79058	1366
936130	21642
574778	7517
284546	9974
212206	22470
154151	576
231961	5803
121133	809
144146	1002
1300267	13055
248362	6887
122087	1261
228385	674
190197	2349
73231	48
1119857	10926
2333278	11373
1423971	83358
551409	3243
59846	517
587752	11891
46381	212
1099126	58223
110153	4929
63079	727
655758	10357
443751	5302
7494	136
195715	7670
316645	6637
285091	15716
3594708	202546
207430	13372
296324	1962
1283032	37562
435391	24586
175637	6432
1502902	11298
1327882	4321
294701	12200
314071	4216
467088	9228
5085080	311511
40407	0
177648	6932
860406	20489
4031523	31751
70493	584
180487	1242
163524	8632
24236	306
387955	20680
7889	220
29	15
955180	203
289277	2909
2008095	64453
196775	5888
493	74
229515	9435
111484	808
164870	1693
298675	7437
86493	3422
1141	0
90299	1794
319114	1581
30590	886
277600	16620
1187	0
99466	5578
294237	5750
574248	38734
1275537	43760
61215	2424
186276	13990
3090	108
32029	125
255034	1427
97571	4313
36	10
206367	7225
347414	4448
267039	3852
889198	61662
6659676	223822
4722974	119111
1603415	65599
3495474	41976
2486210	83813
67330	1155
1333817	35951
397983	5666
2585193	40778
128	33
4281966	46971
2167114	151277
337185	37109
3018010	207433
333089	6745
1380730	41392
1223069	23939
115331	3002
329318	21146
482932	11645
554732	15248
392458	1467
2935330	281104
2336528	6729
791834	10359
1117510	61075
1164713	88543
3300683	98182
501670	28310
684257	11956
212803	4134
505886	23207
1028474	19155
304193	567
2682800	41046
1577533	67286
324544	10121
334497	12594
394281	42935
677167	31301
323829	4131
1664684	234160
313793	20657
2128788	61484
141104	8572
533948	12136
212024	1993
804363	39819
136041	6228
95700	6608
400148	18713
1159690	53363
575434	29299
132315	5623
26967	91
177515	5487
243241	11292
304673	20116
1090890	47482
1292174	54948
235536	2193
685641	8969
454559	2686
986574	36300
4373507	94443
137072	1661
2366	199
736829	18708
814832	4141
655161	21013
736556	14610
694996	50171
134340	10608
134235	13802
598162	34920
717731	27558
1532904	47589
772213	10074
70	32
10164	29
416189	2107
1276326	70960
3483755	789764
7610	13
1843479	91834
225900	13614
1374748	25510
1117997	50950
244039	1216
320851	12241
641309	25588
111329	4145
2752866	63989
1942315	136703
1177611	6509
82447	728
185781	2899
75479	3242
178977	14355
68998	3141
68352	1028
41504	36
471268	43663
132088	7346
169967	2164
1351046	33596
406851	23981
677463	6070
867802	23523
28513	1224
704337	28123
492183	11490
135510	5044
277980	12183
222825	15453
46254	546
67378	1057
1901318	17182
73765	6929
4737269	175762
1693011	84669
645577	28017
205448	24121
998444	47800
180342	573
1263566	79060
122728	9876
118097	3774
145581	2008
50490	80
13889	142
279979	7099
187691	1136
188341	760
1790057	90854
377233	2341
5277237	53089
96846	4679
160816	11380
80586	1582
28939	229
463992	25840
117628	957
794338	31491
28632	323
1595201	117962
324707	1092
566332	17240
216137	3619
464981	13585
41065	408
2666	214
354088	12929
154668	4792
51461	2299
358881	12351
243083	2666
107088	1131
293017	1742
22279	29
916731	83323
655537	4842
295094	9270
2656622	149105
95216	11265
94640	2024
652467	32665
8018	403
52570	3891
487929	15866
40266	2045
325333	2750
317426	2784
60282	768
305153	28799
310494	8566
129777	4471
1884763	135815
206823	13814
670446	95714
1762418	12532
39133	613
478560	9225
259007	13453
138609	498
57741	354
68193	0
24578152	891283
92629	4689
546892	5855
181513	9238
	
1494393	4701
296049	839
647820	8122
102299	11331
8291139	254160
8072982	174945
6451949	150019
3014068	115005
7797259	94548
517275	1912
521011	13512
1235481	13805
617545	7017
804878	35094
3252728	10779
1291361	16081
287346	1178
781343	76311
85684	1481
3631775	43038
142922	3763
18558186	1002566
523234	6762
1178020	21696
625022	35886
118429	383
456491	22922
1654828	109422
1158594	25081
2635714	87053
1406451	37209
158	53
2244679	174921
1206	60
4716036	395289
54690	979
2286953	156920
563518	50725
1816989	47925
295577	6456
4558472	48624
803802	36813
770478	18565
111389	1368
213134	13718
366048	14743
646615	68814
1285629	24686
271865	14515
561843	29344
3158597	19584
114688	3761
1593275	61135
173225	807
90474	101
559594	29391
341851	5440
296595	23688
355233	15095
544230	17911
3121392	210644
1248432	64410
823285	89056
370622	22356
241436	11523
87	25
1183659	49506
880358	10371
44	14
98810	514
16795	21
556595	20287
4340962	396796
416061	11991
213189	11081
102540	9066
582019	17558
3447230	100566
413234	2380
204596	14396
32438	116
215077	8455
323501	611
710476	12395
1069416	19475
329733	726
4193	445
351347	34911
256518	5025
324300	15246
3058843	44741
156809	3475
181851	1490
759465	33415
8703	369
167696	3569
292011	13976
53164	3459
175582	3240
16708	160
480203	2843
186849	1822
189676	2206
303417	7756
878051	57652
64563	258
54458	3586
1641496	68544
641173	3960
194720	19163
164269	14815
486287	31084
488546	3239
180385	6612
420629	1751
2242229	63341
175969	1683
198605	705
1581664	58138
51541	200
249592	4464
107804	2066
484423	28135
94699	616
3411918	70498
114743	1515
534517	3552
1447525	45408
432537	19751
100403	485
203806	11218
278147	10515
35741	470
704358	125902
198917	5795
218191	10057
348532	4246
1611877	27286
960271	8827
81759	5896
596888	29736
2812994	61589
147835	4963
254539	2288
2251398	19574
246852	2638
1568291	97313
98671	4776
436560	14900
240325	580
19484	0
882248	4458
288958	9031
146034	510
244645	20895
756962	22854
392494	15477
592585	12747
288228	1384
149999	13081
4799436	98414
418689	40628
490399	18910
799694	19416
914063	31150
304373	1495
138544	2015
358247	3052
329429	30515
52797	1790
186948	547
99726	735
336907	18768
58678	213
49018	3724
653056	37634
491410	12056
270451	976
1448352	76718
3103327	66270
608317	32555
149322	12287
207093	8111
364124	26995
695263	11947
438492	20384
677914	15263
63336	3936
102357	7878
527	102
113575	755
57440	1216
748327	52654
1129476	17163
751525	77458
709727	5271
2002223	95909
4746854	157941
9779219	283197
11072585	119373
9856767	201288
29943556	1388756
4263588	137033
1089539	12443
794755	13428
8533826	180591
1280763	54022
1914518	292385
1785835	57075
2331121	10674
555519	30697
704226	11546
1135585	39608
258437	3040
212930	2074
999580	40746
581541	2234
1865674	28953
1769200	26953
1245237	73015
4116378	13120
1982	130
1383242	109641
549455	14634
1458340	15135
150	44
640614	23088
504312	6032
41	9
194738	6818
580406	3710
672764	29213
1248405	89205
367040	1437
72297	548
1652105	31946
413551	3859
6587	3
115206	1217
95717	1608
653604	55147
315834	28309
8584	1044
1962534	9023
581091	7318
377230	1987
75910	2752
1273621	19496
2959054	415046
86	32
1339902	69723
245551	1089
161110	717
344878	11251
1905799	127154
2490776	186307
396346	11277
1540436	125458
175735	12486
196691	11326
1435	71
33653	323
1795369	115580
523258	0
149731	6380
75478	569
1828173	9404
128884	399
291124	5504
2173621	74326
5514929	439190
137346	4207
495360	17845
555	57
352803	14097
1497824	38000
675410	15600
484697	30656
388965	7747
1850483	207816
2282759	84883
752893	34496
323570	25841
8915	27
131218	3836
614411	23213
382304	20309
658567	4018
403498	6532
807588	4574
1875142	11394
185171	1967
151622	7074
621271	53223
205778	689
667573	17068
108146	3563
2071266	51068
194792	1784
221666	4012
245419	905
171066	8721
288418	18423
729370	34255
926121	39732
2742344	89376
845295	14957
6705901	471761
2415668	162209
204945	1569
8976	360
140665	529
2928	14
72797	384
247309	17479
254724	10994
1186167	12525
855475	23255
133583	621
832340	19480
1380378	67383
298900	25293
148843	1706
115938	2139
310614	7560
4738425	49678
1709342	18324
566129	20474
199171	3809
421569	6428
100589	134
28384	200
30515	1407
164837	5904
80212	285
1315527	25054
364279	4339
661661	22800
241973	1953
3716275	43697
527651	7608
413204	29251
253583	1820
95304	4923
172223	1093
1188326	25951
146852	5153
83227	2233
405877	23250
322818	14604
153305	4372
76865	1471
266102	12643
139021	4113
884573	86125
176432	21778
1329506	66170
169321	6999
164313	2090
768648	42031
483363	22777
43902	2029
226965	12828
54654	418
109029	1416
259043	1766
567182	5387
163776	1103
26701	594
245126	10805
268776	13535
706353	19916
16532	677
1114865	9570
15263	179
803919	17930
263531	27080
175662	10239
39976	451
194837	2283
70596	3758
284017	12495
910398	28074
556363	24315
718976	4221
80799	2484
356135	641
249959	2221
382782	5854
679693	19264
24576	93
9920833	262451
4575521	295651
12776633	130539
602009	6424
1726301	21400
2326516	69580
528802	9828
2306720	63362
38647842	1600404
1274403	50344
9421291	191296
10729515	300466
1566953	98393
10663409	210254
1470325	17047
2089986	29210
5253309	150650
7664480	104442
220455	29819
128	33
1586915	82660
3454048	411011
1487848	58918
1174413	76342
498567	16751
894312	11209
1909709	134565
1535199	153770
992247	69528
208319	40281
911828	13702
253763	2290
142031	592
333924	3644
165139	3497
739196	7649
333989	9503
12205	247
1101988	43550
833085	55074
374362	10154
462672	16668
54885	545
198777	1784
2282	154
1700973	89139
1700053	122584
1923738	35159
716925	24506
32	9
670962	32068
5620985	550029
318147	1826
1233850	80295
165942	4409
604008	29409
4251667	14290
743069	4784
3098960	62490
155495	2101
204640	1462
92	32
367147	1164
559365	14893
1647994	99766
231491	13573
2029829	9322
218737	7709
423355	1578
1577521	15755
632914	41800
672764	22325
29113	446
222243	6534
193629	7423
354749	15633
10516	389
1004809	0
313377	2728
274026	6213
291062	2083
337492	12861
153646	13438
99723	1664
2797467	148525
726328	30812
212112	5245
501107	66478
39354	5941
86342	636
747529	2920
202373	4483
836	110
703631	15716
514924	13922
3280361	12863
1461658	6136
37225	9
461908	1567
299761	8689
154980	534
506934	38717
581881	26824
340103	15808
2952	26
163980	8650
1923973	138077
68206	1025
308429	996
75341	3762
1891954	86481
207117	2869
8267	363
185706	4970
410442	2386
575451	2473
242382	19934
619606	4883
87544	0
1604469	22075
410390	2395
75193	724
426783	16242
418595	4023
197535	5158
120900	2152
289862	1267
2962946	292527
30470	131
619920	7604
101597	3050
114933	511
478206	16534
105060	323
180342	1779
425252	24521
2647746	193092
33945	2096
325569	12404
86277	634
654378	3377
561583	4171
812479	17098
59491	4470
83321	719
101088	3754
29999	1602
2794	17
2597587	83723
601989	33903
936865	20887
215200	2090
278943	10248
204852	843
41695	2217
149107	4181
131160	5939
1347495	33751
142707	2815
317620	2215
778605	17262
249413	4204
283969	16131
1992282	10103
144002	6047
62306	374
729603	40962
123281	4346
1875686	118922
2638137	91307
69110	282
26718	653
837867	36675
128405	2313
271491	962
125958	3144
5889680	458893
2111	115
46672	4831
53441	307
768171	0
376566	1466
403593	8649
120278	2598
64196	392
156462	11880
72945	355
739774	4372
467751	34961
216416	3578
553887	18923
198718	2028
184690	8180
446729	8438
7914	4
70748	606
14478580	332272
1326266	12282
1609627	22942
3914524	218328
1136686	12260
1145941	15400
5617078	328517
892555	44085
764099	41192
1553996	56447
693291	51844
2206768	24283
993699	11257
798010	43453
13987067	137904
578128	5705
458899	42684
2563022	73910
118	32
2653677	208706
2314066	22064
453228	16036
623222	27803
219726	1066
2724124	69404
47078714	1763398
901202	41793
388590	3149
1257634	6971
2610053	85307
327936	11643
1214852	14416
789527	23129
27623	249
45	18
494138	22089
113756	9810
771332	84031
438792	17098
311116	53818
64800	630
2032801	116459
1967661	107404
582841	26750
225299	2894
619941	3782
353570	20145
9964832	196513
2278512	30365
211515	805
10003191	114960
211987	10150
6191109	164265
1959305	95081
325741	1686
1751244	20010
455289	14026
117978	1284
333807	1154
588418	19218
458593	5911
3867178	432418
1645731	61560
97929	4063
2210421	146431
223916	1490
89	40
269526	6222
11218307	216489
452158	55766
809452	25808
1367664	84460
487894	12963
1056220	8709
149205	2621
692772	4998
912643	47845
169111	5171
269184	23209
248198	3686
13786	87
372127	17272
151534	911
484135	11671
39002	2236
211081	20111
638074	32480
435032	9944
569124	16053
1054338	14953
196911	666
52747	199
126961	1019
12686	1057
615664	4113
7388662	607099
188012	3429
11362593	311332
882730	8635
58919	912
375616	3914
171686	583
938926	59101
436937	1286
1113747	45238
1757756	98822
382916	10833
376740	10277
291413	695
4200368	408291
172316	1412
55330	522
107140	357
570276	21538
123251	3601
606692	11564
451973	16366
65172	437
420149	2330
38200	331
329429	17104
277350	4079
614817	16542
159988	1903
224651	10504
1628016	38511
30330	434
182695	2647
441753	4539
1137277	44392
266239	8064
147891	2153
2448	166
8490	366
73129	3369
276007	16739
32	7
1791666	126312
922	125
167366	375
60371	2651
1835818	93066
788390	25856
230718	1592
303544	2081
740800	29331
1730	25
193956	4852
53379	867
7440	327
57022	316
276510	9149
859829	5574
2043146	36153
158766	5793
169232	1235
1964034	106397
150215	15234
58497	1370
79247	0
55086	7315
454173	3537
154964	1394
269061	6410
464220	27286
3460999	161692
387566	6851
5181	194
4328193	14934
85619	369
404383	2613
1197269	0
50820	269
139860	11811
368946	7658
118969	0
233310	2796
329856	6924
646913	1967
37661	545
1073485	29937
235654	4145
666	1039
413638	16973
91997	6425
270226	11326
24478	146
111075	808
177731	697
157711	839
26710	572
2304099	10084
213574	5180
682650	44135
1587706	88440
66326	6803
455	42
2484089	150573
17613871	369520
8839267	395070
1043215	33389
1902516	15189
852717	27913
1819783	17552
1902537	25343
890279	54503
1627849	20223
770692	72020
918567	27054
37007	473
1345479	58772
1018415	13741
1834104	19301
475938	5536
167	23
308259	1294
428069	8116
723917	19584
5979360	338607
847794	25569
2424917	51774
1053325	9973
183935	7939
1852073	66515
1002132	16444
433105	9050
272316	8858
578050	4483
893783	62180
4509454	114590
421279	11447
328956	3742
643778	49283
2051979	44906
530364	24862
1696299	59250
3070103	222200
188779	13273
428452	2838
2375319	25043
57	27
450569	3124
1716171	144873
154261	9078
359967	9656
702850	25835
530628	17691
77340	3471
290800	20546
1122844	33175
349779	1923
249255	7921
1742272	8664
16829	510
689014	1552
36044	299
728343	23027
2682799	76081
220173	1967
129738	4032
347200	25930
240168	7491
181794	180
449077	32360
91	34
611573	119905
550813	49328
1542768	17335
77848	791
154089	2496
106512	893
190850	11066
522265	25431
87360	1262
2915115	72217
530152	43428
612098	25114
114917	8946
2355918	22232
252590	12885
29720	480
850117	36676
784926	31510
534109	20814
148005	523
296589	1984
589119	2450
1670899	6511
497766	7520
193082	2387
587028	15386
76832	3373
121277	7102
660670	7603
907902	37539
679202	5867
15940901	149364
320740	5092
749817	3897
406955	12731
355773	18468
15104666	143947
205878	3665
1016440	39118
7097427	525899
1161029	45949
223827	3397
56843038	1904853
282886	1314
391033	3320
54292	306
219731	11771
49423	3043
8072	336
196680	13680
2112730	112345
160530	9556
15398	363
155234	1522
2246582	123235
318670	2202
56930	493
6334	58
998737	8633
55309	214
556200	123810
134189	4305
126548	4613
196938	2529
127862	10501
747273	74453
136144	11150
1834	50
186476	7888
1188783	4411
154106	1908
2427443	31322
63344	1075
48507	269
1227681	7142
45754	2329
66546	643
270142	12507
371	257
20825	503
171563	1096
589708	64202
2100341	99172
54593	434
4146637	443534
111471	2847
100721	4234
96872	6447
1221292	56600
340859	4093
69740	674
198398	3511
385190	3892
21331	453
301070	25353
10353797	201223
1739935	63109
269590	1759
81873	4420
672153	5138
7228499	177523
2351153	151042
314413	6684
52038	631
627823	4166
257863	2522
79163	681
401271	561
125491	845
867145	27184
606262	10598
9044077	642004
1525396	89326
682599	19487
389099	13593
897452	7957
472499	18385
509606	7424
33867	180
99336	5052
378704	3442
87899	7136
23972	1213
124847	2692
95734	312
292570	2078
619309	10941
8952634	360340
6119211	271967
7558742	549729
2516904	203433
1387331	78293
1980168	77377
10552150	438807
19999878	395711
1013330	29712
1586719	43567
684622	40850
1382432	16481
68651	951
1063140	85894
349459	9016
1134859	21876
396453	12276
927209	10977
1166816	94354
236512	16877
1163659	33468
652313	18506
2132668	16577
193583	20156
2016633	19258
106	23
1273343	32935
522525	55422
1623141	30437
1984712	26021
1803225	21804
369609	23963
735600	9036
1454579	61912
2248003	22616
621739	3859
355281	19393
44	12
1685189	39386
684778	62970
622518	7270
230335	4709
38406	889
301636	1616
195383	8494
1595875	2305
685370	61109
2737810	55656
233969	5414
269447	9814
86574	4423
1709054	106756
1018150	28258
158220	3034
889870	50400
1154618	10487
145027	535
589827	11839
97381	580
754179	17514
1470663	216223
77884	7126
5917303	132787
1097806	7771
532968	16518
146603	1286
275241	17469
198287	2156
393786	2454
434759	6946
757993	32721
519369	24991
64583	759
881373	58820
343344	11556
6176066	344502
14289	106
153860	5366
259925	12871
2399289	48182
793477	53281
184132	6364
133590	5598
157335	624
665962	5104
145	62
949238	64785
533787	3634
511224	12478
245610	9004
250729	14297
3460772	232830
1139104	34514
207225	1530
278341	13432
238587	2327
283170	22397
10301	932
53347	552
677210	35137
34641	5693
559037	2666
881123	34619
288178	12505
216500	11573
138730	13752
682632	15015
2132690	163040
780009	42232
389390	1453
556623	4301
760	122
1832911	61943
28904	1356
196476	5281
162026	7355
399511	24848
311335	1303
1465521	42044
174227	1242
6988	312
329176	8905
230287	2968
116843	575
966732	31896
270247	38048
305106	15874
797181	62277
30360	3236
19572	121
95	50
947466	38752
718255	40206
199317	13194
66040	3227
359421	1706
941	79
526133	6855
174916	1729
2437554	70432
196552	12249
1857727	9105
605722	54921
40820	336
842897	24584
227720	225
448	312
151739	8015
630362	34795
96440	2909
109936	5363
6256	149
324149	2145
91973	221
555995	18233
619503	27379
41217	265
271583	2196
19711	22
50603	1162
236863	2515
634698	8581
382246	5204
341849	14857
381939	26864
9004469	575916
456364	24211
236373	12346
1130583	42018
1317168	49163
1037399	7807
92109	249
129882	9120
1834412	19878
275165	11136
312817	14422
28885	1834
64818	250
1131052	9276
717	38
288515	4419
1311107	19190
119664	7252
496264	22990
374886	2560
24276	557
747584	2832
124670	396
485164	2331
259918	9228
670964	26471
267207	13544
94849	4087
23672	270
10311506	388864
3765990	116999
11202281	686142
5901092	318441
8464537	327503
748262	66082
1294899	139600
1261475	16919
1462241	58253
2053175	30496
1063072	53757
1314531	100877
636464	17862
1333050	8602
942454	13685
400918	14836
1259722	3353
940179	22067
11474521	457989
1861361	47240
621322	95054
504028	27250
107	32
411462	14196
86944	1235
536616	18691
1662312	112532
281951	26005
483170	23792
614170	33442
668208	13504
176586	27951
859795	37391
842228	23625
312362	8011
119886	500
1481114	87125
1962563	3208
1061604	22399
2192934	35229
194851	1222
620555	3397
1257735	35124
4455	195
234901	4246
303113	10771
1159783	15667
22118673	410051
528571	64666
1190081	10587
1556203	36243
11408	103
214381	1295
142201	642
2126260	20150
2283526	17550
144407	2279
145958	6134
265611	5243
270001	25777
80504	258
99224	1713
396609	13028
687321	21480
1292754	96123
350853	20976
47648	1047
267576	24095
2021002	26338
82580	2766
20436	29
1921050	22530
152681	520
28445	1531
1233414	27490
59542	282
163430	14661
358798	5193
56	21
2487987	24233
2535833	49279
1296867	98135
516090	19525
548977	36439
1606780	75870
1883936	42216
1484930	62970
100239	358
2126764	117805
11	6
416381	1833
43889	3117
2910944	14540
286319	7977
2996520	58383
101576	4141
21	2
730939	8546
547499	15987
557586	63020
359198	1991
303586	1990
175805	1462
296440	9567
63945	1155
265055	8537
1209679	167298
486411	3751
113319	5605
2144473	61264
215895	2521
741081	19662
779255	6597
5371	164
160485	11449
914897	37346
90538	3693
118481	9548
617192	31921
140007	5251
966474	45634
7101199	146435
11527	545
278261	10641
337067	10474
322607	1035
510055	1638
106965	920
67299	1792
816085	18745
360275	3374
485416	19893
289999	10239
259537	12055
1117077	67021
1043214	10024
38956	2662
645491	13341
528687	18123
45967	6857
816847	61459
42105	2753
135872	3069
1614756	231544
455097	2771
202658	17045
41152	3011
7355	35
67638	4515
464829	18504
304800	10170
993147	44297
491980	17340
175116	4365
208486	1059
227978	1646
119177	5303
350159	11143
362837	2716
820103	34610
1165229	57834
904	188
80068	2481
17535	676
336769	17105
198969	2158
94359	6855
69082	667
970984	65733
908908	55788
33724	214
23758	1316
141398	6010
1030305	38495
78210	3361
1324190	37364
73181	2793
699934	3536
436195	23450
3783206	240532
281925	10110
106	55
733524	5552
133924	3251
104315	4450
521956	13084
950854	35258
426147	3486
100620	737
68659	350
110657	1575
140800	1516
247481	6318
38436	2718
15162291	789844
2693637	129050
4628861	129027
11307303	405861
8834904	386849
747488	39694
13945717	2055166
2618344	45197
1783347	111683
1841835	282508
1307637	95719
1841122	175431
10997222	375540
584350	22934
582180	9752
520171	15553
2131820	46914
1946746	119453
1534351	18893
796106	22438
1796164	65337
619446	18994
1784585	10139
1347634	16608
4649138	72158
488164	17410
872427	17326
687965	44019
1056699	23794
293676	38685
108418	12317
249262	5770
149	47
1135998	56291
109180	541
1140502	128767
72701	309
1015596	17683
119593	2001
604810	30199
599897	3328
874689	40472
708045	21985
156466	2499
31	5
107666	325
12355872	474027
2181405	49608
1603701	15658
997598	87961
277354	1461
99107	1374
2171491	103078
313897	27836
1547590	27711
1397518	88394
995498	40850
203778	944
255146	4429
872717	26717
542451	25545
621447	41148
1055546	30366
852070	49567
199348	2170
1273356	107088
353066	25990
2141376	3675
135488	553
417910	23382
20760	20
234521	1400
166736	7060
275855	23090
4628	209
88017	4271
2566376	38467
498664	4532
589520	13459
468644	27744
87326	3044
66476	25
284779	2616
114696	1297
154845	515
174749	3494
964101	57836
173138	4254
77839	2847
101257	13964
264189	19231
545220	12039
216957	5102
346567	1527
2911616	200586
24939458	529906
316981	12560
345252	1765
1541452	21065
23124	987
46538	1692
1210184	10652
355264	29257
54993	1125
347493	14709
517425	14921
91229	109
1322869	36043
115813	394
303530	1985
346478	7539
115633	396
363164	11859
43751	2831
103110	1344
1912	66
55061	1088
138091	581
452592	10872
26072307	421289
784361	7365
199971	21607
8659	267
1862249	38626
127185	7640
659371	27060
68443	2600
41	14
36912	1789
196689	5990
221510	9038
126519	1125
44212	205
363904	13119
36919	1224
421	12
550039	4018
1508862	106487
194221	14631
622450	2714
130172	2874
21900	701
94126	492
941900	24860
88732	4147
175358	7881
589009	36176
924135	5526
3074268	72522
313560	2612
53566	372
31016	1996
13379	147
2551558	127781
1068305	46091
163890	6603
96086	1908
70964	2772
3263	93
387962	5353
1954	38
1416537	11566
4265491	18676
908937	10267
2539701	163807
35640	467
105722	4652
112433	4031
3270754	61084
354741	34803
103493	594
183985	1497
265534	11835
2202412	47777
467	488
1783053	81659
622089	21300
70279	1904
1869	22
231613	13557
151449	5458
2641858	50048
43866	2881
710403	19609
150755	1242
90475	64
626005	17513
395259	26210
305455	9435
29127	151
2305773	21328
4230179	161144
823882	13276
19654814	899113
917612	67418
915822	26550
4026193	168203
11227479	425187
5102129	134882
256209	1040
20565795	2320646
12087480	419216
218496	1296
297259	12967
4351979	61247
1771121	68143
721104	61881
969541	31221
2554481	345270
2131162	5813
190771	10220
377221	17741
480610	28920
1478509	103405
137140	5979
967380	25693
2090558	190071
13469626	414639
147	50
293688	1022
1320828	6177
114092	5382
65604	116
1287157	20818
593121	2946
348848	15127
49830	877
700894	22159
222306	2863
259373	1337
97405	1767
199899	9224
1219653	8073
12088856	297436
196658	17218
1047784	48866
2295804	124484
253789	10335
357052	18377
1969566	68908
884295	25276
876248	38129
461936	5730
1103861	59958
379036	4730
2521991	20268
50	9
13234006	488656
1407262	20503
687975	20237
328031	6890
128021	426
35982	2085
52338	2504
186957	1671
1179499	57996
133154	452
265221	15034
193060	2791
1950255	10624
330529	4252
155096	152
1513658	17638
249882	2078
22809	2643
12811	141
150146	584
112905	3572
161638	8913
1407953	7654
2762	108
178865	3771
452580	33359
1111831	24613
116007	337
1369795	103097
1476167	247954
1108460	18682
1239553	52071
2893385	118601
193843	19445
669	54
194033	22212
76935	5798
326372	8758
538662	17868
217	23
980577	43449
306710	20308
1298699	135646
31431	5170
91878	1033
59490	271
1165097	57265
479241	31767
40849	147
42776	417
95886	3187
56476	465
2400832	113129
156110	4295
1286856	104279
653959	31778
44109	4062
108464	1362
495196	18098
1565904	8288
345406	10141
1192687	4439
1690173	28996
236420	11473
501898	25781
60049	448
345814	13707
101282	3727
45477	426
1722017	17335
222917	3811
2498437	51600
397	192
nba|"chris smoove"|"nba chris smoove"|"golden state warriors"|"chicago bulls"|"bulls vs warriors"|"stephen curry"|"stephen curry highlights"|"stephen curry 3"|"stephen curry deep 3"|"stephen curry crossover"|"stephen curry ankle breaker"|"stephen curry 26 points quarter"|"stephen curry 26 points 2nd quarter"|"klay thompson"|"klay thompson highlights"|"jordan bell"|"jordan bell alley oop"|"jordan bell block"|"jordan bell chase down block"|"nba 2017-18 season"	310050
29992	337
974624	28707
243038	8641
76435	6876
5595	30
505496	58038
113466	1826
61591	267
1321125	36708
112357	678
740906	22397
78468	2245
1074483	42340
503569	26379
329078	28724
1741871	126168
439	https://i.ytimg.com/vi/JqeyOTwnGQs/default.jpg
141090	578
96435	2064
172991	6770
533	https://i.ytimg.com/vi/KDSV3MFGF3g/default.jpg
45724	35
81113	3329
76947	860
806193	10397
752058	22688
358375	28229
76590	558
794249	12277
37547	1003
90331	2743
104187	770
584214	26723
265836	13489
16681	279
268556	23135
240560	14483
382402	1916
168500	1502
303126	20108
1470733	6662
244121	1452
75881	935
105108	1890
2224156	3883
354947	3026
463282	15636
46611	536
105975	8702
29	5
47480	370
122287	5270
155901	16891
2894524	41166
199520	2171
351638	3092
117211	5093
113581	3578
246895	8632
17020	977
262797	4469
29626879	582873
3947386	247661
1776191	21784
1166010	59218
1281514	192656
4809441	172000
1313418	112104
1880647	93715
2519348	188159
789833	24892
1642290	116015
1407676	38969
373583	1958
2058696	126704
338705	1327
4586840	181705
136	38
321547	32290
125924	2503
151535	5834
24802714	1011677
794262	3089
383590	8332
931112	33197
401985	14841
1128222	81135
82389	60
24628712	2454901
289168	13024
211535	2743
12214051	439508
709093	2469
5396039	71163
5487533	140715
509727	15516
1037648	69284
2121522	76221
1903983	20042
601493	22868
728572	4110
1376669	106711
332886	20045
680987	22407
66173	400
77546	1207
287983	726
81763	1112
339996	12496
669063	35492
121526	166
643432	23076
60	13
143475	546
181422	7262
1546774	11002
319211	11943
2283533	6276
42817	6855
165927	6777
132614	5543
2755377	362757
352097	17647
854900	10390
88620	645
9660	102
21017	22
1143329	29205
483600	1553
795281	6351
29244	337
1572331	107594
191815	1308
480358	1506
2714887	11942
113819	5850
128106	350
545785	25377
150526	9948
1217392	44311
2254977	199485
12667200	429398
156219	4595
52728	335
2660629	129424
831957	24840
140142	5171
140645	10208
169794	5780
14839046	346116
440727	5006
1020	106
248988	3112
146956	3228
22267	707
415	142
395711	1620
1878816	76748
21704	1134
101288	0
816868	3486
248455	7174
58356	4861
79746	3282
235421	21551
999860	5586
124861	2730
112608	452
23553	600
160338	5239
284750	508
207321	3817
185344	4846
268192	12751
221912	4167
36981	405
229843	1814
248340	2047
132986	396
271859	6087
15682850	444729
36505	1710
82596	271
36445	801
1491616	123688
513277	21468
54548	4820
217316	18326
199087	2058
2121025	71756
1636180	22059
1249805	65499
97092	632
223228	1828
551334	5587
91509	2397
1370718	57462
39369	2548
194717	189
81595	1594
26263	548
206579	703
152342	14439
580931	37620
	
31450	3473
357	42
184802	8102
4754605	204004
524696	29176
305060	1103
1700321	8631
739504	21100
3494	161
248006	6080
13963525	499346
60097	3274
987801	63320
1569	23
379554	7925
4817	466
1790238	134423
1921959	62867
84086	199
1342984	6465
200484	2821
1648407	111802
156420	8285
400304	12153
247890	5877
3635144	133232
1772367	20356
107129	324
373279	7545
373795	29028
359423	3509
951419	26783
1709859	18717
111508	4568
519516	11430
84853	5375
643906	10578
740933	20198
266944	24018
23362	78
129278	722
1743662	267168
203021	1944
199066	16418
274249	26842
337554	33630
402275	2673
2926467	123477
65463	287
1161106	27544
1803557	5735
645578	19474
306386	4019
2925598	304734
2201357	24694
1666247	75270
2304546	104020
1777325	131083
832247	8439
991131	29000
5111501	177376
780528	12877
586858	22747
3412680	168805
559573	19462
3003970	203312
3340294	240824
609360	10473
938088	12653
1394388	5813
674225	49314
152	42
124756	1472
2154309	43029
45471	380
656403	24366
30	12
248433	6045
849365	63175
1930982	50603
180612	2582
255488	5420
634600	52372
403114	2069
387685	1483
644576	29669
590171	3418
1172709	11033
741925	2641
294758	3319
679506	19250
83840	400
29753467	1100488
1167158	36480
425418	14540
4785999	186937
295762	1427
138380	4536
58	25
1662159	78245
74896	431
110909	3383
388194	5397
832686	25167
367407	24789
10700	238
394183	2484
422732	851
29733	290
184639	648
318205	13807
55069	578
1548962	122671
52191	207
553261	16397
158796	5452
705169	21050
1239500	85638
153566	1074
167679	562
1676106	23439
2656569	14639
100331	7069
65814	1976
191387	11925
27670973	2542863
161033	2658
817817	22155
6437564	78029
1314990	79983
	
1634226	49650
288050	1794
117714	858
144375	7191
287658	1979
527	64
356091	47540
741486	29912
491113	39786
2281209	79427
188956	1429
20807	25
537220	5445
150337	3698
273628	9353
112705	3523
1622049	116851
12921578	448453
148179	2628
122231	3971
51465	1991
306872	17220
366891	877
26480	114
64628	1511
722254	25041
78681	5364
91258	1072
1361217	107474
103647	1549
151483	3883
16449	93
1472251	7194
179086	6516
139596	177
320476	12452
103642	813
204355	12103
576064	33367
102126	562
138314	773
228152	414
217467	3709
913215	35339
1601302	50581
155633	6046
1270	34
78286	541
262772	8934
367215	7670
2190	96
366266	12994
95588	348
56542	2604
67387	8308
301471	4786
66578	6361
66857	358
307661	13985
1154976	7646
2571994	23900
221020	9282
5770418	145148
217956	11699
351764	706
59963	234
371118	18285
568161	4779
127270	2515
201654	13367
2374619	6590
59897	502
777	99
88170	2219
650645	1912
182291	7166
312540	6666
2844631	369792
162468	7455
244699	4275
1258267	31416
105324	1638
78496	3917
127344	11208
149143	8837
130702	5351
442307	37166
152976	897
10891	657
4373	3
143706	502
220091	365
205564	5226
99627	595
278396	7368
378273	2848
134	25
1647635	110536
588887	1749
83852	2782
49298	530
25136	259
60735	1628
176629	2133
1179167	135476
228848	15183
60303	2239
3571873	13988
408925	30306
51360	3729
26989	228
82496	2492
213298	2596
2521431	92185
255419	3400
17208914	380861
346824	4506
3111226	127079
1080388	42666
3763835	348316
808376	45265
832953	34111
1054285	28682
283860	28089
2359381	25749
599334	24544
1873655	80952
68936	651
1251642	15794
1022200	10113
2379819	32774
191655	2891
2518984	109356
528664	9387
1206939	76553
1017187	28060
1030918	29428
3331383	17697
584991	71366
152	53
586336	18289
2425655	231279
672868	61496
1419031	63288
743372	2594
4090835	185548
444232	10547
175654	1431
2911703	53550
817755	28171
350690	15686
44	11
2022344	136578
202931	581
738889	11294
749538	57763
4299302	256696
1485150	82721
481646	9119
114556	1648
375368	16497
23748	299
256552	7413
1210811	32551
78716	51
1589286	6240
515786	16243
3002	148
678524	27761
135375	4920
205920	3113
115712	1529
587317	3787
378289	26550
277772	1430
69761	2701
272029	1809
1305151	16564
109940	3616
760298	52039
5305409	180303
501425	28380
695072	18723
3216259	210529
1001367	24301
584296	6721
220411	683
399646	13557
868892	15408
505776	25566
296175	8901
93272	1271
196093	5286
44661	379
345210	9198
196548	6192
19094	396
145377	2126
42437	35
99439	7367
98842	4633
740561	6964
267631	14278
161554	596
40978	958
4100	228
770606	124566
2283291	149235
145601	7955
340189	3052
73334	861
283447	1981
4608	223
120979	3114
336730	18858
745358	47231
415611	2763
51742	311
422966	2140
1149806	26711
497800	30410
111623	587
177036	438
340633	3117
4775	33
108786	697
35467	227
416285	1581
157388	1127
2044692	55777
128360	2538
51623	423
140255	13261
116060	2293
236425	7955
330456	16545
118343	354
239076	12354
495317	12044
520378	2934
774795	2776
105604	785
568862	9634
175367	4639
82841	7714
440829	5814
204133	11410
	
34275219	1174338
151767	8474
576275	35174
36647	454
276647	15174
144275	5518
37228	2463
954024	39475
211592	1673
232278	3354
117766	4077
886127	22367
338412	3577
245595	6364
19230	420
294908	1986
1917606	93359
2740505	141556
2266785	59516
1332547	11898
159299	9683
928038	62330
452773	15293
218542	788
293405	8128
119017	1588
267738	2200
546622	8282
270080	8793
59071	4209
552401	29707
92800	4297
402300	18705
344876	23011
29499	303
577304	2753
243608	730
36903	2171
91942	1952
5880	35
383694	20242
1054359	37125
1245064	37740
15076	70
372703	2605
5493	24
485144	2240
9787	273
461364	21186
69957	2295
716516	19947
392824	13246
382393	1803
24575	33
122489	2625
4896537	189739
67278	3557
159239	9727
99137	3750
14086	71
6811	276
4227	199
636425	16173
37736281	1735931
2339993	218699
3670052	126016
376527	4800
1375860	72503
1413458	42030
718902	23180
1644841	54133
389158	21649
1119535	11219
3411173	277250
288810	1214
745341	13487
4334988	368917
1041073	39297
1699436	20220
414052	50860
145	40
1480204	34548
132189	1649
971123	6325
333112	5813
60	7
899247	103760
795966	21709
867588	0
255341	2643
292247	6669
26783	55
193531	658
1988375	83887
1074105	1277
187245	436
992034	77084
743144	59582
1752831	36994
2892333	37118
1296766	31993
628074	13384
457485	26515
118203	3681
1209233	100669
3555289	18849
2674940	112959
197900	2394
828248	54869
153290	1953
532585	3313
28467	1284
624023	18102
261887	648
38902	35
236911	2281
291132	1384
1920399	93800
531816	20846
847297	6347
1485609	65016
281589	8587
12951	54
190200	1543
6380	880
483041	29954
4474243	193603
149870	2691
1138890	74433
352037	24652
5288519	270350
41770	278
952845	30211
532906	1553
279497	720
89074	4361
333283	15614
255209	14026
210847	3601
523485	5824
1157231	21981
3808	203
1025113	36827
500007	15637
312770	11013
355120	29238
103602	57
156628	573
944946	35927
31247	5164
448799	7072
1026378	33918
481946	2525
594462	10064
1045370	8709
409887	2800
233916	10991
78271	2794
119425	2499
585223	18409
782577	11520
181619	7115
2113121	138786
244343	767
5050	185
351665	19035
574680	34705
26282	357
1176365	9506
879567	55000
7953	33
119109	4999
277048	9264
676	124
49620	271
42622	100
25916	582
579931	2928
118378	300
275246	6188
434337	7151
1733528	20113
1425273	5602
1666070	93398
1352003	17908
543481	5342
0	0
184182	5802
568648	7689
238257	418
664702	66546
106614	298
1284637	33686
138406	8931
555314	16935
168990	23804
1341741	28749
597163	4903
285527	1904
317892	14314
363485	9946
335882	1238
122160	0
174789	2259
1494972	58752
73608	673
173149	11187
1660394	6393
208984	1994
229005	7719
75487	4039
245177	733
563794	30765
1446631	9816
3527	112
315296	3197
49682	222
233473	10557
187893	12767
258053	9085
253018	760
3433497	62537
793245	52928
1891158	59967
29831	2591
508632	3892
994404	51860
415706	8873
215375	13984
59590	201
3059	95
185997	2697
120	72
179965	11155
3347975	215180
62404	2356
142970	8479
156379	670
18416	107
102263	1698
120798	769
209956	1993
53939	485
584730	4094
470516	12570
510009	10146
2462199	61260
132070	5503
65924	2492
90766	4592
1488650	8946
128543	7894
50233	368
100319	7237
151245	3705
975043	143966
6243	40
199364	1218
56367282	2157741
5850230	174265
833425	15211
2035994	88097
1183611	30250
1894753	0
1939398	50688
1868531	3318
1650988	20852
2432670	25499
562424	27561
3657886	442915
778309	1544
396123	1487
1371506	18997
806842	75414
2357511	198004
1827786	57103
616077	5816
1717225	10041
473068	7602
3074263	96530
178	47
200594	2042
387000	4916
1294885	69686
3679229	294626
343900	696
1354894	75102
1160888	11719
1614392	36163
306882	5800
5011351	389372
1111507	40728
842803	17356
462523	1661
433039	6294
1063330	8558
295940	2811
70004	176
75	18
755885	39459
205872	737
331220	16032
843333	40901
336146	978
2222937	132072
1355237	52747
1325804	81361
215074	724
931741	23458
545577	16193
463512	10497
644897	33141
635433	59806
2096711	49453
1197556	51644
1304353	23231
391639	7307
561065	11910
248106	8216
241672	15556
181162	1093
151894	6007
641909	27710
12577	2119
306917	11727
274459	1316
655281	3309
736555	15120
123416	3673
368207	9991
47745	1538
236019	3387
2079102	86085
1014891	8647
3130365	39196
585540	7980
563636	10716
224270	7006
1099323	80621
2716883	236848
1409223	33149
363966	2564
153211	788
554214	18615
175660	2152
68967	43
71345	182
138309	3969
160529	2046
90188	1019
362671	12154
729880	6904
344244	15343
1120572	9089
13692	49
1295601	59286
2292393	100858
630614	1717
1820027	11704
433714	18522
292619	17458
750633	20516
1271329	150396
161225	431
300553	8975
556924	9317
301310	15741
148227	7347
755189	3842
109555	614
210984	7134
1049846	9923
274412	664
122078	4427
105103	827
597349	24081
1426035	6407
956750	7011
525001	2643
130290	12647
26569	1448
6093231	279788
659842	3481
450817	14867
79882	1038
1538576	81240
262066	768
198281	2165
264865	8741
450887	33925
93952	268
471631	20454
214851	2622
374875	16795
36190	1129
1279340	79145
333646	17902
174274	3013
324309	499
453371	3317
4697856	198325
2731732	14268
846	199
314119	15998
72919	146
110046	3506
156518	2782
45125	6387
1595860	67255
371037	10797
125204	8425
1330157	42351
297993	2011
262017	12809
171356	4532
438583	21855
310449	499
115609	2107
556	17
4206	244
682992	10738
3765943	19881
173033	4955
302389	13854
530790	3971
268300	14028
516577	1741
75103	2650
264975	5214
1040790	27345
2836959	115671
161290	10036
2243552	13738
117242	924
1153006	35467
431906	57700
56581	460
172648	13685
13922	662
644742	36950
639289	19290
1545509	30594
177391	1461
86861	1015
399786	23366
2179638	140225
184929	7277
134678	12469
77902	5878
198152	5999
16618	245
321790	10150
2440592	26241
59554	1320
66637636	2331359
6296393	633636
6256196	470307
1441878	134906
2386817	362456
2564482	0
8130538	643781
1855536	21004
559676	2441
466745	94363
1180509	67976
1613742	108595
1554273	146689
770038	44574
7374569	198859
2115548	24322
2832084	100309
564789	12479
528823	23483
865993	28871
2083366	91469
1396560	32846
1675450	59362
2325378	5024
194229	5099
1088888	2245
856874	13695
279827	3596
7913	4
3128381	231529
717355	37883
47	6
834157	6975
14634385	192385
4053326	113528
190225	10280
521173	13461
499726	19774
6448	127
669000	31037
136029	1244
777056	8964
352661	3449
182	52
1135785	37667
92054	551
793705	36140
2801054	28934
92532	1176
401662	6963
246178	7205
58862	431
112063	3575
132403	3258
3965961	461219
2560974	164570
116243	3501
74691	301
1214433	34908
44035	38
100529	8215
1901638	15508
270878	507
10165	371
592784	8959
225390	806
499889	2615
203464	4213
523563	26170
23879	674
722343	22579
355478	11036
774565	33591
146657	1946
629489	21299
131523	8952
409767	14152
310086	2234
18462	275
87766	368
123565	3175
391506	11492
743929	19226
815492	66191
286510	1253
1924017	58445
357213	26147
340951	6599
60275	525
414428	13217
2032206	11028
130309	1484
62735	4274
393015	4955
4297	341
55011	3449
323586	21486
93007	4272
131082	17030
401601	36268
588112	69993
261544	471
1183166	11917
928939	8872
452702	20516
851068	42473
449439	15176
1446819	6746
157961	5620
64134	3748
402390	796
18930	791
2926192	149298
2289723	199782
218888	734
207223	4522
13579	75
152514	7295
187124	4677
1623441	17553
840322	29047
1549141	82114
176238	2152
177444	14123
1366086	128789
558223	17534
59973	209
64184	5387
1511919	58915
255414	224
50173	2006
604840	11654
865730	36454
539174	44057
1683925	91286
157562	7931
275883	864
238167	2169
6316	26
140591	15687
721647	28138
627390	13184
157293	429
27352	23
1159003	41620
753073	83810
287437	1481
1761478	37411
56884	455
63535	361
909280	42981
555654	20140
367471	1033
154285	523
1473385	55130
86675	1043
72670	582
90193	781
714020	11230
622211	49605
43079	401
365078	15873
219182	10523
315626	24798
288013	6196
404413	10518
1418342	161742
18782	672
55248	1518
333783	22738
60022	3115
2609695	56915
74622	1242
18947	144
1038435	24846
96547	7630
33973	223
85945	1436
720413	8858
414256	2833
141496	851
62269	1671
5777201	409848
84403	5764
722651	35606
1415554	24077
201271	10184
511772	4585
70773	1415
544889	7318
2493439	58276
518850	35672
56072	3245
33927	66
485805	15392
279877	8755
74789251	2444960
2273723	184339
919029	32985
12310289	905718
3163535	175946
3853829	257475
14197878	768285
1392161	6329
1215750	37673
4057655	490538
396320	1924
7709237	539500
607076	17818
2944563	0
653181	9549
2586655	6090
661184	118254
945462	18433
3884096	206934
3428217	102305
131821	933
2357601	24154
1930621	120745
1514696	63425
446220	25753
1200149	58745
1303257	71992
1005839	46860
53	21
583618	11576
68202	495
119189	991
1048933	41411
204108	1571
311546	8339
1040886	32122
306712	4788
191141	10848
3338457	107660
1297536	2735
180	49
2452418	99479
1079240	16421
19280039	241269
812346	27398
8564338	215059
78769	1330
194896	948
152588	3418
15211	2082
1106283	26607
66780	110
267787	6065
256247	805
451655	3317
185186	1505
267160	6801
3906905	254910
11370	401
1507767	34698
80592	373
1161878	70675
257604	1107
1254472	103121
970140	16369
179865	2436
223010	1961
666138	4213
420624	25650
701137	13026
656974	16306
958200	7388
113489	1532
194868	8563
1789646	51533
173675	13456
54857	50
118715	859
194048	8826
153090	3677
160658	447
64248	300
263359	13009
8131249	343144
253934	9923
1024593	23171
415558	2719
4158774	36029
65364	283
4465426	118244
322685	13761
251421	4628
2199466	12514
92037	4581
129125	1260
184922	8926
972909	10284
81456	3058
112360	2998
945280	7490
566106	14335
89239	4128
173592	0
2347274	193992
61600	602
101871	410
1122323	87422
3420979	191106
209665	2465
266196	5288
775577	59932
3300	126
288767	20243
956995	39809
131717	6387
207239	1275
1380364	17889
122685	691
684222	15777
498249	16228
335574	4366
1723834	98083
2753813	22310
108648	5592
140920	551
975746	39097
3211941	231096
216043	23619
614490	35804
21659	126
150518	12753
54811	202
173061	1906
748677	40226
464519	7717
1204610	74746
9343	5
89479	671
38798	1952
3027415	31069
413615	6413
289353	524
454	60
164412	16078
110371	1757
736389	32809
353214	2461
125768	9461
416461	12888
415685	1491
479522	14260
322424	9152
215855	10312
98412	4858
486719	18322
311237	1134
1304398	36471
286592	25797
95538	914
48573	154
178704	2305
4141739	471738
415876	10657
1626	98
1759333	150479
17570	358
263126	9808
667156	9700
121970	6912
166519	2798
111153	1427
6841274	344443
167907	10588
667827	29262
588597	42099
81416	420
76805	396
74589	457
126014	7995
1085480	5158
136776	5707
107323	1748
722893	22964
814562	24754
5032	35
254999	1966
161685	4084
57038	6588
452311	15969
110858	915
285499	6529
956199	72053
113860	6765
8044	140
170324	12216
246175	853
80360459	2513103
1424753	42541
2538770	197088
5054795	231556
15463329	999797
762815	3335
6119892	346409
743398	127527
19316205	842331
854323	44130
895242	51752
574778	2487
1091340	32841
500008	2233
1368819	40540
6315549	69279
255992	1762
1554500	142038
168757	15451
862357	11593
12974262	446415
4897692	226407
4708673	532222
1176511	21082
147	43
3206396	0
2786049	6957
43640	53
1594589	65448
53986	34
3958427	112354
37664	3903
487613	5274
534912	1250
40959	16
1982884	58476
665956	32578
849246	25960
170145	1122
142797	1147
826676	3710
1023867	20048
669437	12627
115650	2827
333154	700
759954	21292
278565	13907
1809869	72189
523769	19466
70	43
2600029	25449
1492202	164893
560840	9771
119451	158
2060108	125259
8777683	587407
64307	853
22640267	268005
199519	9595
621099	49958
416611	9877
1242641	0
117567	581
435297	13350
887443	80037
1363942	73792
1333605	62959
868849	16083
376359	30731
80329	7977
1421466	17240
9267408	224282
365829	5422
2847270	14888
248438	1134
114433	1592
237024	4699
914029	29452
2414433	135708
341584	11548
250308	17028
1537175	3455
360057	7667
87741	17397
892103	60440
1388010	31247
2474283	137004
247718	25951
358499	1168
579374	40113
264819	17908
3831858	17001
195362	1571
1864802	78749
444397	18086
151106	4407
4496557	268881
96349	4243
795717	72271
949418	63060
1356214	79205
1894772	126181
365451	1118
963490	17289
263785	6313
11982	420
616695	15447
307347	1259
554069	20165
278017	1037
1099012	33315
949459	5025
287732	12115
2373839	60960
503156	8186
492866	3502
307840	10105
130618	5304
594062	16927
690	112
1733060	9498
401391	1920
265698	2136
215664	0
3170624	216409
286580	3764
128377	866
37193	153
818	58
66694	177
3706815	112386
29208	326
88678	13004
761318	18648
159359	20283
324779	2909
46	13
146173	754
40172	188
146463	981
171621	2550
4830956	40014
228716	3937
1255313	26025
453431	27005
256452	17173
316824	5224
197734	2626
403769	2534
205328	2177
91928	3451
21	1
1437340	7173
137407	1320
725600	3674
1657044	19649
162810	6777
162648	2048
191671	661
293451	10889
663301	15624
223547	9714
4123454	206332
2766657	133446
546025	18243
541785	5600
538582	7322
53552	106
160809	4027
4671337	120291
22731	520
816679	7754
163195	9329
104086	4959
873977	63809
179432	17468
1093401	11011
187913	9376
154957	1374
554965	10247
3884407	29222
129165	426
2024	141
221698	7580
328729	3293
848232	17679
786549	40277
592751	22597
977357	29390
385236	1945
397143	38519
80467	3991
2693367	32786
1198840	4716
263369	19292
10883016	100510
1563428	44420
84281319	2555414
3687609	175553
5436462	240509
2686783	203314
17931825	1066375
1310130	66434
37950	298
8258471	414713
15030	247
722093	18855
851150	2532
1097055	51250
161	35
1270477	12058
403206	1296
513999	13037
15766864	498384
1002937	24828
24409811	895417
56	22
794758	132551
444738	5517
1369195	32608
79084	1019
630454	16563
1934996	160581
964568	21087
272426	2082
16754	103
1338294	39583
125817	4350
2121775	99783
229448	2024
307197	4536
587061	39323
142545	5916
539605	30432
2180290	217828
683172	60209
5537836	236522
505184	3654
641637	21266
974150	12634
186057	9450
680123	6502
62230	1965
80353	508
14615	15
389181	13401
9616	226
1337125	29442
1337759	30387
72292	79
154892	572
1307338	22331
5037813	550797
149880	2347
987715	78930
114996	1688
1856101	185209
198943	7986
244151	1348
541315	32585
742343	7407
43864	4350
163150	1227
239226	6932
808730	57516
523885	73683
435390	852
65787	44
2073239	21391
67805	2536
65965	951
661819	10525
356474	11261
84996	1091
2537	49
70258	1207
4160214	115911
1407083	94383
1422265	82608
2150401	61328
88259	319
106190	725
487178	35899
24310254	292227
243420	10374
708453	13068
51598	908
125297	23015
597128	6382
372146	25304
114742	609
164189	1845
474766	35071
685766	28446
151868	5432
1284097	56921
316651	15071
547487	14890
144795	10948
333793	2448
1127965	18949
302664	2110
976479	7660
54975	7144
141187	180
4986	151
208096	2188
503189	10961
623493	3434
68892	357
736064	3552
331367	10917
2817216	26544
132863	4678
1770432	0
307418	9521
185817	17443
265280	4937
485789	40057
46293	168
9929527	637997
93522	613
233751	8114
727611	4152
59324	343
1577081	33885
2125633	127189
4401	6
798317	17753
4095892	18665
3352913	0
167577	3448
190428	780
914652	44025
52555	230
905	58
115681	6054
679067	43968
2923789	7620
137883	2513
548161	36695
1382539	64518
3418879	182993
932793	82200
2195008	104439
1118920	4496
3179175	155603
237436	16572
137196	4912
455947	1349
158331	2125
616404	48244
136469	1729
389488	1873
171598	7723
223104	7377
418960	5873
9821377	230508
2643877	33539
223565	9736
120306	0
112740	857
367370	4182
431929	2545
431929	2545
420839	8607
281980	26289
420650	12910
209280	2188
977060	30492
277200	1214
329880	927
106218	8030
210273	1436
69658	6391
256487	266
1043687	20673
120208	15331
211445	24487
319103	1119
4754601	19229
91560	2860
2504904	138931
17407	541
62403	256
500007	8061
166304	4752
4740233	49646
832981	1186
1758327	57624
652650	43248
1556693	27003
8643326	299732
647289	19851
322034	21163
1654382	5995
176744	1114
1365999	26821
623018	26420
12310226	109118
1131524	18537
2662428	132594
495312	17962
1006870	56812
143	42
360880	22837
225091	20819
777123	4052
53898	435
61	16
301323	8005
858389	26537
993435	7388
203448	2682
18356	592
156940	7835
683796	30307
290171	4532
60577	825
74868	1256
194563	10737
1118314	2963
1666681	45356
1182800	87990
342805	14132
326365	6367
102387	9005
76543	1350
10279835	467926
607190	15136
239087	4299
47564	924
33166	495
850427	63566
40735	21
156031	3204
654686	20787
526866	6261
20546909	1127960
1437148	70235
87450245	2584675
508357	85220
199705	1060
350886	1931
282808	1538
266820	9127
563239	15042
132458	3334
38105	529
559702	13105
2801264	207955
120302	4527
5572200	243805
64079	219
391984	9610
511645	3027
462097	12987
174736	15288
873423	50947
141543	5659
1800293	7335
177262	6883
315159	2796
792371	37116
907759	2412
1162042	26471
1030999	96347
76622	482
4137	79
18658794	540500
74323	1369
470130	3446
1108208	22323
2320713	59706
478836	1458
114539	918
219883	9072
49863	2930
1145560	52615
296782	15343
51856	98
49928	2241
97065	6625
91124	2977
160196	10835
93987	6692
2748611	116937
1209323	16993
280839	17179
85336	1067
16631	292
172685	7740
1608108	34859
456286	26975
196382	2582
126730	4909
88889	25599
184133	3048
35215	1235
113616	5725
8606	32
154694	550
61444	2805
474263	25962
43936	218
211907	11814
318586	4199
82696	1037
1297631	67062
130050	14952
39559	169
2363623	170822
318375	15417
24665	631
29337935	933941
698471	38375
293116	22706
92497	11271
100507	582
541140	3944
82405	3778
219588	7784
1204074	10003
441989	4795
98329	4731
473873	25806
1499741	77353
109939	1172
624492	3120
431966	9039
51655	4308
35824	2684
2096266	167171
87731	248
169736	8359
0	0
2470928	236764
136805	0
298142	7210
59486	289
1475655	43253
192712	3251
106385	9968
366280	21497
351737	26250
844425	137263
315668	2326
96626	238
112020	884
155525	8688
3827	418
227718	3707
249635	14133
766654	7217
129528	5787
29619	171
477253	11470
195052	2000
192764	1582
163352	1493
270559	4238
808281	50746
116607	5983
67117	1016
155810	1791
73685	350
794345	1076
512120	3355
619975	36185
195720	2112
121471	1750
7090	12
17	4
274317	2113
23160	73
145442	8546
1163598	85724
449175	14713
36137	122
532763	31799
114675	6352
331862	6136
15094	16
312003	8600
70294	1106
24784863	1149214
6133557	58775
1223843	30258
945424	1323
1382057	65740
2626520	69894
322344	1728
1946403	30587
9828746	316976
2293929	36397
1698230	20563
355140	22235
3827461	160966
2019475	6803
304472	1527
929390	24818
770859	30182
1106066	5324
294262	2863
16127761	138239
586007	28194
1454501	21043
301280	25171
831235	66778
646353	19878
50632	1190
374892	9088
177	55
42462	653
2686839	135677
227316	5806
289249	2703
83	29
531492	15170
252908	3024
1117573	59830
294554	6960
67824	604
523064	6857
177378	13240
624637	20986
486880	40073
1188917	8303
177236	801
1115384	12535
425370	5578
660509	10046
254179	12664
55056	27
403058	7238
546254	7228
753017	32267
1259902	3199
253926	14350
806380	119340
420492	1807
593909	2706
3420360	72540
65262	203
958440	25786
666861	16006
1733974	45898
30412	262
772368	3615
28682	673
1525550	58343
123312	5314
507832	11032
1176379	77898
35270	2673
723066	18112
154147	1155
495226	15143
418523	12074
354416	19266
102804	313
1365459	78955
3691898	63745
648597	13985
168670	2403
307662	9877
244647	752
1507444	72169
206486	11012
276927	3905
206977	625
1237851	31436
864117	4498
7268	27
72727	472
534796	20926
891003	46386
82591	3136
3216943	196354
508449	13755
159330	5188
718028	63272
2475003	14093
139620	639
5658137	245890
89930713	2606665
966745	54179
188890	16082
93539	3448
127061	7742
215292	6936
12692634	521808
144542	3796
2006685	7710
109434	601
702349	35308
555405	5544
70522	226
1647	139
365757	3051
149752	1092
570172	17578
189228	7199
335732	10319
136214	8261
23445751	1176798
250346	9697
2880682	210988
1389114	109424
512889	17226
892181	38869
149662	288
105782	1088
730726	15966
42240	122
1228537	27302
521751	21774
1002721	38858
742320	13506
465502	7252
3457431	133373
510228	11897
172712	17298
1704485	59416
4776	97
275333	0
295994	14275
53897	5731
1183697	53691
310700	2616
109643	4523
1774746	36071
1180029	22846
52494	103
149737	6211
244211	10875
158177	9100
2949529	3905
564675	984
594312	38091
160829	5732
254592	3846
28	2
430012	2634
44423	228
220228	8179
290660	18562
653687	32465
222813	1135
81362	333
1005687	8439
765085	3581
69743	1503
366	39
256532	2072
74084	3836
147944	6843
396963	2178
48059	1103
96458	406
216134	1737
31272	4608
1067113	0
50525	710
209123	6975
237769	360
389046	15024
32777142	965597
328351	24374
143407	14694
38227	827
509174	13555
39684	169
213528	3482
67536	2375
1136152	1853
75839	924
52611730	1891822
3901200	352176
1606486	20827
601001	67459
1458368	109703
7080039	63371
812134	42541
1809772	38632
2448996	52861
1014278	82451
2489141	26177
270687	3771
686195	27524
1006519	92309
1147171	16311
865221	21736
448143	25365
1042230	1418
10558591	325481
373599	1977
215574	3941
887135	55552
2873471	73267
285940	4592
218137	13008
144609	1584
38	27
2797574	42052
299090	10126
107200	10306
26221058	206111
364634	1718
200783	11393
505235	6326
4851310	182758
197	177
284163	7077
19418	2158
1423146	20731
1050738	66076
178601	10727
1437840	6676
520784	2070
539141	39662
883421	38696
1195031	62345
538214	12085
387852	2782
186018	4086
63277	494
392332	4130
1944064	40715
1421502	68973
3288900	147638
4565455	19756
1077196	12991
1231855	21698
62776	1333
371197	22769
10603	339
457974	2425
1032261	26061
135608	5128
274024	1350
113662	4702
726292	21275
207637	2922
3600817	33171
1654526	9266
351228	11870
26677	354
17427	55
51334	3295
729391	9994
248718	1684
734355	18617
66726	3323
214800	1361
621469	46824
893896	18288
827200	58574
831054	31508
187449	1429
973452	73303
557678	4127
397717	22398
316603	5168
175534	13509
198283	5650
162102	2479
117985	7130
650901	30086
275053	23917
116855	5258
303860	9539
323658	26304
496896	14667
1292609	44519
942015	75363
437979	17508
9618	122
767222	22762
157231	617
187302	2945
310682	1807
1796416	219930
47517	726
101536	1552
1629316	9433
737050	25304
159194	8224
100920	1428
1354278	58865
80635	560
272399	13293
4198594	79111
34073	312
70186	414
732334	31193
7118	53
1065153	21795
471794	34187
287188	8955
9075	30
71218	262
148055	7776
407546	18812
166788	675
31589	235
470268	4153
90786	2185
98342	1486
646093	17189
236697	20958
318128	2140
165224	2548
166812	8796
1510990	16811
725531	57536
48883	491
115586	1989
61562	840
34082	249
954327	28499
43139	3073
4189	222
35765	3338
104292	550
15087	266
1280783	113564
128344	3830
160665	3399
635765	7839
415846	17650
76987	361
81839	800
482589	20086
14901	1323
89680	694
122543	892
8425248	233739
0	0
146400	1592
226824	6987
209605	2692
483905	22873
196881	14120
107553	6004
140729	1763
2223464	7271
112595	347
714895	59348
37789	1253
4958681	76327
181427	1596
172848	17850
19003	841
610602	22554
319906	12956
107052	1060
101559	797
74080	222
3980166	215576
49055	1540
2113880	20952
124208	3212
279820	15283
3270	399
154513	7499
191160	9060
370337	9077
105760	860
125921	18373
249263	2280
361145	11017
18184886	399207
75969469	2251826
6896028	513555
2537980	149013
1696948	196533
4531623	228550
1358604	13226
2125916	24935
2544249	221947
795899	17046
1388707	44932
1271547	57530
1287342	26557
1236676	96366
1417921	45508
3071933	69099
1317001	58227
1473350	115727
1288731	14665
390792	4678
1162273	91057
589210	42224
2841875	18082
2872226	28780
690451	18128
1560395	52039
251594	18199
968702	106959
925938	22734
54	18
389888	10016
1440763	71987
40274	109
306075	15986
1644006	71460
645101	5272
441764	3483
280676	4752
642342	35671
339021	16314
686188	29542
339884	44507
1091129	1470
586076	7118
95730	6944
2065201	108923
267497	6448
472828	46584
108664	1510
950955	57902
534807	16619
92778	526
260352	13872
403990	2133
11319116	334495
890400	24494
126	167
165639	5577
563191	10919
102699	1977
232510	9315
487745	2938
408859	11714
6279586	209694
3824981	84046
1076087	28809
259867	1553
1800253	24024
117181	1477
107840	688
82457	3509
3969182	279200
151928	15151
82678	259
2406714	89527
90060	512
265711	5685
15316	141
424555	20975
140616	603
533777	4956
1091481	41907
130749	4802
147623	527
282617	2562
545550	14396
701598	17011
566874	8176
129420	19970
533590	37516
2363947	45374
396239	1804
195933	1151
270256	994
884351	6043
1735	81
1882810	27347
480281	7256
222750	13629
222228	855
39225	3340
360344	13303
1225452	72284
694808	13307
257133	8570
35696481	260516
12155	465
114429	4012
351695	1815
371674	4126
314835	14733
190463	6467
960816	8639
3784250	155231
1544363	7027
1392641	14187
174027	6014
130416	713
317710	2226
990527	66220
110354	9219
1077659	33332
313921	9493
191031	2183
42805	265
334142	8843
5559410	21911
1374811	71930
259834	20990
196114	3962
601776	6444
1171564	21116
3675189	282260
0	0
124745	6717
163473	4289
10153919	247016
214762	7747
4484462	42459
16400	973
864491	80631
1801390	9583
61874	4322
3952	118
236726	9181
63271	3837
406	25
1259178	24067
265765	1797
554511	21235
727370	50908
8646	39
709393	17883
213376	1103
121681	1385
410646	3909
609641	15184
207155	2733
194115	8862
30472	390
211161	14484
155361	3739
202787	13836
3029189	267850
1111583	26748
217744	30185
440824	12104
72133	2355
754421	21759
196048	14467
211360	1848
338773	3911
598594	6347
847817	20217
868582	11205
552964	29134
525501	2514
94733	3424
50653	4253
26117	492
167650	13717
182664	9449
254170	9568
1014674	74889
749158	51420
322714	11798
102298	4462
233279	6153
238255	5780
106103	3932
86870	8662
158549	19759
111258	1228
89745	1333
526070	33355
732891	52779
1105691	32380
24856612	466879
8404844	341149
100911567	2656678
8991293	608301
2707816	75663
2090215	133668
1225596	18085
4532571	34141
3090438	167927
471316	47502
913454	28970
1082328	58291
129703	1140
1164027	23561
4936575	240715
3830500	282778
1715177	15443
910317	6340
2406040	26845
956108	19263
4439926	80262
1432742	60987
1369272	60122
1645836	47771
906927	59002
203274	470
1933601	63250
469721	27308
1386188	27478
435938	5119
1486505	62632
369050	6971
254105	775
1793476	158750
889066	56505
1508280	16037
1645296	124011
499083	36695
290295	9309
838551	50337
72793	111
2209894	66089
253224	7432
837657	20576
2606375	99057
118494	4919
889955	17752
196452	9193
123899	11030
73	33
314914	21392
335230	17389
5448470	313981
506575	7509
896784	77560
331375	10913
585497	10973
1263423	96639
137	419
52243	139
139661	1243
269145	12202
154183	6062
507302	58748
9600	32
55095	253
144061	5321
78313	1255
257093	698
1867308	20936
231878	10143
70559	5558
497253	20214
184826	2745
322006	5585
226770	633
987847	23889
184096	4333
96330	7880
205470	4720
1981596	76916
586433	11681
200708	5074
409343	18587
26159	667
121612	631
2944326	132018
110064	3367
12306042	342825
141263	5062
405236	12568
203838	14130
959996	5705
140696	7216
473996	7901
427529	2529
472722	3709
184159	1843
813511	21439
403151	10621
1048786	4287
648191	54473
242715	27065
762526	61120
201271	5521
350468	7526
175744	352
458758	3571
742278	31020
2417	123
263668	12265
128912	1432
7159785	372691
1872412	10606
147069	8808
186790	4803
1576014	10129
315495	5221
1472554	70231
0	0
124075	5774
719129	13513
5584610	107521
218876	3349
171031	547
605430	19963
45973	436
367408	31300
125370	1117
888850	25029
149166	663
106965	629
399761	19118
241671	9868
388927	1807
37008	1602
1351256	105908
123851	376
661523	9084
160756	698
787699	18426
218549	1474
837787	49885
297525	3950
269483	16479
128926	1670
1690498	15272
239763	8963
184756	21816
577516	14119
601081	25478
223484	1164
599480	7253
2151470	11233
21607	1614
310031	15464
122404	359
35148	273
2987961	98248
19777	204
228186	25204
186186	5009
114681	9929
965084	25544
254140	1303
441101	2386
139800	671
59503	2392
43732	425
599202	14850
114640	5686
119806	622
854774	9566
623879	11693
430606	4624
262525	6542
257082	18097
331035	16274
109259	1351
269562	2314
558362	8133
1026357	51668
350014	9994
66213	1464
223564	17882
259590	3924
354618	20333
334138	12774
481408	29156
564971	27507
207814	2451
1079260	88844
62274	1291
234956	25354
367462	11609
111139	865
385608	26679
2481489	171770
29473013	502661
3437722	91338
113876217	2811217
1949212	130809
11300167	399205
3614182	30934
11468018	721589
302493	14440
3450776	86753
831311	89800
710115	35050
140726	1405
5224475	43003
1958213	91925
2354599	143680
2137830	110551
1385907	36714
2053553	226537
1135156	39256
3437882	179800
1240781	4143
470875	803
1379175	23626
36	31
1369971	26162
490973	13159
2917960	78645
678272	19605
130378	170
4425490	307055
984094	6668
1895337	16244
64972	3322
284637	9632
5098736	246236
678474	9026
430200	1237
219431	10327
242392	10166
73826	1299
597378	2169
620981	21437
130517	5706
359210	12973
5083741	84102
134473	293
688274	5945
323347	3158
417276	10292
858674	18889
141897	2502
510468	8243
176814	6302
1693791	121353
1279985	63959
629386	32852
797558	25994
660442	7660
3635720	145507
125079	4926
299529	3003
237423	14342
153604	10140
186437	14167
730375	20282
21031	169
1423158	61507
1092684	82327
3463867	113652
450811	5821
158998	9544
97129	2953
1747028	48804
2905672	92791
186257	7567
389733	13218
374837	5538
196978	8391
2257122	182334
151788	11446
1487	91
127390	9596
89332	3053
474458	17556
1694162	122467
72607	294
522588	3938
300269	6207
2467562	10330
1355305	101988
160636	2531
170154	14794
525869	23332
42653	232
458075	5313
163	517
59626	1560
2384983	125016
1221337	126960
281377	21682
1623066	16690
1415931	27781
111777	7845
2424154	69744
1733771	128518
442510	1295
6307182	331264
296745	2898
140109	744
968587	60301
890455	21227
182230	5036
71037	2660
184683	4584
991477	44912
52409	223
25518	204
393835	22917
1562989	7744
161392	960
161379	12015
1572813	11609
543838	13833
39682	297
442686	1976
117124	5587
352300	23264
752047	13216
2324929	9539
112025	8651
31317	680
317479	1037
90508	0
1593715	65278
449845	32168
3263805	14275
27968	380
144246	1259
561430	7983
56865	151
868	74
253825	5200
67741	1979
667789	15209
376819	983
333959	21580
97907	297
1578462	115551
70526	4014
183661	7927
32762	2236
57346	248
2376157	285475
240301	16833
510594	2983
550841	62468
156090	6995
727213	59825
407870	2108
350846	30392
134581	4791
236543	12538
123739	683
257196	8407
699257	12767
7822	69
115671	5580
50983	6593
631793	3142
362629	15087
9863614	423529
206349	2230
222146	3086
218311	2003
122759	5741
31464	2004
37227	4093
31052	1399
3366540	17522
47072	1584
287216	27817
47915	1544
563127	5487
556056	8733
460186	8912
75299	395
62865	9097
320622	32089
92936	5759
454025	1801
129817	7512
200459	785
3121	44
957494	36078
3734379	216725
7323028	138567
7691902	761854
3249464	195122
4242835	238505
4117084	404720
798891	24320
11028219	652331
1209120	114614
2384937	286418
1369125	1061
8354444	48655
32814882	523448
13934414	440304
1495447	45548
489367	30568
6226815	127352
1999828	24898
13241801	793331
426299	9690
3138669	147732
512354	12829
191017	14333
336852	9684
325008	465
10443	315
125431369	2912715
357261	18900
1704137	124262
260671	7103
363466	4681
3814743	91439
222651	19491
616781	0
1589924	85179
35	21
154501	1441
297841	8982
1146663	10128
1374145	118763
2523008	121431
1598133	49160
762676	20744
5721665	47679
988212	24057
211318	11402
740761	24314
134322	5540
2574963	253710
726616	8526
2462247	147894
567722	29251
1521425	38523
170370	9075
441105	29866
467787	23738
198929	6499
88826	1478
629649	15905
90094	385
151206	9700
1538297	5486
1546076	25407
134868	1463
333031	1748
247888	5835
1192547	8228
328862	13645
1741585	110001
3734173	89881
843359	21590
24719	198
293360	15533
363270	13107
130199	4739
3645650	188490
301738	9199
576891	927
104842	335
526238	17206
168229	568
406346	12267
61941	795
4693	205
101340	4280
853425	6996
796126	4342
92359	1910
90955	676
310934	24835
59380	2743
189000	7217
539500	36805
6674	296
6322	691
511628	3799
336781	13061
126423	912
1478266	27415
27604	587
238287	6750
2083556	137758
1254522	22171
132451	7063
394845	20333
57635	1015
227840	12881
132359	5787
120545	568
152397	452
228677	2440
365286	4007
323420	12350
1099755	7277
1861	129
552998	36734
398050	32902
49119	205
308745	6497
145527	11466
4821151	53095
298203	10621
149182	184
789959	9858
112906	2420
392585	26322
4674082	315713
56972	7781
298316	4127
211582	935
2005172	13775
340043	15793
188986	21682
2069416	16895
509824	32500
20687	345
25445	142
75483	7399
16308	406
24349	1144
	
199402	13423
2580013	10638
209109	5486
42360	2580
2000193	135474
50816	9924
4396801	158844
256061	3913
173162	6002
232595	517
82756	329
172968	4078
165332	9051
1445006	69008
51356	436
84957	933
56344	2021
13935	75
83191	4351
31249	1841
942021	39723
568458	8730
167183	717
217241	14359
66498	2335
13101989	475596
5048	126
877772	27504
94492	4805
4320259	126421
1339062	94179
62405	1997
175826	4432
1703187	163018
392	7
89339	10595
642578	3740
41734	179
133502	895
240927	21430
586817	7136
626145	31077
308515	14576
49510	310
76659	2670
202635	2736
260907	15441
17564	203
44496	1820
1569675	62664
22264	28
228	21
8267018	367668
9523267	154282
1299377	45957
2722055	2767
991776	54086
2880365	182111
2578951	75419
2638376	68384
466511	25226
3964598	223570
5767423	513217
1314496	59284
9971154	836364
1279270	31676
4032475	226421
13532	2221
724158	38099
1361548	21397
18195959	754793
584072	45379
1242249	18731
719962	23272
152509	23374
3123081	336797
1314473	119509
9869675	54664
383598	559
600162	13709
1151705	38994
346788	9464
294723	6576
3985586	171235
154318	308
153663	1073
926292	68944
337908	11397
606809	62973
698390	23897
116577	278
7202196	140322
11522	493
428203	16042
16824026	478518
147603	584
135523	2154
1742827	52055
207893	4311
294275	7351
315738	25194
279732	8216
132582	7639
398785	9568
568156	26863
35342725	536651
99424	1359
1291753	12586
711614	15795
226400	15914
537602	13700
103454	6571
1144752	64551
2264498	27615
207321	10824
522009	41973
186866	11133
59	28
3022822	80308
532743	33095
144861	1468
498289	23661
413026	17925
196471	4597
275125	794
80245	1100
16621	405
205380	673
848831	0
297923	17984
577889	9452
538005	2645
669639	24283
242329	9946
344201	1284
117875	8796
512262	10006
461663	5345
119250	2872
552037	3747
1979663	136565
162047	14198
14228882	831516
3104	25
43	32
351020	2335
357192	13652
351467	17533
3820	140
176552	5859
884215	21183
132734	5822
82599	337
720359	42509
1040785	34365
137843120	3014479
80510	2858
84383	3112
1052441	25146
126089	10339
351972	24923
150096	8616
154651	666
1440908	124111
1096040	25270
1620838	85943
239115	11376
118304	7259
87322	1589
719776	34395
481596	2081
451694	12327
28785	99
200808	14214
366740	4477
57566	343
507588	3856
881211	37747
125316	4714
154803	1444
100691	270
75332	1911
267011	25483
347041	392
69678	4598
807362	25703
351317	4586
5952978	50247
2640843	124924
767268	18513
2755971	261198
265023	7478
3144	4
2072924	125072
197588	3105
45877	378
101576	12936
77534	3930
470392	21233
104165	1349
250360	13698
244248	3077
51310	2456
32813	3257
3505	345
1308156	11198
28469	468
27499	687
32329	436
162682	1015
48758	135
2526557	150418
172969	6328
1328518	8472
125984	1016
149428	2977
269349	3272
421349	26174
95302	1486
2311512	145033
499121	23413
379027	4644
1768986	27627
4550983	100242
795510	46405
18	5
95722	10390
117159	701
53086	615
311569	2247
94214	1512
510848	14214
1106464	65739
92484	4065
39641	536
50109	5051
199062	8717
395133	15312
114465	2532
16316	531
1567714	5861
72285	887
59674	1609
1221439	9549
27182	2097
216664	661
122461	10105
575	15
35348	309
1563655	70024
2116137	260375
3426096	4528
1582168	152498
963043	8520
2110582	15604
10370273	161252
1436881	48899
1104195	52956
9387347	389347
3018080	82234
1517027	22765
404183	34554
2152634	124552
827474	18845
15345	2819
3046060	75036
5669510	57354
1643535	65976
3495663	198519
311961	9723
569751	6321
790541	19594
1041510	131128
945978	44950
178643	2112
11767339	882821
764775	20132
294040	9178
358618	11763
236132	7430
549692	12754
772143	17209
1559428	38250
277465	14741
492951	13322
232297	825
23584659	806413
618753	38231
831514	95727
1724589	102658
4487786	241768
396540	1098
718314	29253
51	16
305978	17120
182182	10867
4092645	227376
1744405	96769
258980	8191
1615231	47025
181006	6594
172845	1895
4276937	179036
892192	64821
677468	36075
759466	16443
191773	8383
1075224	30158
299914	15112
231123	15491
273263	1503
151883	4640
406963	15785
471926	9560
10907	68
13366	559
406981	595
371491	23729
235123	1999
213421	11616
690352	44656
915956	59579
3420362	352707
10733868	59008
138731	1422
609769	3245
5084	196
139084	7797
68118	222
2256063	11096
177164	10284
391240	21485
193264	11835
221664	10735
173716	10908
167244	328
190959	4203
294324	23813
1405612	6826
76783	3921
3352	257
820969	43102
410184	61238
57159	326
209944	4763
337827	12163
1056518	36146
314731	20348
20136000	514356
234734	5127
95278	1949
1020652	66814
278030	10151
150706	628
346908	46724
342738	9735
172041	585
710585	48377
1844287	78946
961346	77731
518697	16414
200462	2882
7894921	149667
140609	17269
625693	18657
1480096	73330
259480	1707
124338	8194
161120	17096
65699	3051
187538	5969
249204	15364
289914	29333
90104	2054
110229	4093
4274144	29062
523933	3700
1355333	27086
222920	12090
17937	478
448967	93717
290091	808
1895102	54922
463072	4950
87650	4897
206412	10100
493348	17150
59061	549
711989	29602
254078	19872
310972	29163
158467	2246
287120	22476
22978	2169
33260	1105
137293	7573
11068	287
78613	710
379835	13286
804690	26898
142254	9828
105539	3346
680524	20144
15860214	131887
436664	9815
788997	4762
1462747	13474
40058	444
21282	503
26315	2286
6684	23
4924890	97854
741935	130136
571637	3131
3466	203
1070885	33232
253893	2420
249950	16936
127927	1689
483708	50780
879364	35074
207656	19837
132144	2778
530168	11890
299567	8602
66525	295
197064	11307
968586	0
36971093	544117
218870	707
29494	4918
119277	7434
211559	353
299167	14695
54016	5674
103940	2768
60001	4980
236484	13648
19169	444
1136235	47778
38545	1939
221977	21025
151045	632
89821	1177
1093062	69379
1753172	226056
1623081	88826
1143305	89188
3819497	24081
3998051	5855
8063475	299590
1697140	27878
1171005	10749
1298816	115708
579499	13740
1832360	23595
1290117	62775
737557	25002
1288346	58093
858145	27602
659293	66860
7012906	84311
237735	4428
2500099	282313
543967	74299
427245	15054
649781	5505
941547	45326
1512204	50662
293965	5778
897442	17019
375261	1268
729187	8448
1297740	63426
16395	3258
10109758	399989
10693769	165082
537446	38619
60	39
3165858	84293
365526	11012
4190444	405380
2906867	141496
1084191	2060
230923	1967
635190	18475
1342276	75114
1875029	69281
214674	5011
878	94
76300	1266
1269078	83032
276511	8780
676973	26669
123956	1212
969198	24003
603783	3307
323923	15442
405193	41256
389464	9710
679172	28102
321558	5858
3313280	80589
3967721	211190
294225	1554
319334	17602
1295190	129262
118946	9469
381083	3844
198102	2434
433341	31245
13447283	917951
81101	684
212542	8187
119715	605
584519	2929
346166	2935
300168	12904
1808546	43924
1638226	50549
986159	34879
28475675	850681
136671	437
16408	258
116209	1307
18601	104
2389019	117743
154098	2395
997758	43375
41231	308
88186	2304
70320	2528
1680195	107171
245110	12280
1414810	102466
180860	674
385846	29226
234891	14017
7209	358
144241	799
143230	1229
237591	1620
161792	5435
261577	13139
170083	17501
253876	388
215625	16334
150265	599
345662	10110
4367075	15997
67640	6854
1049407	48211
450901	14286
72657	3360
2933968	100131
13991	1447
245383	868
67451	5451
178709	71984
220583	26048
336372	1911
99603	625
125779	734
364900	9723
602377	12409
537080	30311
2144580	117050
1201116	5676
185398	467
429818	22591
135064	2676
636610	14467
575253	12099
40086	2030
396596	19247
189282	20740
175409	16392
10119	54
299419	11084
787752	1488
72373	3198
428834	12927
122409	852
537527	61584
1301114	20368
14556	610
4423959	182958
89693	1078
224760	8597
104816	10596
635352	9978
30731	421
272590	13298
261074	22360
950853	46506
622605	70872
371204	6572
93383	500
4815667	251314
903807	46459
7650	200
369968	13939
330634	13031
259756	17948
327013	3637
214097	2649
418317	617
Linus Tech Tips	28
60753	3178
69750	5787
83571	2193
931226	115343
131958	13084
45321	467
29	7
284212	4178
516162	4041
3615665	361569
29097	860
536044	10114
159115	2669
88409	4933
105654	246
55467	2520
183622	31507
47781	4031
1092539	27133
321101	23560
93468	774
556516	21611
110625	884
435197	10217
292123	1957
1237816	74795
224987	999
171804	3552
340881	19829
121599	1150
63210	4709
596108	32603
167847	6799
186712	6831
396346	3781
5988303	532894
5119790	412569
1862809	93733
1668576	32948
15008459	268737
1867553	122289
1166974	22950
2368132	111659
11193405	354639
1339645	3197
378747	5953
4331009	26499
259328	6106
1684275	23285
3085913	317124
1646541	75269
1822507	40068
2272019	164695
1659961	74745
4425604	6947
2400645	90786
614595	39764
1371115	61951
169781	395
1233698	11433
415049	26998
102465	429
7605524	580073
703656	29951
271328	7580
1337906	22027
1039629	35225
1141007	92966
565519	15023
47	35
472573	13691
888651	24405
47527	3665
757804	35596
303794	23867
979811	105830
315776	5232
816589	6926
11415639	95395
1469528	59546
249107	15431
239032	4288
49167	197
1453008	53937
207718	19004
787821	92254
65043	4158
27934	1675
1046325	23546
362894	7851
297180	4870
530248	31186
473531	44576
289831	26386
154659	877
5324541	101646
463324	39743
289859	1526
1230717	127943
97695	1038
80638	2809
269761	2879
47078	937
455452	4976
493279	45965
17064	3461
788386	8775
10954361	410531
231052	3826
3617888	153760
843174	61952
181763	2719
207359	11836
441105	19226
458499	26720
847905	64309
214558	339
708519	3961
118884	983
347144	14049
378262	11382
736249	19932
855787	31762
392289	18217
131763	11841
700248	17880
610214	3572
121685	1697
121422	3205
1192532	5707
417088	24773
159327	2859
92471	4284
67667	248
1197223	29654
326370	4193
503420	14381
35532	486
150414	12495
1128702	36287
219597	2138
312566	26395
205883	916
55843	232
707290	43738
557912	40753
2134298	72270
1737133	8520
4371293	223814
224857	26206
88600	9979
151578	6933
920344	83629
136608	2069
1306	https://i.ytimg.com/vi/VdHsK1Af7LM/default.jpg
143254	1036
434744	55447
1452265	23347
354173	32103
22474	345
78	8
404994	10024
139870	20960
1471882	50894
48242	729
2967625	182453
201793	36771
137635	605
911957	5615
792126	34008
144415	11062
287944	243
18757	573
1558058	51874
338648	15078
10981111	168334
383198	18581
335728	47495
319768	7433
403005	15254
221700	13693
117523	4338
1419056	138085
168718	6414
140879	605
1186837	39090
357416	16494
6007	178
371606	30235
67464	1831
63312	2552
36305	137
171046	526
51752	3553
705511	16305
394561	2188
1492821	20334
411085	10375
395891	46011
33896316	899123
243004	17506
53126	2338
2244346	130448
103509	3384
122547	12626
330755	8470
349669	1288
340156	15504
205112	1105
15313469	953734
410382	4709
35436	2343
27756	1218
273299	9702
142166	777
99348	3521
1976572	47253
24982	148
317391	39661
143282	2771
47693	392
239792	1329
211521	6958
248172	18027
1862879	25760
567597	2611
526662	34196
2532299	122765
207350	3783
423760	4141
233879	10506
915014	42599
24597	1409
10999974	718509
415187	1805
424273	5205
1323143	6190
8452171	525522
1951981	225433
2191499	179544
2114724	38171
575277	7877
463016	8865
20620951	350847
2026240	98457
273623	551
1239052	84354
1576814	27339
5328188	390343
1945444	21063
899793	35848
14540320	408850
1008872	54739
2259310	135169
273934	2266
849535	1243
865215	33376
649723	24138
2095564	26616
2672086	122079
2059993	84463
989831	38142
101189	5827
313681	17565
4613419	27999
3397099	333296
2171350	81443
1406551	60947
249464	798
2627329	178011
1778496	175861
139328	526
837625	18857
250672	949
448221	24349
19	12
534133	24934
373642	9269
416216	10165
9568171	648032
1666889	135494
751480	40249
92206	711
279297	1502
503743	1526
375122	5790
1090142	48421
1560188	24214
570165	44523
492513	39615
606706	59502
472717	29049
639101	4304
61393	96
161287	1392
247280	3639
812724	25490
1401141	99739
1008212	26355
954654	5574
1227728	96815
110875	3523
1670840	114682
228152	5688
19675	432
567499	7642
140982	9916
1625876	29295
600154	3646
1401795	37755
176157	4392
13940642	121444
313987	21652
915218	6788
852370	61138
1200550	37632
146512	412
214447	10958
173681	14873
813017	18394
190608	9041
144887	9568
624416	20845
690949	51181
961961	7955
786	72
273127	14100
50475	2057
128011	3002
277684	5835
201146	2162
281717	21521
142136	598
20732	4057
41765	1991
685556	10374
215026	9244
842207	60586
2006518	61012
369195	5577
283449	5550
95997	260
7520441	124808
761723	37961
1282041	62895
975928	116301
145805	656
460950	32658
142852	1144
109910	6300
438242	9359
155323	3245
117315	6147
283192	8609
54946	4609
116140	5714
184538	14386
734425	26994
110787	6464
173345	672
226630	1617
478960	61506
229866	12036
158240	12056
1340330	86607
880663	20324
279793	10242
150585	9263
52232	6385
28976	269
50047	341
1759743	60523
1187128	75762
2884	103
765059	76989
2370859	18586
262720	17715
13526	551
261585	3706
1083694	6096
717581	7361
213001	9801
197179	5659
1215256	17016
314109	3140
182981	1265
591012	28721
76359	661
357659	3359
886535	99029
200668	10322
278076	3454
638509	10851
492337	5402
61483	355
86326	8154
571877	21895
800424	9066
742346	99280
172107	3273
229314	2960
92010	1169
45347	424
774153	70336
208633	26784
98126	4415
673851	44062
74557	7559
0	0
324230	31439
89038	880
924	45
162381	901
242406	3875
78151	2113
270546	5146
88251	1386
145050	3853
307658	2703
30684	2321
1812	187
98258	962
29487	310
979151	35585
419367	32416
819350	8928
336169	1539
59769	557
93727	19041
494340	5238
442145	2251
14815407	829222
3504335	17481
3428335	326547
3519320	243541
5275682	578220
662308	8100
11020054	599696
446526	5467
1447864	68262
1797696	128143
393673	6475
1593564	107605
2298499	24275
4466616	35670
694597	41540
622284	10484
1328540	47502
701924	9439
1405827	103776
1889030	111441
187208	0
2333109	40493
22497031	381477
1337780	39735
580009	23706
641801	20096
7974053	451510
240945	4490
346391	2602
1186197	61469
322093	1434
17682158	449751
134332	9241
250966	4453
1876028	31084
415450	20578
66273	531
417825	8872
261135	2186
2637126	144991
149207	7571
167982	8888
288418	2136
2102303	100910
212438	12343
1987575	32375
242383	13391
766582	36157
184735	405
153025	987
628756	65505
104576	129
867776	1387
1773466	71594
974802	16288
1133030	42400
637195	24685
701821	21102
252176	3635
666382	86857
603814	29492
73361	3259
661431	12910
60	12
2347065	27812
336058	14537
778099	31769
281649	861
2509223	225078
369627	56007
253532	14522
1189	132
2626574	89482
2983150	132086
91755	7618
1001704	73103
76644	798
323299	6882
333182	11812
2545104	89823
839107	69489
181392	6702
2795001	184220
64636	336
4895490	29533
1025352	6274
3516197	339692
640051	22227
209008	1669
184240	4617
236662	25725
328291	12200
165832	587
939398	20137
182255	7705
65837	7610
212812	5885
539370	20230
328121	12560
777993	52776
3106001	103954
6885	398
11375606	692950
198797	16686
611389	2116
443633	7072
448835	5808
217562	3723
563404	23790
305959	47782
296093	6475
877881	44256
421701	10080
396947	2257
1729622	108586
143030	4699
175389	162
414938	1828
520829	82150
259248	15580
239060	15908
27187	486
470346	12178
873755	87263
442711	2388
1284915	55039
33441	254
257912	23393
1869612	143097
210009	18100
74945	4178
951207	32916
426141	47505
2276349	139826
191209	1810
1553964	12888
96339	410
641	61
173834	7731
111783	676
534278	44454
507129	30033
86107	5530
1717458	25917
28398	1151
8285	673
31746	2532
40姝叉湭濠氱敘瀛?绱犻鎲旀偞鐣ラ’鑰佹厠	鏈鐢熻偛瀛╁瓙鐢熺埗鑷充粖鎴愯瑤!!\n鏇村瑕栭牷锛岃珛瑷傞柋鎴戠殑闋婚亾http://goo.gl/hPi3w8 鐪嬫渶鏂拌闋诲摝"
31610	114
712598	9058
390673	17467
3947934	23722
182108	4726
807767	16549
154591	2470
428090	3709
366105	1256
90810	745
171	15
144739	7121
15343697	129211
321826	647
223009	10842
1739185	74131
3407345	26882
54171	2890
240500	5161
136410	2619
1085073	10457
287009	952
801918	4262
432748	2020
340044	4979
213301	13124
124599	7629
22133	615
610561	37801
805361	9909
260	29
213802	11511
571529	14324
1592973	166117
71324	4139
33	5
37614	2644
2192403	64926
1270920	98494
247787	35976
39534	1875
294826	17538
25128	2892
2058428	10475
1512196	39546
96459	2724
917741	19684
17446067	891116
1360811	4973
1027691	125035
464026	2534
4373846	23523
2212500	107229
3893722	352215
970666	53810
677636	119246
6885130	645091
3947122	258380
973015	11426
985147	12219
13429202	656774
852830	24412
1424196	111413
1105	73
464130	5549
1426192	63901
2825226	102538
1582083	164355
546840	21967
292768	7966
2078841	18220
1230845	118305
2500589	157517
2632768	150408
275223	9489
1586733	163025
3017171	28367
432760	9959
305317	44324
880532	13462
114421	3893
351561	19416
641724	60853
1762397	55997
632993	7802
5032094	38513
775954	12208
275297	5237
873003	8362
79972	1073
1246572	16716
868210	13298
170370	3012
194376	10668
860820	12939
2212610	121866
1495660	47052
2133002	136425
58396	2334
4153	293
1481790	42487
24065621	404788
1405375	124826
123675	5375
1756384	21868
148830	13837
2522349	42438
75314	582
939086	4680
1472180	138892
517004	4740
2214835	202825
432076	32801
77697	3241
1360478	67441
9429300	476855
428666	12997
144	105
511660	50395
333895	5334
75363	3631
1629871	159941
37869	551
371435	2704
283305	1287
362829	1687
300947	5691
219010	10461
407802	5122
586150	41782
899815	25887
2092066	33584
56174	1073
564392	26602
144788	1175
367391	2787
3675	36
220302	12690
441036	21358
129769	542
1362	16
219531	2341
116665	8067
127766	18513
20956090	488364
8043	879
165739	7955
257279	14692
186919	9912
71424	6183
301903	14665
2865979	150411
473018	2673
229334	7180
68305	668
966341	29904
133	10
758964	27620
741658	8445
2289298	34458
343876	64327
422159	2749
311947	11042
290749	29952
300	12
59638	3361
15823	126
120764	6131
224382	453
167846	4552
286471	8646
282969	9927
118976	6231
94914	5301
238155	13212
312317	10362
1222270	44795
850545	38271
1290921	86247
316314	11723
109557	515
60298	2219
873658	1418
187463	1104
62685	1312
43141	6611
779855	13993
1004734	36777
91304	12767
663542	31420
98	24
136437	16411
2484	174
701996	23764
196182	9739
238157	18543
25262	2216
128305	1499
2742052	238609
158717	8007
119330	6833
1688949	18261
835685	30459
287934	870
421565	6749
186087	9654
15261	1119
166119	3663
95323	9598
3129042	136032
468068	65311
64707	2618
285894	15584
1334	155
179148	14892
654399	3751
713615	26482
20597	1674
1271839	7783
316609	22032
775652	25063
402065	13251
2932898	189012
7111	361
436893	3471
183325	1880
282420	27961
2964689	95535
162113	10817
300903	14142
47838	440
547549	4945
4586	206
79246	1029
923460	71998
121498	12046
29630	3719
3955	352
576991	6670
1001813	60129
158824	11391
15135	2521
15437	379
256058	1955
3599131	50272
345096	25446
1836462	134874
2993086	13495
2800155	177081
1395378	117671
985166	54232
1795145	179467
1141627	18848
874182	45158
827325	27009
934754	25607
3810285	249447
19963184	940445
3204185	133115
1047085	105461
1574914	37289
1227348	155988
472275	2651
765456	14950
4910660	27348
1440514	19955
6057662	109167
451472	12223
2594924	202123
4112313	363343
176676	5755
2072061	149216
8036012	695742
3730703	100157
240399	454
1306502	15157
5787875	95655
1788	141
4179468	266227
1973353	76277
1064509	12205
868946	30105
2052325	140512
251372	7282
739344	32632
488915	66623
326655	6903
611869	16495
607826	22051
318690	1668
585706	19098
15761943	708491
147657	3717
542724	20087
562945	25950
117497	676
591527	51139
162101	17209
455018	5693
238711	20526
1878540	18527
36107	480
426504	21693
475476	5609
696869	19042
509904	61597
120469	4693
299628	6756
1146692	23788
2799616	167912
103916	1707
2336544	19462
97692	5213
68396	981
498516	3816
407657	26252
436038	3354
144647	1923
2966739	161706
274332	21085
912532	74273
82713	3336
2440529	220665
409324	15590
1717885	20113
2209187	62337
434247	8421
257002	5651
242213	2704
476718	25033
110670	15736
118534	7046
61274	2236
671043	39891
91779	3573
108037	6835
3435796	30715
67703	675
2311711	178559
839918	19648
36180	3603
1571275	8214
153649	4553
146400	9768
105528	3003
324059	2045
1246003	54968
1760603	52022
128923	4493
2178896	13254
130551	12113
21475	92
66	7
282036	3902
310053	13215
44518	3140
390821	26234
306316	13875
460348	9464
390398	26594
388590	5218
2408207	5678
139108	12521
23634	1766
5338010	39990
382584	48989
388110	37942
73490	9050
36298	2450
35089	2695
114563	1311
2489997	128586
594194	13357
162688	731
117779	9514
1121036	145622
314541	5619
332541	15533
45761	3993
543329	7626
153817	2191
85041	341
114793	4116
913	https://i.ytimg.com/vi/H0bAcENcaxc/default.jpg
43054	1246
79152	7761
479046	11095
2293916	142937
364049	4789
133995	5330
272880	15876
4526885	44350
609015	16175
6878	59
243850	12761
21900	346
194464	29282
251944	3985
98828	4569
172816	2843
93641	7381
164817	8868
21702	1431
413914	12289
140686	6336
1651153	20713
103090	493
336906	3048
93169	6791
709305	4409
98540	2052
255563	3006
67025	5946
306368	11727
18687	221
792732	10061
3805	40
39943	349
209731	783
145888	6689
93083	1292
55983	7815
2335680	208918
1513232	71700
733927	31568
753260	38260
508109	12034
9218	46
2662052	43793
57729	418
1244659	5998
30061	2660
1951811	87125
203230	15021
6377	627
	
25884	1353
18260	1772
49486	6084
351404	17881
3409696	34599
931830	19686
5767584	71333
5051587	255347
756878	41291
5965605	31084
4493196	239299
1646317	38505
654169	6951
2673454	244704
3310167	191145
1926113	27258
1850471	184545
2781075	234893
9675155	354783
1877245	81762
1557418	25079
7729776	137629
1515895	166667
351634	12958
881802	43887
808617	17472
1274377	35046
2262843	47312
285121	15643
719283	41694
2002368	190343
740529	9194
287410	18050
2060541	108556
263454	7641
984846	47075
7711293	124947
1946674	157884
9055100	741692
5099701	141207
3475867	139675
75838	891
1421376	123252
327997	20652
1553585	92299
308893	1952
114813	5715
253020	12660
157375	6206
366608	33378
3028042	174029
2260491	52834
384741	25726
488231	29447
249527	17561
3889	https://i.ytimg.com/vi/zJ9M9j2mJ8o/default.jpg
235261	1901
3215928	216352
276722	15324
624054	3035
2321232	12236
284571	18975
197595	1815
15124	73
142972	3705
275110	10490
956490	84407
670377	8610
221624	12028
1111671	44162
1478438	16945
86138	569
232562	5536
594155	11320
180796	4069
2369761	83419
1354133	25722
100264	5401
121720	5377
204540	5406
27842	1705
112	6
956391	32044
755487	9362
474275	2686
2044	160
145790	11168
23634920	984987
1456821	22693
131896	4749
492462	32698
775820	25711
6076566	0
580370	6123
17505	794
4275679	371310
2049596	133841
295837	423
169960	660
131274	0
512885	17500
523610	6268
495368	28665
268012	6259
1088374	12332
773358	22960
563417	8197
252598	3669
4353819	271831
2306525	150161
417539	27938
103920	9645
90694	6506
133804	6616
1791550	8762
404328	17921
19088	1012
674717	37979
235025	22222
461516	12176
176639	11414
168863	7963
501268	6690
976743	5282
202817	6782
375227	11531
227154	10790
1870800	21323
74616	4159
12411	729
366662	17692
2510662	80728
138910	721
12264	235
3756	352
1057637	24056
34	29
166167	5226
229780	6677
1240782	106176
526034	37582
784158	59625
232762	15515
1884879	181383
517893	2716
7987	74
561114	65449
18250437	755912
18952	417
32647	2523
272235	8460
393880	13044
158511	4645
1467507	34755
176094	2524
117974	4295
1144581	22897
1541	https://i.ytimg.com/vi/H0bAcENcaxc/default.jpg
4803	92
150831	897
1211300	18631
5097	91
279687	14692
70937	8940
2857356	198045
613147	27378
37986	506
4222559	92092
96341	3001
173062	13690
710180	36627
783	5
100147	3602
1132467	6293
182416	7776
80424	5693
60843	406
159952	6523
53272	4345
41524	2179
58855	3578
538247	25266
38446	8501
3189	131
65158	1099
276760	17835
141897	20707
518719	22962
123764	6008
585954	12604
721055	6659
2628415	67466
2292534	55824
147433	6543
104055	8879
133604	8643
106940	2669
3070788	176730
252613	42939
80081	3248
262539	26374
6075	60
89888	4946
1950782	36227
777027	91966
7842032	418845
6975610	80073
7729028	325585
3614310	104768
857877	44167
923985	45463
1119626	57322
1240134	2157
284448	5112
1272195	22349
2347708	294179
1950885	42804
972419	48018
887340	8256
350149	18361
826110	34961
12311891	415014
2899799	252132
4802640	249700
553626	24451
4089382	209164
3924042	286859
1761509	141414
1182336	15208
1820947	31223
1081357	79641
1931985	179200
2079824	31268
247267	5647
135248	1212
1019016	51921
371354	2315
2983392	57533
9020624	158042
97735	3176
169803	8512
2977230	128176
408491	34576
14816	32
127256	2639
719816	37256
434445	3113
4386869	75796
56927	416
349059	17247
643117	15529
193246	2607
1464745	38021
184405	18579
277831	16138
412044	16997
1302832	56308
256834	7304
1570967	171457
469554	95902
961720	62319
285254	8043
516318	2800
786766	40592
419130	4044
1529801	134989
246993	1224
82200	950
226078	3931
221295	1055
533977	15287
167300	7533
125202	7220
855230	40628
299768	12910
117063	2982
182125	811
400943	10924
488888	23635
1545884	8952
7157660	192352
407142	13202
150240	12041
289052	28063
376206	7733
93	10
892975	18292
306963	18321
4328925	17652
450389	24580
10115	127
84046	4017
9171288	148441
598110	46100
214902	1462
2233231	198681
378562	4080
209587	6342
256471	4514
118485	480
1760011	99783
335677	24393
317959	1764
479067	23145
514827	17816
336068	14988
71574	2289
3790864	149079
11550	263
229739	12207
314252	475
90543	1193
102477	1242
149211	14155
0	0
173812	0
3941935	192389
459359	25193
279809	9683
168840	8879
512662	4178
956170	33320
6596028	152004
1477099	116261
203072	45
665965	48809
236959	7106
520332	13866
156514	3591
6536	564
2126263	165249
327842	2303
3994	5
3810293	227470
388940	24047
0	0
45199	326
202650	1394
731219	40636
3824196	223857
266269	6090
510470	13527
247090	3612
868062	50780
529332	29132
196175	10076
350024	20762
267900	15931
300203	5629
404819	28364
2766	https://i.ytimg.com/vi/SxHV2J5WY6A/default.jpg
0	0
264195	7380
930133	37532
88662	179
281425	23169
337308	14371
343058	27419
675092	34127
40959	285
235462	9957
248726	9455
2690951	88682
512472	4199
56	7
899250	53908
61351	386
216557	21034
9862218	781333
145214	9039
165576	11129
540047	8180
43910	561
114418	1056
217876	11089
255373	2375
219555	23733
268135	4081
68369	191
23742	0
9083936	0
33431	128
235945	3121
138168	19679
361143	9677
119969	3427
188585	6572
171610	1611
559096	16908
410434	7941
233202	20001
593536	36349
162948	2841
892472	10411
408351	12181
267716	12226
604939	32133
165832	17579
209539	4411
1202896	32267
2477340	42565
2102276	86645
1130098	126097
897962	94897
4410367	358571
5356548	141038
3193487	100003
2157948	378253
11542143	394642
2352753	130648
2483307	5930
1755320	76098
7774590	84709
2026011	321675
12023527	519161
355068	5867
1292926	77746
16207530	479977
480060	7358
814603	30784
861977	3137
1151935	66188
2066840	33427
1307027	17185
3919034	411750
786744	21013
272754	2073
896596	47365
2404149	219556
492034	22724
693440	59548
1450807	91347
997389	58770
1590567	96053
1161045	43050
2174054	44998
732282	35832
349374	27650
250084	8181
521898	21296
360356	2305
45748	343
209653	3984
660952	27140
221370	634
365615	7838
260148	11412
1889005	119748
1330218	60253
201321	3035
986359	8751
197394	14371
645449	28939
1934666	149149
76907	3114
3626659	113297
136612	10103
769673	5878
3234195	269469
192635	9802
128338	710
317315	7632
4541090	312323
8570	820
186725	24151
214450	17678
2172958	33920
53515	245
71177	2818
4961347	225474
254544	15832
22059	42
647510	6156
178412	668
372854	30504
161692	659
183879	15709
878555	57539
2337558	36159
54881	244
1466908	120089
151033	7373
61786	3047
471466	20621
844851	40830
10096111	171460
48348	798
73199	241
520392	35483
0	0
92674	1123
608902	43124
972587	44563
1143737	55273
373638	11302
136928	7599
135917	296
156287	3679
3755521	67567
126415	12463
493627	3349
1453153	7216
238403	1023
1191644	20955
1109098	57003
530833	660
589282	5416
410276	35249
2034518	160831
441690	13854
173194	773
467440	12117
1413242	58579
437365	16539
941213	44223
190001	11386
54288	3408
3680	90
412693	17111
134685	6457
38061	1391
292844	12167
528731	19851
281947	10179
125390	3766
54307	279
91861	4560
1563060	39360
182420	6016
842349	75324
88371	3197
88282	535
301350	53681
51464	4370
569524	34934
107035	4602
14550	154
10929	235
30828	1236
314299	2297
81940	5647
1382	https://i.ytimg.com/vi/w6hxfxc0Yok/default.jpg
125	19
308398	9237
108643	1972
9022459	201750
1107378	46994
190288	9783
491503	30162
6186	6
93711	273
371096	1996
295714	8257
1610875	174918
324	10
916238	5854
318279	21520
544706	2438
602005	30041
14505	198
85132	972
402259	21968
563605	27651
2111	77
141383	5369
387026	5386
71973	1667
656152	31347
63471	1637
158887	2682
129262	713
119423	7071
250817	4733
93777	522
105514	9909
184750	4129
29231	241
718139	38713
123410	3873
184616	13140
188738	13156
150863	4442
74360	2903
111964	7749
40407	1256
754273	22173
268057	6157
313576	2644
21550	89
613035	16054
233043	2213
340666	13192
191875	8201
103628	1708
421914	20353
44809	134
1906863	47627
5586916	667562
1306919	116267
7115697	451722
2377198	178023
2837820	45811
2681558	108053
1514201	119036
4471948	120271
3974313	177709
2665424	372241
3826984	42076
1301321	137354
6376238	159544
1339483	131247
98007	1204
915431	80044
15191078	444887
1742415	48858
467998	41629
1081127	109208
3443902	142962
158512	15831
2092285	97786
540610	35084
1878581	87623
700755	167031
952808	1880
1923392	80518
1046464	24096
644259	2406
14979045	584056
479061	29043
19806182	528453
8368152	87366
2670218	27721
346910	2154
985639	15241
113516	219
987795	68690
863790	11065
298240	23644
343170	2632
960769	46718
1300579	36444
423903	17612
892052	29628
388695	6218
4068012	209616
228565	3143
1541564	18884
310932	6554
1238235	57485
4441142	445799
948748	40863
2592173	39110
216248	2325
1094958	57789
1381081	70144
491445	5517
340245	4315
1643957	11100
211074	7937
370440	1182
640545	11820
814172	6761
192406	7057
191214	1431
202633	4686
719	69
60590	123
134725	2743
340179	20505
325896	9693
405683	32834
530323	23795
435310	93821
433187	26396
71869	762
2939298	159044
1517241	56389
9928	1191
1310673	46134
511094	14914
2862576	46500
125791	1336
1196926	4590
147540	4616
2351	https://i.ytimg.com/vi/7imgrie8Sw8/default.jpg
1715589	100379
738300	43234
2863226	15226
5132	29
2035120	79109
142422	354
2309817	46928
1920771	13883
211399	12298
93818	267
735545	5425
1055008	8886
467456	6388
122406	819
298083	3931
147225	10871
55513	393
130905	12924
150384	654
83476	2348
65131	3183
4510250	42742
232898	1693
209679	14265
180919	5138
1494366	40970
292825	11633
262841	11220
331854	13835
506416	12427
198166	9779
283075	1250
572697	6962
233	230
254008	20762
163201	330
145545	6017
267135	20474
241539	692
4589873	124260
201661	12906
732802	28838
1315198	55195
1427777	7696
266732	5763
3424469	278212
72125	6296
2911	132
257411	9686
1307061	18545
100985	386
240616	4378
158930	2323
20108	126
69100	5463
183039	4749
69643	954
4489524	38358
64937	4645
38089	372
273446	14881
587428	19149
140323	8326
424002	17349
509107	14754
2118363	154093
696654	30610
20	19
109008	3507
158852	805
188559	15388
127356	295
160951	6452
2010564	22550
342869	2952
233736	6137
341811	13441
209044	9943
275444	2326
105021	763
316666	17330
3831236	12447
147240	1440
1044042	9071
222047	11165
2818	464
4999117	328333
22043	169
418859	25747
74	23
223469	28637
2353300	35429
143666	849
56136	3157
5750121	237667
190623	10263
116111	2912
688354	14863
4507	186
82827	12399
202	26
194139	15723
112497	2017
51834	2809
330119	8330
1466271	112171
2280314	53842
5251983	190778
4923400	432684
3644430	229417
4616887	479065
6603463	722684
1523890	125040
126003	1720
9153648	504180
2078917	27121
2333434	153741
570216	3592
5540707	53895
911053	18670
3101394	122409
2494165	178957
3090674	47472
5147761	128666
5153994	208018
637313	16294
1573369	114704
1843087	156944
1256597	65315
1383287	142004
1946703	51705
1014030	47980
609821	47420
7081399	170278
435242	13428
330725	9669
3394865	31019
1071093	3376
210651	1262
18832489	486548
2792365	9123
93130	5395
3765352	150459
2623483	109167
284404	17392
1497749	2937
2187262	93996
638555	34219
2091696	67033
324225	9857
1807129	54666
412149	32897
940170	91409
257740	30716
172580	1168
398709	27563
1185096	25898
567740	19945
1285731	75403
330361	3923
206161	449
576400	9128
104849	175
649748	859
697396	26700
2335267	13716
2034090	83043
444339	3786
1048	122
1505665	20031
1629318	41182
538255	29295
4106045	19015
5700504	249433
476869	40051
321237	19008
17478642	628016
317496	1753
1286291	108222
888253	40849
817423	44561
109332	15139
394203	3714
210844	7356
469508	42457
160294	477
334980	22541
1030025	32256
247313	905
996252	14936
515501	2535
992236	11986
459491	1387
1460250	67724
70628	233
2217287	32205
1742324	80362
423855	8682
384288	2924
801891	73896
141815	1586
6147	809
0	0
254470	1489
1676657	19775
1758994	13428
229895	13502
4128228	55961
1029854	70407
219189	13935
230590	20638
427713	6531
617017	32107
252926	9809
133577	6011
3898	129
952662	7832
359850	11925
318283	20292
4735882	461727
1317246	59701
387122	7300
50929	2280
2962617	41751
23232299	560449
102043	2604
1122821	7839
257159	5198
345341	36119
716276	73868
115699	1305
722803	44131
8836190	88905
391028	4742
481911	6928
1076541	7366
102286	455
624648	6296
27903	225
2661263	92469
184684	5385
12892	1773
89394	5768
648053	4696
1287047	4771
3393077	172874
425597	2370
98160	3474
41012	3543
69079	3434
283535	12359
620808	0
549119	24285
447630	1514
10613	248
987515	47345
1406977	47756
662707	118324
2210506	50348
5576800	133380
817964	45319
83582	2148
351127	20128
113769	4230
137729	1026
31238	135
557793	3371
360956	10294
220886	2125
1543273	7973
202195	755
960561	9153
94416	5231
29591	180
231598	17238
50307	352
193504	271
71343	3600
127607	632
182713	4904
1464490	55035
144937	2886
330086	1269
550174	8749
313104	23455
2501	https://i.ytimg.com/vi/7imgrie8Sw8/default.jpg
408665	9047
100017	4105
233206	911
133084	431
98758	1343
2168740	50017
213428	15038
69661	2740
119497	436
166897	3514
67034	5751
11802	858
250	300
69015	445
318373	13117
82280	11716
2092837	14240
156460	2346
834937	35287
1697019	10767
839324	51064
453334	14592
142976	1480
4203591	40477
6855997	498245
3461583	227850
6973988	219682
2601167	57267
6315133	59637
574232	2348
1059430	20605
3941060	241449
7563532	85112
10916346	543254
1671411	129914
143301	1990
7066985	744783
2559860	163178
1356267	7856
383	71
3846957	86182
84	8
3010419	200326
585626	4225
354338	2092
6214927	232143
3358249	130932
3663141	330433
118066	6260
113129	465
159367	11255
1791815	124099
5484497	133349
845887	1012
157105	7215
3879212	11820
364307	11847
111734	370
2046335	165747
72549	3506
259252	1580
748860	5001
792062	5988
1730714	79779
1256009	52795
6788182	273393
268714	2578
673907	43978
73692	542
244277	12770
74269	984
63057	295
352736	484
183988	16981
492751	60494
278774	2101
269045	1437
0	0
2106704	53789
13283	544
949590	69715
1111159	3512
48228	461
939343	31372
165934	915
262774	1503
1278016	149452
1626228	214604
313226	1495
37773	1003
631138	48652
355426	10452
1666788	137511
291809	2590
369808	1572
275016	6589
752982	1009
2326996	63226
21993346	520228
3668650	32163
399301	30652
598364	34034
143634	3876
421415	6816
158516	19010
7621934	178235
26613	1316
398897	24844
146075	17331
432997	18017
519072	17775
133352	2671
220411	2200
90854	2323
307812	9208
329721	6706
133262	12020
21193	0
648060	48694
1367546	30024
886524	79575
234919	470
3299667	48488
675784	17465
2582370	233049
684523	9908
2990740	116055
1531826	80246
767494	50708
513216	21323
124756	595
99735	5788
690719	21584
799352	36594
1319244	50780
676623	33422
1432222	144483
265926	4741
29592	505
163989	2476
369732	29122
2422853	14461
267151	539
3901079	154443
276920	9017
350173	1883
36	6
45806	0
515068	25314
1342680	17685
144008	2179
378898	20962
197427	3033
494223	64612
34181	189
1152592	21513
1830911	22552
161049	7351
1290375	27130
269444	2089
276645	2168
275945	996
703870	36285
47658	184
815745	56917
2586722	14801
115083	270
208234	1540
37316	176
179773	6007
140539	17877
138726	10487
2337	112
421419	3185
91054	5698
42670	1157
141308	12400
425979	27204
1157849	97119
1624753	120777
263296	687
65662	392
332370	11672
888070	137944
32263	245
372341	10638
433153	28930
16584	57
923044	47500
620813	17721
555045	8841
136963	1013
1218	154
27549	1358
2120912	84862
346158	391
140200	3424
142024	18990
97834	4024
106189	266
1979645	224168
1499868	27310
3450639	37700
180668	5269
55155	1489
1233755	8823
217382	11640
72408	950
4361354	19709
17807	350
103893	476
35124	1670
11	6
623817	49744
180338	1172
1240080	40691
1150895	59818
1381312	36579
4757269	274896
9365576	97965
193609	1832
836933	3204
8097041	532082
5217373	46786
9678138	297711
8566331	243529
459536	38034
262312	24780
1688603	138002
6932065	63972
357034	1877
684786	4854
1215574	22231
540387	25425
3185900	195420
378156	20972
747653	21211
625387	20863
218983	8958
486580	20499
122	22
443633	13762
6076644	522240
769772	4861
560	97
79874	382
13404	495
304483	10978
915949	14448
388899	12571
976657	47453
5763877	402777
525055	1231
324109	11274
191152	1642
1815624	134338
13829	1493
98181	6586
1384399	1518
162352	6347
415630	25935
2723827	169538
150537	2104
7524265	762859
2912721	59510
100473	2317
69085	220
88478	713
3313243	211931
1993340	35379
848395	57471
428257	12661
491995	2765
227405	5700
127639	2336
2766932	246706
293580	28412
20137	658
50364	2723
12730630	577713
79077	1411
67538	596
872301	7505
862954	52260
139252	4177
2064111	35102
319472	4397
196569	8078
302921	1940
37102	1530
812899	85172
1254	https://i.ytimg.com/vi/tgpF_z_j1K0/default.jpg
940532	116052
81440	259
277574	350
149859	1282
277748	1372
69531	456
544868	34151
517605	1784
1895372	128401
471809	24807
101099	9199
5783062	137462
464260	51181
3019738	272522
199468	2711
178105	17974
466348	2534
87070	1598
155787	9489
7945760	297225
31	https://i.ytimg.com/vi/fHljAanSs_w/default.jpg
2230067	172262
1878015	83990
251672	1523
1041754	63660
151805	520
15397	1653
387681	6175
369896	2129
1221372	71235
468103	15195
26390	308
126157	6432
116058	5788
411655	2659
1051522	8333
158560	1153
10886	598
1115607	35092
7336611	253535
101672	3431
35556	263
112907	8494
480620	2906
148884	11815
65146	1185
166991	2961
611712	33746
128452	10555
238931	8649
2862	158
4176625	12605
114202	9455
107603	4318
946232	85986
141239	744
500664	16112
2758507	15509
1362813	55149
37272	1528
299977	1498
60471	158
315785	2464
1600054	6489
352957	6684
678385	2632
164468	6057
410484	2786
186190	14893
3546471	136895
1109199	12237
1937780	153801
33916	3020
49404	1543
133755	760
744066	46481
37992	1251
62280	5550
878311	34134
203479	7893
124412	4485
2526	25
69654	311
344628	40278
214165	5283
4028911	293744
66635	6156
360779	492
160033	7014
370556	1171
177726	393
105358	2430
413566	1760
686	https://i.ytimg.com/vi/BaSUL_Ovq5Y/default.jpg
81097	2772
54768	2313
240601	16071
2226879	247289
67317	1470
604356	19752
645401	49665
373064	10990
406117	13608
2485103	65771
543202	7963
761617	1036
306846	20101
195959	6239
25184395	553602
302240	2774
61001	3106
164726	3654
8132960	185200
356155	10263
186436	2549
44889	221
1518	116
77889	4648
3817620	32697
211928	20678
811124	37319
77913	603
1416637	66271
1745885	45650
746602	4007
706989	15892
677886	13909
918375	46150
3942272	35978
1904809	45087
126351	2675
792429	52313
1232705	42782
1850888	235913
5255377	289851
16795816	427532
820801	50934
990553	11538
11459315	105870
1807655	7725
141581	4580
1092498	4023
344791	1773
862194	30707
68	12
349714	29992
373817	16016
802497	4553
521527	15238
6291266	307708
268462	4033
72411	3901
380289	28297
275036	1434
212310	1942
477636	13865
246081	3456
266066	18640
9370700	559991
140389	3281
271000	2948
397178	13588
245624	8506
10112110	261664
867648	52603
301409	604
837053	31575
852106	25007
122980	8368
151856	584
266726	8593
547622	8709
2702889	12341
48991	5656
4480215	21553
113165	7292
2275510	12366
414851	7677
645289	37787
305751	1796
80934	5136
91242	3085
118577	5941
1043726	24890
137397	1443
268055	10119
238114	21721
74801	862
731797	9977
186759	9235
443230	4754
119968	1630
414462	7924
150973	11902
54185	798
70543	6279
144678	2542
226877	8239
113227	328
400152	20391
7386080	66568
169011	12973
727208	4987
416728	26949
198356	8243
386206	12473
85240	311
108668	2501
1312737	23435
830729	122476
200587	19658
411228	1180
611746	26146
488607	15118
40376	450
625352	2470
467416	27884
215377	13852
51919	185
364059	11438
4138	144
43942	2359
1172057	54044
46518	4027
661	113
987	https://i.ytimg.com/vi/Y1BVr_GtFag/default.jpg
568576	14747
171938	2934
16874	564
1233566	61339
81555	8716
971871	8781
301445	2085
300576	13599
1156135	16391
49870	587
72873	504
289665	4654
310054	1490
713775	58801
584963	2938
37835	321
599610	19134
527322	18997
691016	64108
3821014	300064
468444	2528
579328	2879
190158	7945
42924	467
306219	19430
882311	15890
176831	12348
52018	178
398472	50310
18373	165
6633561	533113
369942	4196
147413	1798
244204	0
146858	7567
226327	9589
142360	7298
231154	2463
131026	10381
19481	20
872739	45552
441660	3262
133119	7297
276403	10446
66579	599
48	14
135453	6454
170682	12855
116141	7281
28684	510
81174	258
83996	456
225944	12151
303315	17985
1295	69
590955	15575
1516044	81560
46157	756
165828	1204
82986	1142
1401479	4234
398075	1962
250701	2835
565819	41859
613729	1365
31904	1273
687	300
40162	3104
216273	14946
22715	91
786	https://i.ytimg.com/vi/CaKrY92KZQw/default.jpg
362194	499
129	31
93686	1509
195600	9172
58345	3283
29	17
110333	3867
208782	6907
161747	4746
145748	902
69201	1657
698883	18671
82746	18170
529901	5685
26506	1663
1302511	4500
111787	7498
40022	4412
32759	137
43549	637
458883	13893
1071899	66881
346660	11686
237813	1738
1132501	19280
2164508	74591
1683294	70727
888159	30671
1178822	26799
991246	2335
1148080	7032
865295	61722
2933896	322695
219944	4118
1126546	65549
743771	10062
888632	30181
518238	19708
3403722	209841
277042	13542
1431295	46635
301518	5564
4662080	39448
749135	22777
348398	1780
265204	2419
2123840	48008
6969112	324853
1259997	13303
4122938	13847
22943745	501039
1139234	28435
214310	1138
178068	21647
117	23
2233382	49859
212189	792
77675	3172
75800	471
373025	10696
659043	17796
946957	54311
89634	504
210488	14887
678548	32835
420881	13244
379366	23399
5690722	301838
544240	35330
858137	5886
820334	17154
1685404	31319
1132502	37345
13120792	112836
500583	26511
4602248	18525
145339	828
316108	10686
162854	2951
1272406	4637
225201	10874
199850	2014
70095	4370
92522	264
555765	17201
376842	31442
56970	3044
379821	20946
100363	5063
1050677	52514
689157	10729
55806	4026
126072	4580
1060926	36406
230432	1625
415959	12855
486340	4034
995153	126283
516493	10048
1157029	65315
2527596	7783
299536	16670
152749	575
589371	15752
364641	871
545995	8602
549782	6570
180671	3578
343110	1683
348362	9763
325177	7975
706099	28768
227561	11839
87093	5654
34484	2358
100863	8296
285129	11625
409394	5101
483094	58728
88557	1343
6202999	26278
214239	8490
98069	4624
349218	3306
1706665	26600
246335	1512
345333	35419
214064	3177
181153	2172
466908	33641
1430654	130128
105656	3013
145816	956
16848	680
44813	2583
127412	6717
1422	https://i.ytimg.com/vi/9M-Y6NKwMQQ/default.jpg
83942	3028
109461	5432
219857	1998
76467	7649
936851	26428
94391	4657
474111	4476
1752375	12964
866623	73383
279964	16180
10681470	584192
141221	920
264753	700
1671755	8868
1181653	48880
458898	1113
722776	17486
130068	9519
214377	4477
598489	16289
550139	88495
213957	18326
47051	433
927713	11244
87505	661
240575	10563
450652	38166
91567	7470
7440	67
616258	26619
154150	9146
85245	839
4284	66
21406	1815
308590	9345
215859	6358
108026	3510
106557	6433
970854	12464
222605	7931
212559	7135
272301	34603
20617	20
684676	2036
298286	10666
190781	13005
1992386	81058
121618	2719
111350	3345
435571	11039
34088	69
217117	8671
122261	4884
496748	31811
1210780	26983
64926	8246
881403	24638
529068	2686
2307	0
263285	16687
338960	2613
46979	632
87044	1003
930741	64643
204509	8183
138960	8556
778899	29451
175952	3562
9	https://i.ytimg.com/vi/-wpoXMhy8IE/default.jpg
529997	31929
109050	540
212882	15309
699856	2615
291700	9331
73173	5140
288603	1919
155634	2578
255456	38429
561871	2469
222210	3573
123155	344
4723726	332914
13112	66
98533	13131
348706	2427
1364384	21529
3196397	86007
941752	69171
2741994	85642
815872	38896
1521555	188727
463657	21103
1959696	230189
767554	56971
430611	9924
491502	24792
671918	50519
1556105	32363
626627	28957
889986	29043
1078822	13373
1097389	3153
342731	1838
27775	84
1214137	76615
207587	14268
575327	4589
340418	35747
343869	15418
834132	4989
252841	992
355818	1586
566673	21080
943126	25446
188994	2965
327058	5755
1103103	65641
1042151	32575
161353	619
562495	22839
498117	16659
483808	53342
163570	3986
471229	6357
116154	7461
3969049	266943
187441	17475
1185933	7695
127454	1110
1275828	121867
92801	1515
427219	23132
2506531	187409
49594	337
675031	16912
103447	5903
5620	509
94921	565
1894315	74027
240792	3094
68317	239
148877	590
194073	14464
2413821	37609
329017	18773
72	65
974810	39661
39275	406
231290	18801
411318	44699
1566193	48613
164060	3624
100163	2297
35827	306
159000	2237
791791	24586
1711088	9990
279377	9037
71739	3008
433642	36623
1152115	20478
316813	13527
26123	34
136359	9610
445764	1907
691	107
355082	11405
111	https://i.ytimg.com/vi/3p8uI5oCJwY/default.jpg
991300	21596
29760	1786
516298	76479
647784	17609
327657	16988
27070757	566730
424292	26042
283091	22272
83090	16077
213426	5218
43544	576
2921	10
294433	2284
47490	2231
7448921	335822
436739	25774
30880	475
150	35
144801	1442
356159	9921
809763	31138
843474	5590
114540	7271
147593	7395
919990	35299
2269443	49633
63166	399
4907380	41025
204307	6417
22934	512
927652	13081
142675	592
315586	1019
436228	11670
683376	17069
348261	29419
5461	29
118861	6000
4690712	16086
114948	3887
171729	3816
1370804	13997
89411	7243
341700	18487
143196	6977
95011	1173
1533966	54324
2617197	52906
300807	4917
349016	14710
368562	2152
590625	29440
1501023	169795
26785	470
50964	378
87677	4500
484556	44493
17073	369
46105	352
173846	18199
350911	1049
209217	3051
1042316	56697
11575	132
763925	20540
439890	11609
2716447	65910
36632	1995
79697	9160
2142037	35654
218528	3965
290022	2100
148175	6399
386083	36403
157861	12174
112919	1423
1187405	90230
355223	12763
5968170	308462
154395	637
420755	1090
68983	4702
1365612	44622
154621	2133
462977	16816
197244	12217
277486	2375
699779	28540
784	https://i.ytimg.com/vi/TR3PLEg3yeE/default.jpg
30204	3850
598676	15976
43713	2069
289789	6506
130033	1428
88923	6603
173477	734
1748112	185077
53649	3649
70	52
147698	7822
18511	140
143287	12274
132145	7833
5658306	21050
231534	1363
122854	4085
34018	933
48197	3141
232129	15839
65579	3757
308837	24904
14589314	117415
381225	6948
2313884	80899
1675866	93220
1574625	114525
1000195	16125
3575912	102262
5444081	112316
1558856	94507
2504756	252963
666199	1714
1608849	23407
390003	34061
47736	234
562170	28437
786544	37333
2462233	255585
1111493	40983
716750	25853
920639	50021
1004282	31123
586950	24090
156108	1861
3072371	90654
677858	29859
1503610	42187
1033657	69088
40419	91
362356	1860
860616	24764
774	30
304123	10222
436172	1604
492624	4124
289183	25101
961714	66159
888367	5048
324853	15458
299104	14829
95263	8768
272466	3712
2822642	275632
973749	25139
196883	3260
996729	30568
350452	4298
64851	1904
411909	39159
905540	77818
171630	4035
1761658	34362
789664	16825
491	86
305282	24143
193559	2539
408183	13108
59151	1027
449274	19799
203374	493
831301	106406
1205068	14458
209567	11321
590422	7411
247599	6692
153883	554
229781	689
663599	4568
389434	8069
2229408	17784
892128	5465
1604987	81454
46424	2833
261075	5886
1318836	80830
3334565	167596
416811	1765
543491	16290
143916	6686
413311	22819
342338	4413
173941	9722
436417	59842
381088	62271
1091437	119383
88977	502
245137	1610
375812	16147
185530	27397
173922	11379
155826	14207
158013	1578
382744	12362
129930	1557
173953	779
285648	18669
292	22
213530	5157
241438	17574
581894	27910
139827	6960
496715	24296
6254591	282189
119199	1072
45546	191
81401	265
1615343	142340
222771	715
166110	1319
331592	3928
307735	3654
95830	5423
195057	10354
50196	2880
45736	375
548364	7123
	
919312	29633
232946	11286
191156	25756
1266537	32823
341658	3009
725734	36525
91092	6339
305643	10386
197574	8470
1137299	34092
163152	2413
216689	4435
204877	13746
90912	463
213029	16378
482564	21208
242249	17831
165066	13450
241020	2192
829792	22782
381089	8562
315060	31883
1200878	7862
118693	2247
50524	4585
94549	1633
46464	383
348156	81525
343267	1415
820	https://i.ytimg.com/vi/Z9b4C0mS2DE/default.jpg
70896	2757
88690	2273
294421	5258
68150	5518
129649	6587
906331	4525
92782	642
1817834	54970
474042	45141
510893	11514
377353	5652
991	https://i.ytimg.com/vi/dD5pu9Yv-zo/default.jpg
1133172	42872
196029	1593
89301	3242
753562	17914
152131	8994
73671	2509
27860	38
1260400	69542
73543	6396
2698	140
44802	1091
48441	380
203806	10122
705941	15904
2920547	46504
38592	4027
136176	12549
38273	846
2043994	76058
134	https://i.ytimg.com/vi/3p8uI5oCJwY/default.jpg
20545	98
72701	2826
138509	1254
7159	590
15984	79
95656	570
341665	8871
90220	376
721	119
82505	724
1003082	136927
184664	5832
382142	11460
157758	617
158108	13013
415514	3084
68187	1660
70294	3606
89770	5197
2286528	13707
544329	10690
3266020	97709
626832	3530
668437	44575
719851	5134
2347372	144719
2225369	93934
1282304	18518
2993235	135822
1606151	5010
4651556	117604
424074	2646
2076435	9013
263680	1211
779843	4797
1808432	96228
3320671	302152
1093041	34020
1534473	110221
1565942	69362
9430	884
475127	8079
490228	32339
320	18
65997	522
140460	1137
269869	763
730923	34376
364581	1459
347856	385
58624	307
1260014	44163
143503	452
15	8
97192	385
398074	46097
526834	14536
108183	6843
582343	22827
883743	65671
2918735	277494
840162	2362
3608261	255063
95337	161
555596	20430
1812687	24868
140341	5038
84662	653
1272422	33525
598327	6123
127159	4827
487786	5880
657718	25720
1024094	91848
138843	6217
138191	3153
77286	1394
193053	21294
333863	11661
336740	14429
504636	35296
356259	23004
1388463	8998
33637	116
3342473	94492
1112888	71827
1750286	85577
1067136	20166
181876	15888
	
619899	109812
1165499	45228
763858	7327
48884	398
578610	15562
118935	12451
205078	10748
1615135	43977
112060	880
119503	7832
121818	5070
712327	30766
488304	21018
227477	8442
54735	2410
3792644	23481
146885	844
131585	4983
646259	10341
1271287	29493
244200	4792
1995	29
11551	106
99526	2419
201608	8436
289580	13634
350637	9419
196688	3100
571776	30634
520999	9434
1172691	5817
77914	2441
1196196	94161
727624	32175
445952	13329
373282	23359
92577	4450
285127	2802
279890	669
439513	1667
465244	5048
119296	1462
320472	38414
26096	788
117115	9968
84759	565
474065	1113
648853	45081
1012391	68772
437445	2248
1726382	149357
86485	7645
44405	1794
79174	872
57006	190
145318	7922
404357	6360
45392	320
118231	4667
236565	13940
474777	0
129747	7960
201333	648
330926	7717
21945	1005
18347	751
430406	39979
	
89381	5228
934561	5814
953527	114587
98313	1418
358063	6960
143748	3426
179821	9900
235068	918
711384	39731
627528	8490
0	0
27097	422
265254	8745
123421	957
1541250	7239
140471	3076
0	0
47826	254
193564	9577
441305	36395
316523	17409
970033	24461
213349	36140
226637	476
178234	4055
290936	7914
565018	5721
35846	1910
1260388	15072
2430	83
3790450	176517
316298	3142
378612	9510
547556	2226
61642	5506
43827	2122
134138	1808
86768	2566
476753	45722
947339	10313
321605	10231
72458	1415
2874	412
35539	77
585484	8849
118923	3798
462778	3232
1152151	5683
412839	6006
56752	6698
87467	962
461295	1896
235114	16449
22836	345
203658	9959
176068	20527
29602	2269
72748	802
653437	13370
2003617	7329
1943908	9385
2681912	14958
89853	524
3957090	141814
799237	47697
538414	6600
193342	2027
894133	4881
1059507	7323
3923161	156941
1097679	31988
3672025	126003
3877601	107237
124333	796
406894	1524
831170	12787
466173	22018
150935	1054
470	61
512148	18862
2371010	6811
2593504	153709
2396175	10330
430	103
591687	38637
1722018	61414
1446058	20001
1323115	38644
224325	2328
147379	5915
5299482	131433
19009	1462
239169	27572
739181	26979
342214	6063
476302	16887
73440	197
2113854	83214
226267	1342
8493179	138170
147100	1046
204853	7654
3715225	326492
859756	5055
401937	1268
631392	6491
489171	4039
1674637	117890
1869425	97727
2398555	124007
290243	1932
1249827	43042
632935	2655
543588	34732
485262	3345
228845	29959
105878	3976
56768	94
132429	11273
1265968	101842
60	5
1992490	20283
408516	44644
114845	443
244092	12101
110608	1497
143406	14813
340953	9872
54085	1879
208500	586
1544296	99545
259877	9151
560394	17746
401506	4691
642876	17076
63	https://i.ytimg.com/vi/adkWFR5yv68/default.jpg
52116	2674
230005	8193
290107	1608
302938	2859
280782	36497
50	18
182122	3757
15115	85
123209	1114
125349	7256
140267	14123
262542	15630
99391	545
25947	174
123425	7676
815922	37497
468531	12000
0	0
336734	23570
216867	826
128344	1238
418316	10336
226766	11823
222209	16814
152016	18615
62108	319
215391	1055
101538	10333
55837	501
1621168	9655
680029	22329
65016	3465
165155	1391
108925	795
59038	4256
9501	41
68254	4556
3289990	293812
3325	21
475278	11173
571389	16509
209567	1798
530838	2341
391219	14908
293954	14389
592515	24680
46034	1765
103148	351
95212	1595
143159	3684
97784	2867
89509	3447
244571	3354
5244367	286966
74934	219
7592	108
2176732	106336
269223	13555
550275	4448
256588	11990
7013	161
103529	2927
173381	0
268393	6983
183786	6055
34547	1856
277	https://i.ytimg.com/vi/FsZ1sMNz-lM/default.jpg
61483	2252
118455	7671
60816	276
725007	28800
2371739	18836
436885	1565
45269	1154
5650	469
238897	1628
271860	1458
110829	1063
203171	8286
558967	937
111590	494
36895	1751
225163	12947
1081376	65128
893889	8274
733584	7037
29469	2919
195269	33774
174650	1315
189996	15567
1248249	21771
194867	2247
131343	2711
1852312	7845
204882	5034
29179	205
	
163442	3794
1507034	35717
533221	9316
424434	5583
176630	10344
804026	9900
276460	2102
724574	40223
68	16
308456	10037
63610	361
672780	14078
489	https://i.ytimg.com/vi/KRdyeZRHzuU/default.jpg
260465	1180
857687	2449
42279	2209
177977	7549
285760	1334
728076	27806
741350	41765
37381	481
67527	462
1033988	9919
1303302	91705
2299882	9382
2824423	65817
2619160	235278
878395	4252
8044843	205729
1383592	15997
77321	1023
725305	21236
710311	36619
260964	28777
1275696	50236
2561994	12240
934237	4205
2130659	28119
271612	3585
3207142	162852
235900	1201
2718035	15097
700645	5534
1087983	78123
100673	600
896135	49958
26855	381
877381	9365
1164292	4114
653264	70343
644131	26023
530013	17379
849823	86626
780084	39946
669763	22942
1028900	5456
4543244	171050
148666	2175
643907	5603
592623	9447
333461	16736
1245671	40998
788796	67253
716275	28527
1162940	8573
142391	2071
349985	16431
951618	7053
4356009	114561
247839	902
78604	3319
662	113
667487	23121
374212	15170
359933	12445
216688	7229
284416	12801
16564	349
373453	15830
721216	43586
114937	1436
1828431	55261
907059	13682
341203	17274
318822	33702
150234	7199
51204	602
2894282	7709
36887	287
120886	6800
125001	1228
357997	2182
172066	1185
70758	1758
62	10
360838	1912
374746	39996
2793059	159868
190738	1070
265038	10135
666665	12417
291525	11593
193520	380
2358	172
424434	48812
71408	4336
2462908	10612
583806	19261
588512	59836
3208825	51775
254093	1172
155853	2538
132376	5426
251854	22414
38930	193
335260	14452
84030	7690
90557	4098
23087	1683
304269	2891
178569	13904
1671461	22485
5909881	141766
467	112
170816	8864
322692	5372
153229	1234
101264	2753
295812	24014
98034	6812
848299	29533
186863	14893
217248	11312
393835	2355
56845	521
243174	1403
2399211	89696
116979	2639
44656	175
393869	17739
539624	13671
11983	104
6309136	164513
401645	16318
229294	9196
1130543	9858
696900	13632
54283	176
690	https://i.ytimg.com/vi/BiyievWBnC0/default.jpg
102742	232
257339	2023
23705	196
158305	2948
68055	5496
0	0
283644	22898
1531420	110336
206459	1866
888353	104251
26594	48
9743210	149022
148733	966
6125	659
164616	609
838404	5697
46848	1558
801205	41109
73314	868
21527	3068
80646	10688
323103	10599
114816	6136
45934	3017
303351	4625
754814	4385
180122	613
888459	5164
505449	27709
187531	1156
101844	2810
417474	1342
126965	11299
130531	5336
3643836	39010
1738821	121518
93722	4656
124132	4430
223974	1491
38853	1842
56055	3727
26389	71
590220	36538
247217	19857
48869	9574
27	12
187309	8646
285261	29059
654630	4494
947677	3316
2981413	26356
98806	321
418707	2274
31814	561
312245	10360
122407	20185
20217	225
194184	1503
34156	412
35275	554
133450	2528
345139	19229
60501	610
54555	3271
272752	1355
37542	656
88	https://i.ytimg.com/vi/adkWFR5yv68/default.jpg
15239	92
33489	216
27515	106
122186	2484
177222	20446
2274157	125458
692942	51701
5792100	367452
3674149	80406
1402868	29971
2554709	80843
1218697	5468
567412	159390
1286992	99026
1310218	35263
1099221	18713
355901	1669
288758	17990
835930	47058
912341	17916
108232	1321
286643	5597
1122074	4942
3322130	35099
684068	104341
793211	13361
257054	15328
10008003	236463
814099	23016
312552	4306
254360	3215
380554	1905
396408	22400
2889943	13603
1202509	9696
39798	537
96464	578
3527889	170400
421374	31471
235613	1029
274036	12512
770385	75674
323557	17837
136538	454
255565	12584
788328	29299
274383	2522
924073	28026
1246408	7301
486185	20405
332654	24244
908989	36962
621890	20889
1147656	47002
148916	1759
731466	5655
2735264	15128
751452	41701
138135	2343
1137011	106433
834868	4700
256860	6349
1215750	4799
611765	11370
1040440	0
605094	2029
104245	612
671099	26239
208914	1026
208914	1026
618591	1887
333444	11091
214723	9026
657172	16414
74343	2303
45	9
94227	3874
138603	7127
247470	2719
515285	48560
9894	808
1001837	75367
83499	4714
477828	17227
268951	3177
313731	11538
1329150	7902
329333	9551
497534	18306
1280447	113117
125999	936
220054	12247
441896	18228
390729	25077
4912005	179245
536388	42451
588820	18319
864220	31446
881698	27322
167190	13742
503698	4880
369689	1698
39016	1185
332236	34725
66857	3104
190404	555
371353	4288
106758	460
105622	3924
1231083	2699
1222437	9312
777008	24683
323038	2458
146044	9175
534707	7089
37991	183
245458	9077
228968	2395
386732	35301
203747	20847
726	129
44847	337
1426450	44679
426348	14978
142346	6143
200386	2192
105807	3828
408162	14207
499714	32035
1988758	58171
177073	1013
236070	7549
183455	18761
142906	522
38715	4724
38729	3760
398184	12394
22914	415
165607	11390
69983	2329
565479	2826
16078	1056
239806	17201
853894	74675
74526	11587
	
186023	3442
49858	337
1487	106
105123	1556
160478	2923
94140	371
793163	46429
0	0
360955	3978
271596	1712
110348	2891
479292	809
118954	3356
226804	12739
91954	8995
67908	259
498210	19631
3117	153
942338	14101
356580	11255
219461	1252
11549	101
178097	7802
778876	14895
25224	2936
303966	31766
581856	24184
341014	35132
74061	6344
317927	2280
91174	536
27592	115
696727	67496
3797	337
3252167	8335
94162	554
32199	1844
67217	1854
198975	18537
57212	631
25615	27
14303	123
101806	394
174537	6136
259124	10886
251072	4767
159710	228
176947	10395
100746	4363
18870	366
719855	17425
187168	2695
269706	20904
282923	4461
81344	2573
93573	2819
12882641	925676
3792093	82197
2566075	133056
1615659	25521
1532390	62045
822218	57423
1124274	17310
638788	9786
3251044	31263
2186786	136330
7678343	433753
346756	46279
1013894	68103
3827793	113849
1655340	34013
4152919	88442
1603127	178664
2364957	269416
4416659	172049
307441	3852
405176	22261
439440	8507
930595	81385
154258	1393
386262	19998
322843	1045
1006587	51320
265626	1241
1299044	5636
959235	25898
335699	23911
1145588	51149
477736	19175
573080	18504
466155	26829
144538	1587
621264	30439
1477199	11736
421740	3594
252295	16400
118896	1280
199221	4099
126383	1493
1249920	5428
6711	22
238195	15336
164112	1226
1896728	8316
459538	2846
419303	4058
1644535	64510
592949	10288
11224966	253674
171902	5513
654607	3191
253517	12729
128155	5240
601620	49940
732370	32452
41751	674
279496	1869
35522	188
259933	2137
2349080	19259
49516	639
177404	543
156007	11110
351203	11737
163245	9436
72323	1293
822906	75800
13324	77
544139	21242
446197	1399
135663	2125
355457	30258
1563849	48841
473556	34091
265638	10051
221990	9440
623562	19283
192809	11045
357808	565
372399	1733
138627	491
89274	597
729185	55605
75145	13520
80	16
176552	608
35917	177
174697	14445
58439	219
3102318	14522
3687374	173849
256016	2665
16169	123
109034	4767
172078	9163
337534	3459
579923	16021
194280	15778
188551	2419
328766	4511
87887	6575
818943	77692
843202	30471
811391	42281
716861	51191
89144	3890
786832	47231
930053	19177
15747	1228
322092	2125
3307126	12990
171522	7306
93981	4614
258581	1586
263540	7570
181486	5404
7447	248
1199360	10756
146260	1413
948061	18862
139618	7397
38864	284
241176	22900
98360	3822
364938	519
77884	814
532077	4320
80395	694
5200	434
806934	29222
461473	29501
391952	3423
128257	531
82487	1691
20555	233
699448	22240
590582	35604
58510	870
17384	211
636145	7739
33935	127
432110	4829
161276	2194
2129020	145406
85688	2867
401082	14653
598848	13930
96830	2322
881668	27759
17584	50
17584	50
155012	10211
213752	20283
59	https://i.ytimg.com/vi/ix9GNmWq8bQ/default.jpg
413357	1544
214987	4812
424796	13217
332682	10545
350608	28398
86017	585
480905	12999
242305	14568
1234695	48622
2742118	15135
226756	14863
741099	5699
1236811	112469
53029	3582
1108364	0
635456	18264
585791	72138
105684	618
549993	33082
74577	680
193485	10172
74342	4739
1365468	2936
15880	680
389573	9134
225140	3243
1168729	80838
37354	361
6393	209
39486	471
327452	17592
35008	1507
112884	4360
308677	12403
61009	1563
819794	54181
247755	14109
158478	1723
38975	2287
142234	1386
296922	26686
23983717	1326435
5482906	129480
2868217	138927
1506456	46271
5061758	105350
1015641	32725
1577527	22101
2582986	81485
1722568	76680
3089699	152780
167770	1826
938915	13069
166716	758
2732181	136938
1236958	18598
1423945	83210
2516253	147587
4259707	37943
881760	61749
885801	59790
1349067	19305
522338	22337
1863090	122570
4203082	385175
408334	18589
5121889	148290
266509	1954
625474	20074
1090753	41683
957701	2386
214514	495
2005577	200650
288234	2463
2618284	51303
1534856	98462
555304	32901
534746	16126
83744	148
457910	17587
36570	1937
1652767	70988
229141	2068
221281	1112
182864	2156
362987	14460
339615	10932
4996794	178275
155120	15941
546101	27483
443497	22618
467302	24224
358602	26822
1605040	113710
206651	4584
281695	22755
1792542	65178
810207	4008
135392	12591
239817	17308
238630	5802
281928	1328
480190	23010
249535	31466
611827	29670
148485	11207
112744	6301
18512	313
248177	9192
1065550	27563
735271	20786
87832	11371
429789	21412
92433	1059
463237	3307
152530	5998
389810	16990
120483	9359
231927	18819
84597	1373
590449	4696
855163	44668
106964	7207
62085	278
1560172	5228
185766	10733
548077	20854
1920643	9526
5316	65
134429	887
1332152	5733
816760	12252
23460	393
926118	3893
357767	1897
1568526	12319
147800	3895
272595	12901
147627	871
270440	24439
536628	4740
291082	9583
374033	16337
995264	6366
116225	9292
2013904	70625
65705	290
10319	97
52336	259
48235	4812
18484	489
63026	4107
407866	22697
373216	2839
141880	538
131818	5784
122906	2729
52029	2990
158281	14302
141852	1638
851330	35075
68846	1878
435990	15644
20596	216
189043	11261
9256	42
362170	33978
239494	8706
438139	17445
116160	11330
347229	1940
1354670	5799
249600	18155
295492	3615
330112	13244
338701	21155
629536	41539
110104	4844
439481	2411
207200	2897
82844	2870
305739	16269
220099	14703
74896	4456
16799	1930
52544	140
71474	876
394732	3966
563	190
195796	2551
89808	4146
43210	2721
22589	293
61521	3907
22173	23
3201	100
2315	44
152032	8138
2901	26
65	4
460468	17033
12189018	265648
137411	7071
490727	16552
68513	2751
427270	21584
356369	7014
24476	1446
141142	3184
181538	3499
262946	6366
260820	2648
364669	832
92888	681
5874	710
88567	488
197033	1667
4679269	27863
24094	534
415802	4568
82	https://i.ytimg.com/vi/ezC031_Sntw/default.jpg
165383	1893
812691	8571
56512	690
865840	48488
24086	203
60089	204
119435	1508
279951	10973
207944	604
74879	248
87203	254
224936	13151
119159	2920
52458	2486
319539	10226
892545	28200
9583159	190741
31680160	1510625
4124183	170301
2036668	53053
405461	3548
3071682	104694
5547553	114335
289644	793
373913	2977
2198337	26913
282923	1469
263998	1386
900526	31450
774516	6436
4006311	172185
330944	20871
3038222	87501
113632	187
202278	849
1188510	15845
604300	10566
3696718	240637
445994	24690
832446	7995
356098	11036
1718638	84164
536407	14961
359183	28376
2202524	29330
30056	103
94167	3010
861390	24479
579680	21342
202804	1539
1285353	19013
1312724	80710
299265	412
157455	1215
517427	8533
68800	242
302280	25370
1536700	87115
2832739	139165
242931	9236
140558	1676
2307298	137871
1287514	44698
212385	1225
167957	3544
2809720	156806
275059	16388
5025835	42367
170303	546
384012	7210
75229	125
300960	15407
232627	12474
4834678	418086
307462	9264
922146	61087
319216	1400
432611	2184
55337	415
6128376	174711
1458961	8271
344874	631
141793	5830
464348	18648
319747	2205
574444	52794
311591	16008
491712	5088
1890103	106617
15417	84
600598	13638
281956	4372
2292152	216765
227473	858
337905	2766
275024	1600
533804	17934
631843	39279
235247	12311
1027658	60506
54513	2377
64144	341
742624	19129
1827260	75838
1628997	86583
350828	39773
1444988	89685
716185	32482
268079	8401
540864	20818
74605	158
542763	25771
152286	1113
456793	12645
1166906	10119
300629	14704
611652	35021
2389842	136074
277060	25153
147362	3448
318056	4514
184153	15234
586807	0
104282	3476
85424	2138
1927437	86955
183204	2171
241966	563
144919	535
366094	25819
517	77
257791	4410
192296	15421
292150	14250
591472	25667
2130508	10082
785573	31080
31464	311
150917	1406
22922	1102
64864	4759
137	https://i.ytimg.com/vi/nWr9i_rlK1I/default.jpg
24968	215
23060	2253
703043	51486
75407	6922
8560	441
155388	6216
471380	27799
2366	https://i.ytimg.com/vi/-OIHmKSBAPM/default.jpg
389038	2287
863114	57925
108410	974
114832	4420
134799	6547
57418	440
98423	784
62595	4628
91951	695
260763	9624
69141	2454
1026190	49456
113920	358
107049	697
31240	161
508784	61066
2170775	73044
1639893	5462
3644	134
704630	4796
5434078	182699
811601	108516
1163819	3726
142134	7360
737229	52879
231120	4518
35275	50
134264	6804
436199	12259
2124598	57682
1236331	94876
545196	23528
5108	51
684803	31114
213771	2909
349870	28289
287383	1339
152724	10591
3549	229
169849	12338
31387	30
63229	1831
231923	17510
138037	692
251638	11009
932715	36262
352201	5576
699697	22403
441666	18614
267298	4244
208263	12975
88321	2981
654161	20013
146850	5084
251213	3402
270798	1477
87195	7079
36	https://i.ytimg.com/vi/ymKFpf904JE/default.jpg
495519	5079
154339	5571
695117	5281
127780	11954
90	84
483819	27127
37728802	1629947
12405277	225071
1813225	62152
435399	7232
1090221	12353
305901	6968
831781	77216
5108543	189410
608929	2270
2330403	56586
220480	3420
1139706	31985
294447	5193
611924	4754
3894819	117864
63554	15
150333	2446
491501	26821
2155637	173524
563254	7843
60285	246
703614	6828
334922	975
1357584	9762
5869057	120173
1071973	22877
506223	2954
10051	583
679554	42681
2041414	84518
1034185	34017
325117	1593
369656	25613
896730	16771
1044982	15874
1648982	24625
6898125	282307
507945	12897
110928	705
623516	39439
953806	7631
817456	19727
93365	2976
616089	29958
21481	122
217900	1448
4655253	184275
349662	12846
105629	232
498688	745
1037372	68202
100815	1143
131341	184
529878	31991
710977	82613
3279622	90666
58657	457
104543	4800
418121	15084
1402440	18023
2011486	94131
1121655	3614
697291	96345
585933	36043
383889	19864
635474	9159
1048249	0
683676	848
9812	89
77005	4482
201997	14871
1018300	27029
291067	22188
735218	18940
67245	2596
2644799	33787
340539	1708
27910	176
232573	572
178910	1936
223529	7478
179948	4909
204738	9153
221661	893
522888	21911
33004	439
142940	1025
29361	236
207217	1348
205996	11591
188776	13185
366725	15633
482898	2268
1836341	45771
644679	22070
547552	11454
962221	16683
793689	10248
2732903	11524
2599612	147077
104903	3270
71546	495
208843	4930
411594	3310
359076	12031
241886	909
334397	27029
780	110
110142	473
25953	16
1312261	19146
226	28
133842	2220
656235	8006
2248	16
149315	2981
568894	17202
1614447	89741
424884	2051
457321	11494
2762928	16654
951072	4659
26519	182
931841	31652
1433938	85185
69300	3023
672071	2800
421965	33030
2416034	22005
158530	2842
383120	18338
110249	885
1165189	70195
127871	23671
1826719	14723
24046	699
324676	24718
0	0
95001	830
6927	182
183980	16325
175035	27054
575851	21510
5296906	439165
2921359	160246
139935	9422
2058185	81696
612898	14919
604928	20036
342779	19738
35389	560
871	57
365814	14836
37713	163
40058	1516
232	https://i.ytimg.com/vi/nWr9i_rlK1I/default.jpg
410635	16906
232236	13782
1231688	34221
310929	679
187226	6940
288930	9140
326704	44098
84557	599
58045	1009
609222	17400
1438356	44287
621635	60719
271232	13727
363638	17595
150914	5645
303323	1161
312893	999
356951	10453
768342	26922
1300	80
134692	570
358484	2374
358176	750
2168179	112543
190409	6789
36603	452
347120	9662
162634	1512
48275	249
28070	586
16959	419
90276	5422
127869	9939
22715	1208
398345	3119
1822519	105066
96476	116
381487	1238
297588	31340
3189905	71364
784022	5910
2592824	28133
95791	736
3527331	82220
1277473	99038
227688	946
718171	4760
14409910	247120
1586169	38256
1691139	15184
409938	2497
339564	6030
636635	2431
81201	321
1161355	57785
1711525	7716
192042	29165
552560	38348
707379	33977
360875	38218
43067983	1717177
292499	3119
6042547	205754
935866	39467
167821	6454
80806	40
2055743	153455
361775	1054
145520	1604
235948	9376
94780	332
399912	36492
276549	3971
391448	7257
268248	7151
267014	1923
530	61
750767	5453
178809	12775
2584751	54060
3935393	92768
3257549	34529
655051	19960
2571955	190018
511984	15861
803264	3734
2990169	98284
756051	42117
535150	2634
296853	20679
534507	28108
4366666	125009
510630	31900
250971	1557
418152	12899
861666	110022
1224346	9685
584010	76437
1092990	18134
102098	2457
38554	1165
39358	2654
963058	47853
1619662	10777
1491617	20628
156794	927
18266	106
132893	766
1257354	25617
168262	6100
228010	4455
104845	1124
522088	49569
104247	9144
127183	800
67540	478
468108	19525
93014	3827
105317	473
166037	910
1351871	121514
12740	618
426545	13149
371155	4838
1039343	50244
1306196	78138
77246	250
285527	1424
545838	2739
265833	26919
154061	9568
53	4
77940	1262
348233	1735
565039	13554
36287	363
706508	42319
28605	1352
69461	0
244106	569
8353760	295999
95244	3708
148030	534
121455	5959
129383	5795
1016525	7972
255068	1205
652824	19446
265298	17714
6062089	123467
750505	2904
120133	150
33143	30
44474	1454
842192	32441
261033	2563
3594	258
56348	979
5263337	192996
96639	266
72567	301
690818	5988
498441	32229
311298	39084
280580	2743
44029	59
448209	3390
20868	472
854229	45948
67366	856
53251	271
5236	517
213617	4017
241634	1536
168122	7205
2884	59
29692	704
424062	28250
156669	8020
140079	717
120889	4335
53055	1041
427135	39283
312649	9083
147565	199
310151	1944
26670	1100
210101	2865
311892	2342
214167	19914
731954	9661
2410559	16816
17617	180
967452	1051
196594	30742
146061	5807
283153	16816
145742	10076
96451	4119
3406602	92356
166278	14028
25	https://i.ytimg.com/vi/iJ3xdfyIn5w/default.jpg
2176483	99090
71223	269
235920	10622
1393767	30404
75746	2071
87461	5549
284214	660
69708	4815
107291	688
1213017	0
162239	1109
747950	13799
80647	2367
90790	2051
83321	503
79924	2826
177043	6185
501513	11702
183863	5915
47514	1254
221	271
131250	1144
354986	18446
11476	99
757091	53319
96648	8521
275679	2099
989669	4470
426937	21053
29408	2057
220719	5209
40088	343
104551	174
726453	48242
6857215	129654
976546	20721
1796354	260160
2444922	47713
2729389	28440
1778328	24853
1589297	16708
1467488	74666
2048788	103017
3492111	188444
1721172	10906
811755	11707
1556038	22896
350481	3857
310102	4485
500658	8108
1673927	70749
1881659	43113
1875654	56332
1638522	52244
1735553	52447
246022	1179
372902	5969
570150	2584
434730	9537
419935	19958
564515	26005
291698	6547
4435027	108169
4350448	59558
363350	6462
257493	2052
148899	5497
23630	375
249493	21687
1054594	27044
104407	3839
191953	6434
3352597	18320
490426	13459
1740172	18556
9763	351
549511	11169
346337	17253
147985	9185
2277099	229614
258148	22697
1407751	52032
316092	2296
1314250	2136
184733	15919
5657263	294794
1657434	110174
268097	19257
961034	25080
129753	295
202272	2478
953710	90466
309575	22093
125433	1727
8117	183
470922	8664
465954	15239
50104	65
1081065	4014
91278	2450
62537	388
81422	1315
16636	1211
3248948	34318
191407	3373
2959136	18813
218242	13683
64973	6445
1525769	62570
154099	878
197002	5936
1859307	119100
88951	552
416724	46141
994633	17514
326221	17935
429513	358
628203	39983
3141738	11880
394574	18493
569340	67667
1086906	6543
374661	4668
630611	54893
114276	2169
132520	9602
67	6
409477	28357
261884	1277
127582	5633
1308503	113391
564978	507
842348	6544
56759	1038
93187	602
221145	6790
585140	22689
78112	3372
13197	143
354626	12776
336257	12571
52008	1849
241967	5733
83680	610
2807029	94274
111380	6113
114829	11493
27664	3855
240451	16050
1250222	19061
226706	3694
340899	8959
299177	2722
177313	10339
169604	13705
4509055	521798
428269	20975
20059	144
243384	8679
278544	3925
272262	10418
1353	https://i.ytimg.com/vi/Jt3QMZzT8HQ/default.jpg
151235	2354
91212	7676
529616	15632
517244	10037
112090	5583
284884	22439
439810	1091
38262	653
192909	2343
1722102	56636
158167	2519
871120	2235
1334121	142964
703210	21874
282841	7015
358954	7980
48708	231
490471	1846
314049	12692
610966	23220
82167	305
490449	3286
396391	22254
129797	2113
546964	4573
164462	1275
1060215	23631
765436	40047
367170	8885
196732	9549
136250	7601
42348	234
1816834	40593
186439	509
255925	1531
735267	38757
999910	126366
185967	2686
169483	3832
344391	28092
254284	2665
585239	4450
37468	211
401497	21733
159554	365
154230	11354
13646	118
88122	501
359562	6372
373261	16560
25626	2231
323205	6683
849652	16337
201384	18691
121952	11947
153094	15840
75546	315
141597	18717
336926	13983
112544	785
432421	10839
866639	41095
34515	307
60864	4052
484229	38303
947578	6800
411816	43469
3456702	150088
14089954	1065794
263357	4151
1710666	18761
1482774	171013
1701612	25066
1526	165
689334	8974
1371144	19143
5247220	528411
720285	5515
4058571	374368
377602	4165
1288281	145913
1092763	29810
1438970	33975
490320	6634
1913509	97490
2701996	91647
604443	49612
1122598	12919
2005138	174009
3965995	72212
6458048	270622
311157	1982
530592	6197
396804	10285
193926	2311
259927	5828
319698	6474
439372	17772
460715	5224
560605	15451
304456	3459
671110	60740
428718	16712
498	90
586174	25393
644795	9978
119851	3473
785343	2676
1486773	153973
663683	24004
346077	6916
2865089	29078
1450215	24665
1640847	71923
193887	4074
80760	1319
909074	32556
734156	23717
605932	16106
87317	3084
1343337	4976
567657	29060
60936	566
95468	525
21594	583
481791	56286
2215553	142409
732750	105859
704527	3188
2093716	113118
1856287	25149
3841519	195719
198999	11198
198677	6984
722558	29631
73026	249
291220	6488
7500652	136078
1460595	57041
1851728	11338
185536	1150
43076	532
408717	7003
226365	18669
61489	1249
378639	910
171358	4060
190613	3643
627673	10112
705368	29402
1970231	57889
365855	2159
1941244	76808
282161	3350
79544	264
904259	31843
414705	13746
24037	558
835987	43240
675796	21666
792828	18439
2125207	44744
369712	29140
254982	13088
103423	1248
1007	21
334860	24988
120233	471
513272	66488
16824	276
108915	5915
456614	35834
172835	632
1991881	38853
13277	70
111811	729
23359	721
26004	55
62264	2138
451409	36761
141093	13080
28995	509
154458	8356
62906	332
1956042	56985
187209	1249
454207	3621
140165	9630
180073	6793
358568	11687
177922	7270
11991672	412821
95820	1096
702388	59235
474626	38514
504934	2377
436642	16469
145925	537
397275	14008
254084	8395
519654	22262
137699	759
117560	3714
48005	388
618492	2350
337863	1538
251032	8096
384699	26554
145805	1824
41165	1766
88922	3469
772927	14015
145026	1139
252687	2411
1867718	24836
184977	4745
7572742	134864
948030	93783
840955	41073
328789	25200
13397	434
776846	13889
299872	719
35811	719
80403	1055
405597	21473
947354	5758
464260	6599
980896	27074
40977	1735
41556	270
148230	1206
158673	2309
234975	7542
91807	5041
329056	2023
437650	3250
158629	6750
108638	1429
27688	1840
2327128	132796
346318	43017
683394	10244
1741236	17808
7294891	69628
79065	5291
246922	14970
792858	62050
321123	7495
71701	3669
52815	504
24505	1325
112077	5279
215416	8675
1179146	28435
130855	13056
195517	1563
349028	5711
3645376	20806
3077931	24391
2297749	62245
221313	17634
305023	9854
2058320	20045
175988	6930
23198594	1404641
4462805	186028
2707826	250442
9974517	747603
2583424	25747
2137879	215148
2571	330
3070517	157850
971839	15654
2186990	29224
1206569	7355
913496	10912
2541103	258941
1748932	24401
1990171	36211
11415854	377034
1076739	6752
804637	17493
5144910	420501
219205	2496
830612	24313
512535	2171
1831555	38766
816933	70414
1654919	142887
200524	4003
337519	16230
491082	8771
641004	22021
622774	8130
469310	12130
1845344	21645
704099	32392
366065	1781
133420	2164
1250213	35126
269690	5347
236686	2632
5316244	91130
350577	549
279318	2912
372699	23818
372812	6128
2044950	102198
1960	70
273209	18603
346576	5846
191719	2038
659125	52083
1006161	80029
2967169	95270
872759	2869
2285434	26877
332689	7350
354000	15324
332653	6761
28326	49
265139	9832
114333	10362
611812	6736
10602	198
519008	9320
241647	759
165797	772
353024	3741
49124	422
117304	470
288537	14544
332496	4668
537119	13514
716427	18611
137359	1311
789585	17038
2083841	45693
34439	496
2158219	185638
393318	12039
63610	106
269898	5628
581902	4754
58691	513
867669	19930
755653	11153
498241	15480
426494	6622
1038656	31066
199	106
469540	5276
1343515	7723
306409	1830
1279768	45674
848455	80168
218953	10521
2106162	82239
713888	22657
1155666	144716
303784	3974
235759	14477
448412	8446
99878	8358
396805	11956
198195	8801
556	77
473990	22914
271263	1618
848764	19656
2433491	7980
1070692	36503
3991	8
411405	3234
820128	28900
276312	2142
61101	2119
977818	4374
441159	11864
682383	10819
155770	3945
546909	18871
89657	4276
2622999	130215
108746	6272
27016	671
555596	4095
987910	12309
295319	1888
1630627	26094
1131991	40867
102168	254
165852	12920
231379	18527
114	25
155172	1439
116185	620
17061	48
634760	7963
110010	3650
193720	5135
1832829	13951
43506	339
167670	973
629994	6007
69036	4677
1106260	4016
61442	5363
143300	6919
417297	4972
147703	4039
606382	11596
108799	7104
133016	1561
459763	32378
700901	1393
465473	40304
602301	30124
108437	5559
315219	12756
115794	6578
208362	1225
82008	2087
60984	343
804554	90193
1152923	55876
409990	12966
754670	11906
125094	9812
48691	550
2077838	59604
4009691	198635
602409	41922
823000	31817
809510	71594
814962	24241
180201	978
646746	85462
49848	0
114404	8346
108029	913
174725	7515
305156	9684
126659	7983
369192	3010
65042	395
274505	13792
43263	3155
1464	25
718190	70684
38619	564
267135	6600
230507	1858
7878889	139666
17265	1298
601314	28315
312599	24394
148983	8913
2448502	44434
557189	42325
222188	10644
29743367	1574079
5217561	206109
2011949	28587
1330559	72994
14352100	914999
802845	12405
304135	1137
3031902	266980
3192370	29781
1501227	119256
1284781	98463
2348594	100065
2410999	232441
726399	51183
3294	454
4196683	259387
539281	20361
4303341	190530
3954942	344105
1988542	9984
926471	3053
889448	16957
48301	95
554984	17561
1629369	9198
137181	1284
1156524	95666
2437565	267405
1407618	50085
2449088	31084
684303	6297
1121261	6736
1046158	11883
904258	17126
308901	18272
865400	36401
944475	1373
15834441	446956
1189865	20769
2306555	38736
1085085	28091
42084	63
1426193	87615
214052	14325
1066329	21331
148595	887
6126993	452741
314901	8614
2074253	41379
106480	993
578240	29256
769347	24823
371033	10890
1862300	57094
465590	4486
20561	299
145182	5177
343356	27742
575818	18111
99560	311
665709	25774
190798	1806
220651	3012
579996	9866
438388	12625
634707	14299
1973176	27412
16763	73
2716369	207522
327388	2603
488098	7554
4945042	75205
107638	733
248	103
2562500	29439
103428	6749
111650	147
173987	3456
386447	17536
114300	6298
225344	4267
167078	7299
31307	536
691171	8670
1289258	154330
174824	5409
2750645	27355
94977	2492
413022	1908
1589260	39780
554315	9430
62003	2147
872496	13013
242908	7147
82728	478
2713	97
97500	5146
169	53
474551	18968
224431	6487
439356	6850
24520	132
155	26
361269	1798
327420	31705
292525	5628
21580	614
319769	23534
233697	10038
175161	2399
798567	36646
365	189
1137294	15262
231308	14945
137786	4438
58994	2384
89543	3500
141768	15425
2452830	16315
551800	22074
453147	8234
2120670	104713
417888	14523
17178	338
492750	2287
501470	10224
966305	30055
221031	5158
164175	7899
285425	10733
405921	11507
186447	13496
22998	76
688387	53228
159126	9035
657381	15835
668347	9086
78034	4605
6483912	105582
521434	31985
96537	6180
359218	1165
105762	0
933187	2952
2498732	10514
968116	41998
3105892	96767
7778	184
294014	5435
43766	2150
89016	2285
379393	14220
69491	456
249	16
1690118	21291
288	44
485013	6396
787060	26567
75532	332
312734	3077
178579	1787
664591	7178
223862	2273
31516	742
170991	1763
0	0
184825	4226
1024305	21675
173291	8470
268269	11569
280795	1903
46664	379
104380	634
1085437	84336
17	4
108967	386
1454233	99762
68452	4310
330732	5285
236762	1188
22447	186
18738	76
609475	10390
641418	14459
385859	1088
787096	20102
651707	4156
1935381	14112
29719	2186
383123	3916
150809	8676
131338	8846
388304	28733
1948919	25894
480216	2129
34708457	1681449
2542806	34289
223338	2143
3248447	160931
5764719	216867
1793505	88110
1097545	28325
2231257	148497
34644	318
1390338	101544
465097	14148
6094691	319405
1653091	84276
18483417	1057011
1181893	61258
837814	27761
161837	2024
607054	65289
2906985	113408
3479682	31734
1298228	28955
1051	145
3183416	273992
858502	35457
172469	4654
503948	12487
322669	1352
1105694	67991
2548486	240244
1480212	13261
144826	7880
1266079	54775
4830829	203914
340298	22205
3992	554
1101278	3454
364730	35082
44	https://i.ytimg.com/vi/q8jZtp0PjoI/default.jpg
467593	12072
318743	36691
112272	819
953717	11803
1676192	27625
2440452	11646
1640333	116704
62210	112
573630	15694
541491	2910
1585037	53876
167369	1560
263266	1333
570863	22730
204494	952
34034	40
496033	14825
2716575	13843
817620	18969
2998343	295533
796203	64086
5974	215
264183	7535
392920	3665
491552	11536
446363	3624
1311677	44889
1338730	22026
132250	1410
255497	357
220603	11381
1295436	36833
1337943	33533
25896	548
158269	1018
791453	6986
20220428	507793
89222	4095
678478	43918
101363	317
326704	40421
2661642	32313
114129	882
120378	5410
2233469	10654
855972	3767
167693	728
2309842	22948
1005762	17938
619102	15352
423598	46324
1113253	42862
32	https://i.ytimg.com/vi/QsucrIz_RTg/default.jpg
4202295	89265
1304219	32166
63454	2020
5136175	46044
3709089	34607
299	97
2431405	39960
831353	19474
1296733	24475
276959	6743
358355	12122
216796	400
167175	2705
48589	301
36399	489
2068116	61091
1596428	91918
507962	31889
536030	7614
402079	4743
30484	1043
40	9
415002	9217
122061	5300
236715	15092
111378	794
86291	511
287616	1085
470310	19642
32	5
146324	1224
7091239	94451
224119	20983
323367	2217
21140	56
223522	3614
111572	693
435002	22456
3259095	224943
774323	16401
339914	12554
185461	694
630543	30667
25006	192
1937	97
2195411	42671
1174711	5859
650784	10993
112090	347
50459	2129
273489	3443
1262	47
275517	17313
246417	6399
7299063	46775
95702	3688
2446	195
68028	763
279131	20865
69538	1851
99668	4364
760407	6018
96081	290
251481	11110
25193	359
467779	39094
222080	4120
61100	959
22066	2139
189211	4552
140627	663
138932	8295
2149866	29771
977910	3162
38528	429
1371901	159631
149831	20193
3226905	36006
21533	88
119558	2772
410230	44927
99412	2289
107872	1513
135160	11766
97158	130
408394	18181
3592	127
66759	219
604784	9768
448106	6172
240231	4383
114016	1763
202389	5454
6934675	472947
87604	621
65182	228
126632	6582
1754618	8266
44630	2858
255076	3903
79578	2599
17466	112
2796125	58605
2318060	239148
116297	971
996294	70117
2454887	30241
303335	3546
574118	2522
648239	16391
57866	3706
869784	35419
2918806	165230
1394092	33982
953860	3014
966723	141203
4637858	193092
413305	3549
232882	960
1369246	46125
817676	14254
2761070	36036
1266895	21883
190587	2189
217345	22675
1734472	78583
1257407	61500
3154858	118909
922316	85419
1893717	91192
2602398	158581
208340	1930
892245	6627
922569	30062
762725	89226
7543621	362004
307358	11999
357345	22743
169522	12057
167460	1055
318761	1363
646682	6978
3396247	46483
38629167	1752164
262975	7156
969752	67529
42482	45
1340	214
21748916	1147342
2829312	15025
62736	960
499527	14112
1020860	32411
469232	1315
534444	52925
446241	13218
1675220	40091
104399	3502
368572	2292
157831	1169
	
1441481	79446
22296	132
2405786	16585
1995546	16631
6074583	222639
590267	13074
1701487	29708
775708	5646
333835	11228
80672	279
1015839	21124
692514	36462
324525	5527
1285754	81077
2141381	63206
154285	4900
820630	18539
463549	1490
7223	104
341129	3735
379233	5102
393477	33616
296	74
757370	3698
673227	19293
60228	1340
398892	3029
4748449	97506
151387	1099
171121	543
45	8
315776	48936
2471	1084
345227	3509
150194	508
20669	81
810366	18992
2643362	78392
137243	457
6508	163
1432158	15051
103579	290
62146	2110
32	2
138	61
69951	2898
2625882	244375
1318556	89644
76751	2077
815	113
885511	4015
13008	270
349575	1649
301075	3900
154457	4039
781163	17956
1124458	104369
4496	610
1064653	7220
567335	22239
24938	85
337568	2114
2377613	53856
152030	2224
395609	490
109353	8685
80821	420
157226	6713
170328	1231
283655	1396
134032	6288
192988	8432
405780	2264
206455	954
149826	9123
289056	5915
183924	16871
169566	13768
242879	1167
4426071	370750
526418	4303
9189	57
194549	13523
1687353	56047
111810	1168
2763024	12929
37170	227
157768	10045
585617	35461
101027	9020
295322	55802
1082333	10295
347427	13517
151660	3269
180657	1698
95679	9060
169187	4797
549201	12463
2111	114
634161	67202
50883	803
55282	274
67767	117
237993	23613
3288942	308038
126133	7431
67731	1449
1716425	119296
84930	1231
182657	1902
61668	772
799093	49505
22614	928
483210	39654
205812	456
199239	411
1250500	6290
88651	3448
710054	39776
16108	417
77016	315
165494	3487
688715	61823
6718583	128369
307490	8713
127168	4676
93622	346
449039	9583
63939	2195
255936	9480
33570	2212
53555	3330
296197	8092
18145	64
53600	3126
3624449	26324
4566672	90438
4071232	343271
2835938	117837
160380	1377
383743	12154
1418316	87300
2027554	53910
341472	1026
1671864	24359
5943255	216166
364336	4212
1937898	209445
470762	38397
866367	23214
79541	4429
2718113	31461
3851506	192189
342625	2804
1367416	78895
765666	33262
820784	12641
1163769	86111
1448694	135017
4802685	57261
1710332	39248
623782	2699
1567399	49698
451150	3777
771703	39282
267110	2719
750593	20313
150342	1425
264010	12317
321574	8401
1509757	25805
891157	89944
1151001	66380
4688285	109646
348464	14530
1378719	8992
478570	26808
175611	1289
381361	9626
1245679	63512
82953	83
360208	12310
1036988	32023
1316227	62977
555758	19252
69252	2496
355996	39531
444836	31323
3294424	122220
3448296	27363
676340	3249
230422	14732
410284	14011
154190	1506
1064009	110994
2851205	36668
584584	3986
188223	4868
2816711	14054
570280	833
2954794	163263
	
1350166	81063
196012	6462
1956306	92863
8669309	390174
695257	70217
862838	8564
71876	686
1700526	103579
161263	2647
635	109
587373	3019
407487	13226
107801	652
3178239	15991
452859	4172
138949	722
124384	4996
591117	16648
896726	11472
1488	259
455870	35561
305234	3758
259403	1696
290201	14880
42019590	1804377
1114832	34759
520808	1519
168933	6981
4291	104
323909	1393
925583	44520
107034	188
546871	6464
139819	496
235382	8121
214286	6802
128434	738
625355	58041
522716	6172
919134	7913
89596	6778
99179	4950
235671	1929
123173	533
474136	6934
2140806	51656
128334	14389
184332	1738
559131	37692
351135	2268
252785	12635
1297563	8096
347442	4411
344610	3145
608902	8933
1644649	85365
228275	11742
25	8
169446	11959
187092	7772
25782	459
855000	7529
1332234	110395
433318	41334
1032472	24414
470884	3209
142394	1096
29847	853
135	99
2181994	33491
549432	1699
2514740	69139
73	10
60854	2039
156181	2252
159040	13734
222757	18710
32035	158
11563	1308
647332	39117
541482	15430
436399	6208
108124	286
799943	5707
108183	3929
123790	3876
1010257	20644
346624	7008
30515	128
64061	166
24118	135
24609441	1210593
534399	62256
179044	5507
6450575	227180
189504	11737
250678	24617
168360	557
88	https://i.ytimg.com/vi/aLaE3vil0DU/default.jpg
219362	1267
2169761	17556
36336	3939
63571	3084
103860	0
165172	12650
178512	595
11189	261
51922	1080
3679641	50404
5308108	101942
347626	5347
315414	18126
441424	10386
213557	943
146451	4759
161343	1137
559864	58268
84040	300
50328	3400
111998	5098
717370	21504
0	0
1167768	42610
65019	923
67798	296
560524	5640
219312	14101
147080	204
2660	1864
1392244	17274
5817295	191112
5601485	109023
832257	10070
3068037	206202
4488502	363298
635686	11383
1993989	99994
557830	1878
2314738	93828
3391363	216585
1249420	17410
828023	12060
2326439	59638
627027	28718
2044173	157425
971400	21212
1486817	67919
2780977	235823
418584	16199
391480	13873
2520002	60434
1107374	34031
16616	317
1532913	91458
187730	1587
1513869	127793
19827	568
24559	798
474343	24714
607810	41308
285986	11992
7464255	237158
328683	22619
112253	95
8570	917
2297342	237489
120926	2036
572982	6668
1389594	64185
291934	4405
440086	3415
78535	430
314647	7859
4667061	207787
158013	2232
774656	62744
517444	40868
377706	27680
626246	15100
16709	7
97362	1512
1007685	24196
1752229	129158
358401	2101
174167	1521
61924	1443
771467	32673
89015	4740
784803	50081
1000211	161791
426154	13671
1298778	90979
318911	17491
1733567	86215
76668	628
233238	5780
116512	12897
598726	10254
10809	166
171896	5177
1437244	69219
1786512	104666
168245	1824
1743283	31678
5842704	63226
245020	3449
6165831	38331
197630	1564
105363	660
648043	2966
2927221	32106
1721153	27291
238948	25570
386487	4427
9120065	141090
158191	3883
139233	6401
21999	2033
1926682	42322
785084	23712
135714	8170
27281	493
382911	17059
6091110	205297
724198	31533
564717	98869
682774	29056
1669887	51659
844012	21100
120780	1052
118859	673
82548	450
1628684	6909
277667	3257
68630	2663
193655	19141
143208	4311
170628	4243
166174	3575
140724	1169
1495082	6522
18	4
1103177	9216
465284	3829
9174	236
17986	0
104051	265
137560	7775
432782	10845
136553	7562
469353	35700
84903	1075
154826	753
62806	789
519407	4323
135983	11305
300872	4073
278088	12069
241103	12602
172905	1354
159782	2377
24049	37
	
55481	138
146034	2083
272577	11684
312008	24589
1620846	9811
564128	5694
2827100	242375
230723	11576
169031	14516
1497991	15624
1818825	92162
135090	5378
190508	4950
40472	226
42656	3376
315490	17542
272512	3354
250011	1005
3612830	32880
92927	3700
229381	773
437471	6173
145549	8664
334643	1705
312700	1990
68174	4938
66	12
81847	3278
1105588	33264
752085	44462
298280	10583
33132	2364
643441	2758
148767	16154
275364	435
263433	1364
122348	7185
360723	10609
53253	1844
1772609	11303
162908	283
29170	676
78865	4810
586969	3015
160402	2428
448	31
252485	15546
656796	38695
1230841	139035
484146	15477
9773	45
707317	42677
80434	6202
410280	11721
85298	835
518174	8644
90989	7332
1334958	63484
1044012	8786
69140	4557
8597	93
328599	2213
80627	1965
2735642	40401
7241896	222480
5175765	41585
1680809	82525
5779856	295402
1390124	18997
763360	6632
1192248	18098
940904	14815
815	266
916184	60339
3934319	123180
1547142	6255
6192243	117733
916257	25586
5500402	297307
1090309	32118
1011751	28946
4673202	371156
1792690	104034
375866	4928
55369	1605
2100199	102964
1465057	67118
393554	9393
17746785	585588
35548	616
734243	2549
878548	29501
123356	88
284299	4829
1060572	40283
866758	38403
197891	1176
489447	24095
863187	34708
1662533	43686
383417	14243
545660	5003
1179421	23929
4342140	318255
1029332	104233
741754	14163
3340404	72564
2538114	176770
726104	10462
694841	52495
2561978	265390
560194	52721
639091	57770
1995829	86113
1471975	95009
782873	15279
331267	27224
834081	8576
138917	833
496911	17611
929226	54484
189719	829
262792	17010
384796	15709
2227388	87201
140361	599
422876	24271
496778	15453
332437	14240
106854	2998
1718705	139373
964423	35233
2724896	63007
566896	22728
252721	7282
130267	5166
124385	3055
463163	18604
592628	13430
1052893	72468
261831	3100
117371	3762
2759438	174490
502848	33126
639064	68348
813743	123655
1596153	93548
2555862	257057
12159067	316948
77733	4542
105328	1192
435505	40764
5783681	224330
148517	1795
1028872	37341
10828688	300719
211629	4840
16872	7
287163	10790
35891	925
902761	22583
1574416	6185
116756	2542
703289	3349
546536	2728
1012990	23710
296488	4813
27757	617
141265	5742
2011072	79901
1942	29
288434	1831
886856	34591
41	https://i.ytimg.com/vi/8n31bqMVM5k/default.jpg
88067	408
227628	4142
9509541	259867
42226	250
136766	11616
454564	22170
20	0
543506	42199
11279	40
422152	15192
496635	7695
549363	45279
97088	912
666205	86210
391195	25050
423745	5031
211742	20951
203365	1704
	
286496	3010
18311	300
124799	18187
663600	14968
102900	426
85656	4544
151281	11560
1977122	92923
27103	2342
725752	92926
117828	10317
184704	15733
142965	656
110871	8581
294234	13915
178160	9762
743499	11297
296803	8368
174148	1027
684	20
180410	1545
13518	70
259854	17685
96002	385
908363	6120
87044	7546
18183	1499
93339	4842
66851	896
305094	4049
337276	1767
1959177	111792
265139	2483
102560	293
283316	11794
295794	24925
948330	37230
216706	7973
19109	243
243168	4693
1661396	41452
123589	13768
72053	2452
925647	26125
20906	137
1008091	58932
320254	444
41019	2735
1049457	49987
90116	12960
6371908	66139
490133	19738
81467	741
209220	9955
5265	58
179734	4619
122337	11242
478852	22179
296062	9650
128315	9850
171877	1219
154636	2349
8713798	50335
610474	54500
47925	1696
3411062	247248
3509600	51324
2816260	110661
8349078	243562
1782107	40029
342489	3103
424012	3894
5382591	42599
993923	8849
7296078	347157
1009931	17168
1115126	58102
3403013	17681
1460	490
1638491	20729
4267005	158033
1864713	93133
143162	6936
5200786	138294
841447	17346
799405	66334
1493357	20793
367783	11622
692420	8831
1395195	38030
790	https://i.ytimg.com/vi/F-vDHgcRBkI/default.jpg
831246	34423
3190784	148717
5157580	143930
101310	103
1100283	16291
1487803	37425
621108	24762
81537	2233
21836024	700177
1251611	42261
7755144	373089
1193873	90368
1124656	17826
662139	34630
2144697	85276
1680172	133372
569079	73575
212054	1056
798716	6927
351066	27488
259267	14726
100288	1495
395123	20232
1209623	35540
49459	816
209870	3159
627225	5134
1161286	14458
1387560	20961
222470	23483
1654555	32483
812893	97980
4836529	377826
943362	73158
433111	29852
414386	22533
801204	27982
1312685	48662
118696	209
875123	9874
1365733	14403
168906	6173
75479	154
1182299	58004
1489010	74522
202641	2454
75156	80
1024651	79280
345014	12298
3419606	35879
839798	2887
272636	6612
3533118	302352
8436	81
1901198	47804
1436406	42182
2132569	103963
1413830	92645
551759	14513
296506	12900
444189	31608
962812	36894
473591	11090
758606	23683
212055	1241
4966145	346102
178342	1425
122388	305
1287558	25328
1386919	7538
182220	4414
232694	19099
506534	17927
411070	12242
268328	8712
212102	746
6622430	122960
193599	15797
2803696	185532
4301571	82153
309678	4343
350426	16458
427021	8845
409558	7072
165564	23597
308073	8662
398279	3219
598217	4886
137132	16491
16076468	403069
239335	18469
407452	1381
2384560	99193
144260	5033
167806	1504
138	90
149897	7003
1106340	56734
643400	3246
994706	79996
311863	3700
141867	3893
254440	1024
230047	18281
337212	1736
612098	6451
945668	66340
124575	165
567677	18630
47680	130
967971	9368
242033	8352
1819170	4858
37	7
746349	55885
465776	2601
275360	10918
1134269	8025
	
959807	18085
365584	5438
53078	1241
269623	8253
3567363	203773
9044	113
170421	2650
1234931	134880
136017	509
21825	2287
64388	386
45798	378
147625	1276
36470	149
145310	3320
5307	39
403491	10466
356257	4504
730764	39897
155478	3630
513410	3473
462582	43956
138351	974
119267	5260
1291362	80324
174476	1402
336652	14340
128894	5788
2856209	64677
121427	260
48976	1540
127326	10595
448544	2563
328933	1667
35	2
1514005	7502
158241	948
60996	256
13511927	328735
579718	24509
151905	3370
67974	627
3158540	38700
50037	124
107911	9105
108217	632
246517	1680
230276	7759
2808784	273722
446864	25062
836	128
893828	32869
5686453	334807
353527	4368
1864342	159418
998131	78908
640456	5526
2903560	64666
906862	55952
429260	7927
1727500	85730
3309330	119624
781735	49308
618025	26246
9092765	256492
674328	33124
6504190	197649
2718728	148313
1194912	35981
1260142	11630
1120974	9579
61705	310
1373965	25905
782255	28290
4361881	24008
8611250	398287
765541	4984
1914	620
1627930	22792
1654556	105366
684046	29596
702180	5984
6534482	169812
2100285	9044
1049769	11359
2189623	82238
160087	133
381772	12555
412417	33550
952	https://i.ytimg.com/vi/F-vDHgcRBkI/default.jpg
987337	98288
1845025	21975
603668	65625
886869	70744
1481728	64758
129316	214
1593852	41131
749775	32133
678534	5822
960732	44090
83720	681
989647	69403
1035606	27623
3702942	161760
115674	4278
1995964	15473
66777	1049
649867	38022
324188	22882
1628399	21785
138	46
288054	470
6246329	161214
370	116
5515044	43082
1793013	9018
247052	10640
97587	4223
500793	23200
199975	34741
111011	5166
702365	17558
215602	1111
405956	49935
410086	11001
377804	3219
2176746	152192
24103517	777582
67388	495
40685	336
129884	6440
195669	1729
2756639	100448
1187467	17062
5057200	45757
90453	2410
113948	2470
10073675	439799
242294	6842
536064	4465
67333	953
130694	4475
98628	6707
1755179	58932
86324	12241
295006	7103
225421	1567
1224786	18745
130400	4565
71485	3247
25674	79
286489	5257
61307	931
143554	10283
790970	3351
1666100	8915
916996	7867
2017691	37893
47644	3144
32790	491
140471	2709
676146	9410
1014468	36852
234911	5108
1468309	39112
529354	2612
340436	1033
342468	14009
1201873	12350
58901	677
196479	13080
2885114	11587
51816	1684
233241	1142
102571	1515
741581	15650
149723	16486
169024	4915
1921080	49321
2028730	95402
485514	30767
164396	2685
62714	1886
2629020	12853
374252	8526
33970	700
1923322	113141
210771	2052
15511	315
1758962	16305
0	0
263483	9297
4420020	330581
12616	128
179959	3718
11642	1574
149108	1143
867935	29573
98285	220
	
614742	11499
476728	11293
140297	256
103009	10225
542436	3885
234419	2653
356690	721
12141	76
2204016	9656
435432	16583
455575	23901
426665	3302
387312	40606
1514843	9419
1797902	20525
128868	2845
141111	11958
614439	46347
411252	42838
46661	2014
10434	187
158760	7625
685709	3326
67548	1613
202193	12327
39568	204
953966	4777
364531	11380
194	28
172291	3531
340815	5362
521779	37791
75335	4071
467023	677
1230548	10786
84973	4229
91445	761
77810	311
9433	111
56749	269
4991946	383858
112123	3905
50288	4555
318959	6235
566262	12354
127071	9173
2074499	51349
596843	57847
1932333	116457
1052998	35194
819737	40762
6471531	355982
4234615	287422
977268	41679
344549	5050
2864448	197712
9667194	34934
5298026	204022
286467	4609
1112068	42007
609156	16917
1762620	82867
1437273	74222
664854	15768
431066	26828
650855	13343
2269529	15725
777672	6362
570852	30560
3918480	92776
589982	17443
1502047	43735
490082	11701
463019	40816
63110	3984
662	163
174300	700
791924	30738
359274	2226
3751723	177997
317196	4098
1390697	38962
3568125	123958
296633	8834
119085	3785
102899	94
174913	1872
331334	18826
216876	8110
383890	1896
465022	10358
935651	84951
182190	6087
572422	16431
143492	4042
306101	6513
203431	1698
2532029	100553
195457	10923
423233	13099
364585	26911
133189	14342
1275578	7396
2503420	17252
388810	18641
47793	387
521554	2808
967117	37977
23	5
240881	567
233729	1344
1717111	30039
86690	1552
142252	2473
1485406	13878
2320810	12722
169777	21371
151163	1670
357991	2543
868108	29188
103381	1433
724066	6042
1826874	23934
236	81
251556	8876
454860	35262
150022	993
796739	28747
1080300	40732
248873	10261
1281075	12849
403155	2730
735851	4056
145387	5639
1278214	112489
4709	5
185843	10144
2229003	10348
4822369	27166
208714	5403
2139	700
9820768	439811
387230	3569
379730	27899
828306	78787
835921	76862
473947	3709
161877	2541
9585315	262387
446011	18356
7099263	184657
167335	1483
54629	369
218700	6142
2326063	85283
76970	3488
114727	3456
44	5
101918	522
84289	263
379402	19502
1741648	0
146994	582
16109	99
145038	1987
362931	1897
882950	31141
31793	580
194595	5046
6586	38
69819	4926
1371437	34311
904	https://i.ytimg.com/vi/F-vDHgcRBkI/default.jpg
584723	11599
295743	46213
335847	12642
28028	1536
883973	6855
1712687	42664
148679	2376
138945	4995
118001	852
110825	5413
518749	3088
319301	2156
940697	73223
543	423
44831	2948
1257098	80528
9384	301
327098	6409
139766	946
349589	545
242164	541
2932	5
314400	13746
248074	18153
512831	10662
149760	234
221197	3932
213167	9186
408475	16131
51457	1735
59742	4498
182876	14552
339263	2628
3927954	166854
1053159	46680
14669	306
7277101	174599
730167	51623
36367	3250
125556	2508
32758	4488
207406	1888
94868	664
64471	4677
222240	2718
46362	246
739169	11196
1138592	8059
49554	176
127913	1055
87957	386
42663	622
356079	24116
136885	4718
1926982	7596
297130	4636
722924	40500
226554	12557
2581840	163680
295566	16954
22113	87
1736494	6865
64165	437
3351170	113837
50181	3486
2348782	70323
98732	1781
412969	1436
5595980	43347
180419	5681
4083	115
379481	11195
52649	3789
264464	9427
12525525	633715
2118573	89005
1408283	52981
1387775	41400
1438957	52862
1577255	23483
952863	14092
519181	7453
1026017	40840
1638023	128342
17757144	57440
4226399	420224
784673	10095
1301631	27103
859197	86326
926503	37811
7111216	371038
790417	29266
435057	7278
1054125	34887
7381469	256607
490970	17263
360016	5296
541664	19228
308927	15284
754632	19372
1244482	44275
3187177	206188
464123	15737
1078139	59460
601740	33198
131005	6378
28149	745
153198	120
718715	53483
212467	6400
799843	37926
223502	1520
588668	65640
473570	20346
745685	17284
471684	3421
356819	1565
452552	2925
385313	11435
368688	4698
940761	31817
1865679	85034
331579	8885
756774	73818
1591766	78767
829	202
303820	7512
271572	2886
445713	18864
369907	17898
790923	16039
157428	670
262198	4128
441590	40550
516548	2280
714341	25335
41913	61
852483	17651
220242	1014
89206	506
22	5
441848	13075
727495	46530
167989	9954
408188	5628
206229	5865
214893	1349
469801	3053
355504	7435
20133	327
576187	26478
671190	12914
468299	8496
171730	7125
840955	6705
77557	1946
829846	4412
3510560	7089
440435	2706
473900	50697
49841	154
356783	12320
43056	141
654052	2945
4387130	191771
203691	1468
170438	684
184615	1362
190164	18037
336645	26282
1496707	70884
889074	32861
528678	42086
326353	2326
1025920	2979
938603	57955
144401	818
41454	505
108477	1268
625366	16597
152879	9753
742306	17426
272318	3518
74779	1181
1442156	113309
488271	4021
94272	1424
60767	704
540568	5326
541148	15232
409667	779
513799	18181
280822	13551
795360	4989
3420924	17695
345705	19265
527965	34397
289120	20623
141529	518
71589	3499
281580	15710
691034	12158
249568	24132
13298	81
499511	16812
262441	1510
3053263	115602
320071	12320
77626	4106
317146	368
297198	26392
226589	6858
369129	1778
871646	4114
187789	26552
95625	5412
105276	341
835758	43154
523299	56500
341250	11158
43	3
328265	2123
68808	4402
85746	921
588825	34638
490316	18090
350654	4942
37	6
125973	5680
166397	15650
49453	1826
534198	38199
593878	8859
120958	2375
264845	12205
369007	3091
275514	9379
135099	2287
141273	4242
825	84
6216	11
173606	4419
312651	1604
101320	4656
186641	16717
16845	316
44983	294
325497	4853
110232	3675
171401	5502
334333	47563
278738	8398
490390	30554
16812	31
122149	6671
50654	3112
540975	3419
1170491	36870
154551	1218
1156633	34080
241377	2974
1618363	9523
44829	2120
47	https://i.ytimg.com/vi/kGSB1pGYdhM/default.jpg
110691	6710
82332	4890
154506	1249
4285299	827162
109021	3395
17956	7
17228602	784290
8041970	1167510
2300330	59142
3827494	120973
1439047	117916
914385	45710
1947221	62737
1609388	57207
2729516	182101
1629409	56980
1385419	18482
1052337	13815
1544820	50753
583360	8669
1831761	25548
613672	25336
878157	11424
683086	10319
1768016	159723
437162	3523
1704628	33174
532251	23112
19258457	64687
898022	24406
689473	16925
5283507	246778
904706	25463
4763251	453842
374583	7890
1638560	141144
294728	3192
3455624	121925
936946	33288
1207087	106695
1019354	6653
375319	2420
1196646	21266
805480	53951
14455	93
122492	88
8622668	282256
451122	2627
7379281	378450
668715	39307
731284	19000
106919	3418
371656	648
666455	25943
795224	20110
38449	877
747833	36567
250361	2773
1055224	34704
364528	5348
1065309	59293
84791	1313
359907	4655
435039	15460
443258	5272
1727422	83372
464363	3925
3357968	210997
477510	64609
1947094	22547
1156852	78492
135234	604
455429	12741
597564	15610
624116	34004
432731	1962
1682551	60726
884652	17745
1210271	38306
8532222	18425
147146	6859
481782	21402
197322	635
247039	13018
823991	58277
1132663	97031
72311	469
2489579	12659
372937	10579
388827	8459
812462	4515
137447	7240
873914	40239
1161699	52556
1038736	31869
1432295	26004
949	251
190320	808
13767	76
1487176	5707
459380	4261
106553	701
1681212	81411
105323	1164
1063246	63948
310694	8058
334173	17196
162046	1184
380316	5541
570030	21938
649381	3456
78135	829
167235	2335
298876	3089
153378	980
676233	30675
30	7
187035	3932
799411	18269
498399	6233
110206	1068
144004	513
1053161	92811
120846	1899
362977	1235
543557	2368
85507	305
253759	1660
41538	1211
12411	105
1057836	37009
508261	33681
425049	13443
1113061	4208
464151	13649
27726	1230
542761	4917
153940	986
43231	67
214344	10586
112387	778
53739	306
337850	1764
52	9
216946	8043
336662	11729
709995	65556
467921	5961
2610352	17023
516823	3389
97622	132
191349	209
4057831	8067
130849	2554
365848	18971
201788	16304
306842	19294
525293	40529
431698	1725
512822	39470
877641	6898
488580	99022
1054965	6422
408399	16563
517595	8976
128526	2942
309621	2139
109720	1527
773227	44741
343226	743
385204	28575
445839	21569
4837737	200611
116946	2899
848	https://i.ytimg.com/vi/wv8YnMgL8F4/default.jpg
367193	2457
203652	3146
69408	661
651071	28575
397643	21184
303475	2821
84700	382
257	https://i.ytimg.com/vi/BBXXa51sOwQ/default.jpg
955793	34173
113771	543
753671	66771
138162	699
144974	3195
46246	382
38	3
364157	1135
171803	7117
782674	41407
382893	4230
220820	2081
137751	6394
221719	18374
298395	8245
96347	4210
86562	264
85798	3868
5739223	26556
282372	8213
15808339	1625410
2674711	95358
20761480	871933
524500	1010
462458	17199
2654297	65033
2007404	137566
493296	7794
2125929	90128
1075870	54600
646995	4332
2952872	190178
1874998	80096
2208461	67608
4288892	63413
45923	1325
1325148	18558
1081635	81207
861496	30723
3023997	203982
491031	67061
624193	8241
1258533	26730
1315243	48340
1777672	54436
1726008	59228
861280	26805
1010703	27640
137357	1936
453643	18474
1829800	19899
1739292	58742
358510	22522
1494486	19426
642032	9317
938269	913
1127588	47801
243739	8671
133409	95
291258	4490
147573	3366
230670	9388
397478	16634
1264525	57908
6019930	144537
656573	27797
140975	2516
430336	8808
2038143	37110
119872	602
239907	28340
1308357	54165
404350	4005
168060	174
924761	24774
1371642	22335
7199631	270213
258960	19700
872749	19223
1104089	27790
1992687	157620
467874	14881
891832	91289
363035	1942
163662	1017
377021	10132
50316	8795
309176	3007
311033	8807
381270	16091
1779521	50307
19757704	71072
547335	50268
335760	8035
44643	320
5099409	472107
1173096	7132
73926	2938
1199	90
243187	8657
18628	1051
685769	4918
225248	16885
17952	90
251163	2623
576729	25820
434241	17374
102331	731
228174	17376
146161	1501
4966511	17404
1746896	97981
767416	4029
227466	9804
1800385	10219
302382	1843
1045722	57699
4324	57
9686585	299457
777028	7167
564049	17702
122848	4830
441872	50265
91645	904
1305324	110513
105261	1905
167021	1117
77944	2166
167334	8953
677350	8822
2586322	14325
89416	1076
304523	33160
116580	751
114749	8965
438756	5289
239406	6781
1770318	107450
710481	27071
183334	14107
418548	1237
29231	1195
91	13
46834	955
61215	658
386	https://i.ytimg.com/vi/BOPFQTlrOmU/default.jpg
49397	1006
43197	20
54911	4164
226415	4781
49182	317
2001492	71034
2163626	90030
60379	389
155292	1411
278155	5398
410984	1071
525414	17478
127599	4545
92869	267
1029765	38479
70974	0
2328327	24874
11840	238
132336	495
148080	5067
259009	825
278958	4591
296963	24304
370076	7808
651218	11590
4014544	55491
341690	1682
67643	6335
946816	8775
146718	3747
1412362	47476
367052	5365
164607	3585
775351	50473
0	0
47391	1008
1862465	73103
500611	3614
3508559	215060
270981	1262
100359	2244
247385	2113
437423	14418
50025	250
269098	12741
399210	29114
1499675	77482
100609	543
2073405	288691
491743	13313
1472636	19300
1371374	40660
1480961	60261
208259	40962
911172	62082
15025	78
455987	9180
155633	7042
90169	7191
133104	7497
155969	386
9310292	19181
67906	576
45160	1518
725101	4027
5926	147
2727	70
175681	1351
19092511	1782258
1833393	191641
3800186	168477
410310	44810
3356847	108769
740	145
755828	44401
444106	9372
4648620	141456
632351	19938
490528	23433
793017	1639
74983	3348
780547	56195
685038	9379
1218516	13182
877916	91304
688122	22284
173994	12248
641684	8299
551260	24611
1854852	67224
400852	22488
410760	45014
621481	12502
98	19
1610690	154618
1003100	98216
309666	7830
553649	14871
795916	43793
447641	5892
971374	25790
574499	29093
6469935	356089
1203347	15523
89596	2036
577873	33496
1369449	89195
701261	35973
2728952	186252
2822716	67841
157829	3369
1369712	34697
84739	547
110305	923
505150	27453
624601	19819
690827	17063
96358	81
4334792	238625
	
351309	3371
86916	6776
1514848	115245
185138	917
400612	16267
247005	4661
124681	16317
23417389	926660
46064	695
592318	26499
2393825	201948
184363	13990
879677	25197
607334	21437
8143	440
1453003	140265
102528	1211
214008	3258
128826	17197
522730	44321
872483	11443
672043	41456
142564	1968
73596	0
37188	1651
614582	28565
139129	1064
115153	8334
205004	13562
145820	5241
174582	4012
43994	3706
1997089	82143
970885	1047
1727208	34525
210985	5750
76113	1054
459519	18304
13690	2377
232361	6037
1005792	35779
23085	810
88500	2469
102420	921
429830	15277
38928	2212
111506	1599
163547	5108
86310	4932
301693	2148
691113	17822
3071771	194197
400185	7052
431241	12617
253309	20098
66483	924
28349	938
257904	3500
28614	3073
12123	136
36195	4073
694966	4862
3954	339
356892	4448
263463	2467
826352	41381
141526	1545
166056	1065
124117	14059
12170	95
26039	2047
134862	0
8505	157
180097	1720
119438	8653
4057	3
2660	20
769771	56577
42868	239
150211	10276
831984	21482
1981659	40072
140425	7273
763384	25779
472683	25262
109661	4125
21886	1864
137337	6778
264293	3031
1033221	78463
211958	12648
167014	1744
209434	8444
148842	8972
23144	1933
114894	7424
328726	2462
86063	688
69657	1372
2925	11
71537	2235
100200	1073
5335815	69398
46024	3375
8171	405
136897	16051
19520	92
3872	134
6199950	8304
198297	755
611317	11795
49859	1164
3154	131
257642	11216
1071255	102977
8151118	161707
313891	32797
44532	265
120931	9445
5004	70
27644	460
241675	9936
328127	18358
118934	7142
398652	28175
602451	40602
94599	3297
4023	52
1245951	5549
299846	10995
307361	3437
186663	1402
2414692	124376
1877457	56142
946655	6055
103466	16180
710550	23656
11884	222
275755	7975
3697	470
191918	1517
79381	2780
364603	9698
9271	224
90673	660
1407885	51047
828385	6856
652104	16762
1609327	20976
675867	4213
1176895	80492
69881	3178
705015	37506
5406351	209771
120365	780
3219602	269234
1285	270
156295	1776
315137	6386
21104436	1867616
1205235	56662
152030	138
1920497	287076
573003	67937
1133859	79061
463203	5737
483131	6681
	
757789	28537
661891	72785
11164916	133957
710962	30788
268451	11171
233324	10609
177	40
638540	28470
3631612	113010
1644752	132609
73538	116
765563	0
12528777	486768
1038346	16967
2504586	181066
2813396	116602
321181	14301
229284	12248
1393360	48560
691871	13889
1134369	1816
1074191	30048
1180998	72952
154885	11551
604699	10064
629339	6689
174098	878
651837	4613
177466	8331
94301	4528
1097705	5735
833499	10267
84733	995
175390	699
120500	465
116047	2502
1386209	113227
1414582	57401
521732	14147
941345	30897
1459336	14399
130512	6346
2148675	71149
308411	35026
160019	5143
1293057	29181
5299063	269247
507660	9265
195946	1099
25900	275
15807	642
367559	15649
351802	20084
212027	15627
292164	17414
1097133	26211
841344	41237
100337	1666
5824915	315105
115386	2719
422937	26677
100127	3790
131989	773
131538	1289
136241	4099
324642	4262
2483531	145264
452269	6091
245695	4504
71281	1272
224994	9552
1004054	5126
581242	8234
1094186	35675
270508	1731
37404	4252
79624	7118
98104	5059
61741	2480
1537465	17952
84454	2167
2426665	18264
168947	2203
166710	1058
792189	6006
115344	9462
842730	47388
1098767	7140
15992	375
49650	3912
65171	3408
5600599	263259
3709	25
2437475	181527
278283	11420
5618	51
953364	20239
831929	30305
416561	3165
517490	34050
889398	3424
445935	39251
1477868	36289
92882	1423
125581	2377
572531	11017
623435	34332
360976	20517
225234	0
166952	8308
787119	30418
329465	1582
70513	4435
2496054	213676
249893	2744
240794	5884
43725	2402
639646	13876
292663	3788
3006169	70923
36610	346
264571	25092
1991215	3951
104868	4358
35432	1971
237257	2329
1104884	28302
123721	8720
443862	1788
267030	3284
911252	17413
711209	18183
483743	32537
394479	7851
1846341	49718
47	10
1354590	60899
947896	24556
41391	1988
49662	354
2088123	10710
149854	8840
166216	1320
709757	52613
183649	6324
540013	28580
41663	3822
133230	1920
16949	1022
704491	21480
83741	11661
1311780	53502
50149	718
144959	6485
1263554	14692
296180	3674
522532	4129
143524	1563
193818	5025
1144859	12215
47911	4753
166047	9420
129786	7120
64761	5020
140899	8052
256089	4164
105743	1081
96504	4866
60161	212
126584	1975
78190	5856
184655	28308
131486	564
5288	211
2924906	231372
1681158	112161
2580540	69405
896789	47276
1704772	54180
374139	14043
1155861	13215
397595	12402
1149017	25936
128426	6002
2323494	26698
60687	7218
2142103	174096
1280389	95417
130	95
1559483	94842
151917	4323
1730368	41402
1177597	45529
722887	7214
142334	11257
509871	15115
337433	41434
166521	7752
426626	3440
6520006	238501
714981	4354
167139	927
1186645	13833
814746	10629
179738	29806
3623229	291649
8028921	188842
2386382	14131
1549	349
430081	1760
1000819	96554
191447	18327
429075	17634
212330	7184
334246	8831
174804	3314
2058060	39222
194828	11812
477859	15619
128377	168
127598	903
413520	14258
96944	1177
16482187	165253
72577	888
152551	6452
34957	661
1012827	12282
24666	390
301710	7115
123649	1609
152284	10203
1275745	59027
594525	7577
362441	27012
33411	513
22387656	1919980
109805	16171
197192	1281
210631	8526
1306897	85705
915871	31349
307568	16919
616574	6652
143548	3761
3660322	129002
1090839	73575
743799	79239
130476	3609
95348	75
227738	14680
15924122	542010
157304	2545
782969	17185
507198	76607
39187	172
7074	618
2001	15
73308	3442
295264	18135
1040869	17169
289543	26325
117721	3556
526373	19061
251862	6476
193223	298
434276	25367
1218894	19174
1391260	13765
402244	5140
111105	3178
772	47
16885	1492
275784	20433
2963449	193449
3933	49
160752	9629
1823522	142378
250613	1739
227	52
2809311	0
764020	24167
965956	14496
80915	5460
24360	12
106652	5178
59500	3757
1615923	43430
78210	2364
126524	2528
3774089	115075
147183	4696
81613	9142
228156	0
173212	804
100486	1648
144986	1002
277932	6131
160327	1138
220810	14748
441402	9638
1735152	125377
495535	25210
88	6
8822	140
452135	2417
92229	8067
10889	112
408355	1887
5950	105
1419673	1904
61824	3700
757749	7547
136628	4276
7679717	360903
31412	6824
263828	13412
53354	5201
273302	22536
45053	1565
1271257	77312
17847	2810
967160	11129
189415	10633
734550	32769
1273750	28521
136218	1131
173165	9746
1571456	14968
1711518	62746
1034175	20497
176544	7552
225001	10852
120412	598
156103	1696
1269867	59151
221538	11587
43389	136
23941	1740
181103	2890
2044062	7948
104928	12699
36086	2688
49171	3762
1514979	31436
32543	215
709597	30447
675401	49714
1667057	18765
68892	6893
12952	941
149217	1089
2864991	12117
6041709	290655
71473	3224
59401	1810
75153	3531
49280	1349
573286	14970
7525	750
217412	1504
185767	3795
246202	1341
462463	17728
924843	43875
4124	55
456	13
4866576	185650
1725057	34608
547921	50554
3014847	42556
1035381	25233
2209454	128222
665136	10088
845262	29701
999768	21337
4127082	285030
816707	54930
1099322	26639
345875	8655
256269	3598
2539011	141760
421237	3057
521971	15953
2880194	72509
1571239	63894
2171844	64448
1264770	51685
956348	39554
751008	16333
165856	4769
4465627	136144
994747	258
162047	139
607576	4558
116333	11554
1293394	114132
1781703	38679
5799849	125916
534831	8581
125325	11833
429772	11139
7385982	749352
215183	535
122433	12057
590464	15823
164817	9629
302247	33314
145818	2702
1267983	2504
1327342	15532
191	180
648544	3787
126727	1539
2537361	191396
2706950	28693
1822397	115227
637028	6551
183552	11144
287077	7316
405360	55242
205922	1306
504205	6119
313085	10049
785392	73170
387201	1767
372026	19025
153436	5101
170112	2272
1192737	86254
724431	4402
1920635	105430
4440	18
353694	4655
193119	13216
305708	23511
22183	374
647355	17341
8102	72
108538	14551
428968	11842
155941	889
821477	2848
63	5
100953	1165
404260	14772
218438	8932
66466	2036
67597	496
378620	11174
942701	25235
893757	4311
64104	1069
627069	4768
163255	1545
466110	32614
258746	5233
64360	341
743941	25385
130330	874
191572	7718
1266211	47497
220721	8890
9998724	209659
86952	3764
924646	8560
200272	16532
336795	1419
23853	92
271993	8165
432324	15834
151081	9329
25438	374
258125	14102
294572	15995
1642	106
876144	14848
108996	624
188564	22781
174750	7582
70407	6189
498020	33273
2666168	14943
364867	6751
91063	328
242141	10680
1291413	13872
3809515	300654
100196	2698
18	https://i.ytimg.com/vi/ynvbdbCAOGg/default.jpg
239407	5500
1253096	13877
102731	3528
224664	11682
55796	263
35460	1949
60868	2171
158036	1242
178848	1916
360871	13976
186690	1424
43175	2706
40248	4080
163300	17500
188930	1702
1680	379
4455931	44933
289370	2097
346751	1159
62983	1637
3564	50
1090260	101805
76850	8589
94045	231
153430	1878
468037	15483
789271	37085
137162	1251
4300	426
177611	1911
31550	1948
149035	1595
251375	2865
4573838	141298
10904	777
36736	2099
148127	176
520703	16529
8410	18
98107	6802
59817	2139
11925	397
1067893	13698
429224	22659
60820	1225
71861	2766
18524908	580026
43345	4061
95727	3177
1178853	37460
135105	10332
1335198	60922
1397999	84874
29941	1463
40193	2047
112274	997
637338	7998
312354	14634
285042	14855
33440	1441
41146	2077
1193008	18413
174097	24415
707447	7139
358122	558
10	5
2086966	49275
606730	35598
36084	301
39698	555
61401	3288
357838	7074
9754576	404238
10080696	298773
1883643	120899
2393894	46473
2624912	95732
1798834	16986
3432900	161727
4460448	298827
696751	3943
1242606	28624
436140	9869
485163	3286
1463275	21195
2936129	154397
1148839	15790
8649634	195448
524084	15752
195652	15768
1755116	63218
3017866	73984
2452154	70667
1339479	47519
1636148	65428
1276082	446
225273	17750
1282868	17342
994725	19895
205497	5383
791068	5319
7735840	150473
2638493	54072
1928265	145062
10964492	859237
212653	157
143756	12965
675088	54633
141637	3576
295990	658
343189	14664
635845	16602
341235	3333
216488	502
3076655	6279
399981	16036
437747	12094
496791	9701
296002	2177
123466	389
241829	6615
219	209
770520	4566
2708333	197587
475032	3602
425442	57506
520724	23846
200138	21472
959927	8913
2041051	122093
2909763	29924
1916874	118010
358262	1609
730149	4421
235033	9130
686115	36164
575275	13980
2130396	111393
12004	42
203376	13611
164721	1642
18418	109
37945	464
403630	670
505242	16284
860977	35925
456096	5521
126224	2693
701411	18320
34494	136
93	10
365207	4609
106507	1215
83844	578
536869	13967
1009781	26547
4761311	208946
1268075	5014
94069	1300
495177	8952
836325	6266
515208	34897
286589	5554
788042	26473
1535400	107157
237356	5536
280900	2027
12458711	229956
536233	17544
158594	186
423463	14968
339867	10959
335322	33760
670683	21666
104256	4273
150933	935
1559927	115139
174967	11046
231710	18431
7475736	262654
372615	1537
52947	306
392209	14216
312427	8723
44968	505
275053	14670
326504	17089
31881	60
1082166	16995
2009	141
88825	517
194751	934
2841141	15249
111984	1081
370629	11461
50868	2427
410647	16996
102352	3995
299371	6032
1253470	14120
3959546	307362
27	https://i.ytimg.com/vi/ynvbdbCAOGg/default.jpg
426346	5458
1291828	14089
319666	24547
187172	923
117026	2812
177172	1296
367482	3534
549434	2041
	
44245	79
338691	1840
67712	3530
78569	6166
201437	2043
252845	1900
1773	413
4662973	49340
438961	2722
334254	28384
81777	1913
265435	12891
313184	10685
4840	55
1134566	104098
193990	371
411452	1289
508567	16214
6204	529
950777	67037
891895	40266
329961	2025
279235	9043
59876	2749
335688	2840
359551	561
5305848	149989
18935	1124
617315	18048
105518	616
56038	2658
261478	6215
65974	1598
555314	15004
551895	17054
337273	3271
59916	4773
97685	2834
557760	21789
1282803	14999
463264	23687
156201	2044
20814284	610575
33	https://i.ytimg.com/vi/vI8WvxOSsK8/default.jpg
286272	5191
188111	4498
139382	4183
356037	16718
49242	9425
12729423	335772
2729136	149194
2593708	49339
890446	5805
1697125	64867
4307820	178985
3938238	114932
1030529	9398
2223950	18874
162512	13811
472369	59784
156465	124
4668508	306708
805292	44690
1309289	29586
1665556	66033
662460	16955
3306032	52279
506188	3384
472785	10286
1630322	22383
1406507	17811
3224085	161914
46806	255
17292	80
70064	315
283749	319
423074	1307
130471	2778
12060915	236437
393206	1605
71614	2427
81076	765
1581988	20279
148917	531
148917	531
967412	3079
321018	6008
321018	6008
524567	15653
319028	19477
66556	2741
3117480	75011
2610992	74893
1923878	66947
340001	10976
1486252	49860
520401	6208
222579	12696
104	11
238	235
22120	72
7109996	251397
295925	21841
1131153	21530
225447	5655
432283	1652
14013696	935568
36338	537
2197397	155685
81927	3108
163179	4356
603935	869
109821	2849
773607	59052
4857693	32918
321968	2243
345112	724
248824	1596
400876	16044
172811	1725
302351	6040
3050	3
166751	1647
269400	1149
385537	3569
639762	18329
484040	0
282955	14935
62918	587
89698	471
117711	1223
8776	33
588799	10447
126129	504
210057	13854
4650685	7791
517690	18234
99665	930
268071	7086
487122	12731
618	https://i.ytimg.com/vi/7ambwExKo-Q/default.jpg
94188	177
241069	9217
118	https://i.ytimg.com/vi/IkShFzBS3cM/default.jpg
865411	5018
94314	882
49903	337
2922292	204763
417617	1695
591864	4146
44	https://i.ytimg.com/vi/DPhxzBd7PfA/default.jpg
225880	23523
734256	4440
1199553	10684
2259723	129788
59428	1909
4656	286
2002645	120181
1031566	40447
93532	2991
565735	25292
926185	41067
53237	242
614434	14571
2296418	116229
445285	4494
22141	81
327541	18215
60262	4803
214831	657
809318	26976
535177	35862
26555	143
2453	17
84636	3001
72073	342
365026	10726
429	81
52208	833
137097	423
53032	904
117682	6259
124750	13406
33532	60
141897	1509
58805	1472
732084	18831
62659	133
69917	281
221288	4262
60031	4154
1386464	5208
59558	2416
2740	68
66474	486
147915	864
52407	561
300430	5752
16331	2048
482412	5410
52052	1373
166282	192
650620	15332
81484	3378
50387	551
12334	316
77912	4196
2648876	216276
153713	276
2400636	9
53159	1922
277445	2451
79540	1169
194025	24639
629275	11239
942860	6900
48282	943
39747	1233
382122	9954
179416	2815
49470	872
578526	17446
208450	1235
1736860	116895
489999	24505
311964	6317
303286	2118
77485	358
52208	1513
70645	0
564150	18063
361838	6451
104932	4021
1061869	38236
1072982	56452
2087032	64032
1732101	110290
1385124	55881
707518	33050
160454	136
19063	1377
2136238	124925
304573	8842
442743	5988
17781	1494
2254404	88031
253421	9152
217337	9187
14420602	356087
259384	5474
710551	26566
56332	532
370974	10108
164372	984
538697	17350
152103	12046
325706	11514
1130738	13948
865719	47300
610060	14894
195935	7371
510098	39975
334835	14648
214353	3260
182147	1771
3347966	165491
98928	4399
114648	3625
281101	8730
564195	1684
211327	2505
696743	3455
138287	9894
152074	13644
171307	13736
982258	13640
67644	562
311894	6710
377326	2334
196229	4299
239228	16189
13130	375
20843	540
142958	4174
92864	1128
42019	50
189721	4319
103429	6565
404404	3978
267741	12980
167306	12724
235131	384
119903	4276
2771941	50957
419233	19798
1090048	6351
175400	3000
1681825	8309
67898	21
52017	3395
123304	16777
107617	3362
180035	1868
494601	31070
4262	187
145490	6049
47387	2493
70354	2137
13981	596
38514	2886
605986	19029
284520	25296
102976	13152
120872	11978
5194225	195754
202884	1088
1683	213
55068	5490
794343	40957
13185	581
168070	12711
151797	861
51890	525
164153	4810
331064	2365
180165	9765
474371	21806
1196094	26838
14939	415
835750	33934
4846062	125511
847882	14717
131	https://i.ytimg.com/vi/IhbharWod0Q/default.jpg
10236562	66095
281055	14236
174741	1942
238651	5092
66365	3035
219629	3948
31554	244
100803	6098
61707	1062
656683	2140
1844039	13424
44124	3944
32051	3006
37562	0
37562	0
428651	20574
79577	107
201024	14190
374180	6487
514091	55394
26438	4089
184079	1488
530211	14401
181269	1299
793324	23479
316006	1617
83944	0
87995	1138
90552	1628
2125277	163974
76338	1392
17402	123
343154	29214
52882	928
86841	9784
14816	816
146333	1515
342088	533
76851	2049
282922	10573
98213	1398
151269	4819
43230	3010
29144	2460
76826	1349
644	39
1066181	9619
57651	320
100262	331
29685	1796
3172185	20294
24255	75
206006	1530
206006	1530
247844	14644
11623	153
160326	1280
273017	1142
3287083	46644
163635	4649
[none]	15616
117780	5113
228547	12767
79875	0
65011	626
255725	9158
92898	1488
3470	16
114734	1574
291615	334
130756	12354
183572	368
425585	16533
422456	21342
620923	11262
66382	349
22156	596
37941	83
156578	1574
829584	92393
92201	14273
273922	14104
238697	23306
383874	3841
33462	1269
40298	113
1774982	106742
223246	3433
101337	779
292629	2521
124818	2724
13092	1137
499741	39951
22069	90
363989	3540
2602539	140964
2011450	57006
965846	55394
3070722	193252
2659079	74826
1556517	31439
1405	203
2693043	141189
399224	21422
1178444	16619
538693	39132
175761	675
682852	6816
1004789	41019
172	26
595660	13097
585536	37246
416325	19416
1799997	90212
401277	4650
2148047	78910
36562	2108
630898	8669
516936	9693
165499	1368
396062	21313
2890038	28762
273101	16299
237798	6208
109278	8673
84471	1813
1678285	35987
613805	15043
296805	3056
474215	18645
122108	3161
445182	18143
3992213	89677
111965	769
1409	131
174037	2092
670352	16099
888946	92003
343297	12025
124814	4107
157350	11300
341356	11329
1089519	137497
98548	1651
65635	3485
399479	11923
2968191	150502
433326	33279
165421	7904
95803	5021
5418	84
540262	6744
99271	75
60702	846
275774	25751
80998	1598
7475	11
241510	9119
5126	133
1318	56
263209	27548
127547	5135
141474	10727
646494	3272
149351	9471
194613	2647
522211	12294
363501	5561
45691	907
38797	699
2473697	92524
668589	12466
181102	4147
	
114287	1234
250408	16301
46706	1050
298905	13667
175134	4398
100909	2311
57003	0
17520	499
158882	4236
694215	56220
30643	614
61372	722
15643726	369976
196670	11929
16574	141
16166	116
292883	14315
138695	931
19743	1313
213797	1716
64179	4550
269449	15053
617348	12553
390126	33762
92224	1988
41126	1452
647989	14476
906363	18149
51790	2728
67329	2695
504244	15074
42892	5008
57014	1790
467346	18343
738050	14893
616782	5036
160470	599
396176	21146
295009	2937
84720	8076
65551	4007
20849	504
180131	5538
326494	10367
1138832	56382
150761	11193
283228	4258
267365	6251
36228	435
106874	756
136489	1352
225827	4752
48908	2495
232608	17340
775212	20556
261181	8402
575954	20336
14617	543
2520243	73063
167053	11879
12062014	33869
2688	97
84982	1117
55356	344
48490	2778
1059377	2426
3893705	177884
7855	67
103935	4567
571711	7750
21364	565
325590	1517
132462	10584
88354	1122
157830	1136
104212	2915
37597115	769384
81962	1291
480991	18411
71000	2143
383864	6050
13	7
10829	1027
149548	3689
345960	4868
225081	15028
216400	5031
56991	25
104807	3099
55561	3600
539454	12130
209608	3559
43658	1708
5982	8
8321	80
374369	22932
60708	0
260126	9567
52160	3033
277923	30683
126371	4096
339982	3621
556547	13873
256361	5815
2703200	77931
591	36
283952	5265
65032	470
1221083	15198
3881	86
141613	7457
325726	19752
112513	8010
18219	527
539675	4649
354320	727
56939	2927
15066347	404977
4132424	338315
1224288	12640
570767	5582
877143	31954
639246	41038
4719578	237480
2534412	65629
439645	4320
1358526	68240
636485	15833
3887381	24254
801779	11974
2259	359
2515886	42398
577664	21081
695952	10417
3683816	79634
1347652	64273
78095	929
415241	35691
27604	375
195985	6406
149287	137
3067882	152985
292025	979
581952	24343
1012094	29345
322991	10093
221112	1697
272010	44374
78842	106
263	44
750213	15463
140461	1017
567562	25983
269269	21564
768779	8223
881352	8114
243427	8455
482355	46461
2527820	107272
229547	3657
295887	1841
436154	6507
3294622	95597
942682	0
1125098	43748
1086606	5247
767826	30292
6402442	113650
	
1383364	23046
196955	12004
223803	4257
379546	7496
2418179	202900
17271	155
109903	1232
704358	11659
487942	0
180946	1555
180725	4043
1239964	20085
516246	5422
1497616	69252
278520	9292
73502	6380
669443	3437
2707789	29341
871085	26323
576266	5874
2168636	4611
207358	4112
608378	21451
46540	2546
313066	2737
119371	3839
926869	19804
844723	6220
189569	6072
855882	5081
1457429	125571
167049	28578
151064	14875
1113746	21002
607822	23186
378879	5188
1364333	9082
121216	2307
130225	2201
206741	6755
432493	3248
226200	13021
270964	10489
2825	283
62	13
5501	58
220674	15611
508796	1595
259313	1788
165938	8401
304840	7227
719361	45533
502562	37091
318528	1801
408069	23020
445228	27597
367835	5004
268430	2817
77163	1710
78751	1183
549589	32715
349962	23602
329020	3482
221190	13759
2219221	39216
183566	4144
2943	441
78242	4970
220485	1554
140046	4848
407137	11849
363778	10640
2796	235
167495	2550
1258116	75258
212040	13683
630064	21014
337941	15565
123172	2474
137077	9872
251464	3073
395269	813
204530	3285
75130	304
18869	169
334436	9358
80998	1516
3259160	157757
91747	1036
114766	5271
40336	360
359708	28320
168459	3372
254020	13111
129804	13033
31070	2014
92394	2174
84723	3433
586722	7144
664733	5606
371030	3088
17834873	47102
65436	1575
379245	12843
410211	12335
332589	13808
61665	3377
896018	14180
121	23
130550	1834
82206	0
22790	1965
159505	4757
311669	3952
293208	14825
1603959	23465
198741	10106
6717	0
103185	7544
70415	7145
22740	297
337440	5258
197889	3080
91421	1354
3668	52
31271	2060
77980	472
432608	19757
408713	15040
332999	6914
319113	26581
80815	4887
60803	1115
111203	1986
111203	1986
6448	177
219116	2781
642715	7902
132354	3830
92210	5273
72935	6989
47328	185
92798	847
455838	12539
20921796	0
2580817	74720
671618	21935
15460236	448784
2945293	185500
2027569	50254
300139	12913
1894905	35668
1999326	61837
2337600	10752
6975564	475274
127568	4454
2692177	68036
1628106	55069
2337320	19617
1872467	121204
1770621	101753
90031	363
704559	6859
1501860	93516
1160896	27491
527598	58373
340479	37567
3032410	73467
539358	4950
778702	3671
843829	1239
181350	10530
403685	13018
344638	8821
1748071	72232
57634	609
49234	368
571499	907
296215	1037
862066	30068
1438069	70934
2715	443
2450520	29926
161138	947
52846	208
9313	61
291710	8029
534438	40709
2908064	46563
100	53
32819	190
	
153659	4672
1071556	4867
905230	12356
1555246	70720
186865	9644
258858	6004
129716	138
413295	10480
133072	113
729509	61381
83386	1293
1286020	31606
577989	75660
10288	319
3179193	39010
4495778	82397
226314	883
400318	54823
111714	7035
1186300	32235
827958	84821
200410	4907
3262684	0
3286982	159961
404605	3604
377978	27584
53718	6871
325302	1069
1022733	71868
55374	428
110390	1351
221067	3860
379109	23467
541161	25935
952853	19011
3751175	247455
99439	837
172850	1659
294024	11805
346275	19044
4282570	108942
277692	15139
320	54
52556	341
8145951	127175
390424	4232
3000108	117445
366070	11248
70854	1948
907671	19150
799908	10119
249913	1854
37824	207
1282712	64748
15046	125
304577	12717
155885	6053
8294	115
415841	10961
137519	6831
697701	0
490391	19349
857359	51662
201572	4302
1000115	8835
1660802	6815
264985	4025
96809	1742
523296	8856
908821	0
25703405	62461
48697	2683
230072	3618
48683	236
211001	14708
165084	7973
159568	7574
1431267	21247
55985	1554
128844	3970
703765	30239
124842	2968
791115	12570
0	0
76493	792
718822	19699
29845	200
2035079	7276
299158	1748
920937	36685
1734630	9490
318187	8493
412322	4765
1041473	28878
179717	7985
303749	21794
383551	10766
111051	247
122673	8145
567665	5857
2125153	11174
334789	7455
123826	8778
318093	2144
39290	11
296388	8504
3970332	36638
506140	30226
518668	7480
433378	826
642640	39422
101985	1690
42754	1076
4085	92
1596081	345195
828999	25818
842406	31991
57112	454
63270	2934
53367	2811
1017503	4195
1154390	22698
383301	22969
75399	3877
224806	8110
2290757	10214
405999	22571
1640957	136066
303509	1023
731538	7000
190197	3413
267627	5055
662438	22454
199906	11607
673040	18904
416838	12495
372841	2766
400612	377
251411	1873
90271	4494
32017	670
149162	4303
125719	2672
154	21
129607	9019
593806	52721
1202338	45457
615314	34685
235877	7386
2966389	63186
35832484	0
1261085	13959
5563479	130764
8313413	123302
8293323	162437
613897	17593
8641831	244218
15462891	455530
684327	5575
1575608	15910
10385748	31250
3221923	193287
2888071	51306
1166784	59024
8937442	165512
892686	2233
1829943	23227
1865148	4223
4293936	251905
266519	6496
1775039	3787
7906164	510517
1959466	25338
1291422	89281
270934	1374
9957989	12125
141931	2187
366194	11978
781799	49941
432453	75471
2234635	115473
474416	11115
195658	1181
821663	7841
49813	241
543413	52376
874123	36428
817345	7659
274091	803
363422	1181
1899190	104626
424285	8378
191864	5004
401147	3343
801067	69774
442120	20407
545	107
287563	6406
239505	2569
98473	5060
143944	1652
190171	1496
1418608	30695
3355416	77720
494940	11836
608525	5241
590868	12093
784556	8191
133183	17839
273977	4952
435949	35518
622227	28923
77476	712
6367460	37714
723653	6629
335702	6484
573994	18058
183	63
1888674	74707
439681	6546
945827	31588
643994	4178
134000	17636
3659735	31067
31408	170
296536	1041
342239	1281
2934	487
273365	5201
171396	124
2573020	30503
343143	8689
	
57297	208
15881	77
705841	75377
90419	1422
486871	8425
143269	610
578242	42488
1037253	51034
1665459	73705
448965	19267
564728	12325
175998	5128
264532	11416
686361	29877
103494	10572
868489	21990
1259102	104808
146600	144
261385	23459
887664	68534
655388	32323
34448035	100710
435451	9873
372022	1895
160254	9019
234379	11714
103431	3364
235301	10347
131379	2116
105723	2562
473180	2346
664584	84117
275241	27259
1341659	32128
133840	853
1270217	82635
3425	330
1946367	670
34973	2459
5147601	84056
294260	6003
240706	2441
3444570	41235
3444570	41235
79421	5379
373261	1738
484049	49389
21894	454
1035923	0
88028	2203
46141	836
5414916	0
61782	2948
607322	15699
22855	202
72492	500
276227	25382
156397	12343
4678024	269501
474525	27088
315038	567
423649	29832
308962	11771
3434355	163887
5406421	119342
225955	11462
346098	1122
519057	3961
358061	30170
628128	28411
7400	59
321565	31230
3364	20
314324	11455
34399	440
190871	1655
1641015	26636
643619	629
193691	1475
1099660	21365
384311	3239
3582803	128406
6874	8
261637	6551
448610	15807
38565	1576
55427	896
11111	226
219558	10530
122732	5297
9643250	137487
213414	3972
653273	5651
256883	37608
1837686	78569
375	68
429892	40668
814081	8861
303269	15957
44636	1605
505222	4652
569655	30536
128665	1092
429299	16640
670191	13187
307967	1234
5355	285
831217	10300
206679	463
176612	3343
113429	8243
46179	1619
3564	264
10582444	199462
3844106	80017
3757298	293341
40801423	0
302400	30055
8043038	171328
1632256	17394
807571	20903
11883172	200007
1047058	49527
12908071	290083
10226518	143106
1037388	7551
1894717	188268
408372	4640
1152786	40559
374213	18479
2832705	18170
10856602	35572
958341	85287
1200608	2988
850362	24951
1060809	12472
543612	27584
11439616	190134
3408071	57899
9087502	168168
958455	5183
3315617	196192
2711384	28990
56976	226
2985967	68418
9651434	432676
273102	19967
245931	9593
2206213	5182
450651	9711
484383	5186
310301	15796
366055	1079
255347	2841
172024	1107
67319	849
268883	9194
1206342	15123
1850655	17043
2568256	5368
295487	1789
553944	21005
379160	1863
412125	9858
282156	23714
5589484	107135
148337	7687
8476168	530022
288077	14075
1228335	11293
135203	4830
1445037	96247
947631	68212
11580	459
637010	9493
13137	610
10936549	13737
574945	16075
190003	2707
673815	37747
1943811	99090
303697	5036
173825	6019
149422	142
2481252	30230
140737	1122
576294	40566
97062	1315
85887	4779
322056	11980
9929	551
162411	11123
16662	1005
228888	3046
48313	1752
88145	690
581135	12578
1142051	30954
14165	1658
219609	24178
48393	252
319901	15226
371297	1652
51	8
493204	3348
399422	21947
332690	26904
52760	5258
339374	1044
665	139
859993	55416
219019	17591
676609	10973
72722	2326
346757	1855
238425	1506
2376177	119566
175808	6135
171597	9941
206260	22942
1091869	41770
184617	3441
151412	1115
3809	211
107527	2006
186444	2267
158188	8752
53971	9432
122525	4018
9824841	81192
22922	482
281183	10328
372167	3617
882457	28996
3746	113
220124	1781
156583	21581
303702	2601
3293	124
79928	8609
86698	1404
379239	32632
161592	2783
575	24
448780	8344
1212552	26705
605686	5164
374272	4548
102794	3674
525306	7606
97384	4645
351757	11074
618675	13705
1020443	18649
219140	3688
402037	1769
35550	228
41596	114
20595	1223
268608	199
123196	3608
265241	1779
82270	958
257776	2108
399347	8613
432650	1445
87263	4216
169102	12965
290741	8197
26664	846
476421	25010
630917	42027
57881	3626
82319	580
69265	1834
118170	490
219695	5036
401875	17364
156205	2786
1062676	39853
49108	3695
78911	5059
	
97810	4140
426132	19264
64568	863
132860	2753
134524	12528
238106	26270
26653	1188
454795	3764
897325	73505
233909	5602
23325	1249
727254	23226
5660	180
62365	1219
6151	183
145445	4731
74580	979
235392	2567
104393	534
72618	2771
1386956	37938
132598	3925
707898	9688
3244	8
1910775	75299
108646	1041
180055	9421
1637	10
140604	5911
14816949	300312
3269480	6699
7540488	205631
661122	51283
4223354	87096
44818108	0
1139342	58201
5543357	365850
8880884	181666
1922862	19374
503828	17503
4447041	300213
899503	21993
14297585	219417
1160260	8207
16141230	309557
4990782	580834
439387	8862
11154250	150451
960222	8606
215255	13113
2911619	120875
1483374	46818
848493	3464
1382038	32601
957641	14094
2531111	58374
1229391	40936
354178	11574
1403797	107297
525570	22888
13939010	206282
583921	2366
175586	5498
1393361	3417
1096737	15327
1491029	7509
11029887	37183
294619	15658
100448	274
260327	6059
2911891	19138
141951	7555
330584	6641
429182	26731
12809426	203998
4088665	80702
589301	21216
3696598	61656
306881	12018
1116868	8655
3025972	30763
102018	884
3404205	198364
11150609	464954
1060880	36720
303434	7759
716504	13435
455942	12738
179865	1388
976477	30765
1010696	42852
163675	7821
2016649	8987
2266583	5406
172536	30255
132365	2419
334705	29110
68418	2028
887481	52179
383573	33947
456573	2312
422382	1280
285060	2974
20733	147
242875	6714
290612	13960
72383	3410
359104	13605
334097	32303
541142	14512
27389	79
457624	2080
3374687	6303
6172541	113145
616231	36476
81649	1311
484076	11141
44932	167
165588	2544
21528	509
199463	2171
948926	14716
203688	17377
216184	9581
273997	3344
412851	13464
443813	21642
224267	1407
247334	4251
8913473	543227
1302398	135494
13568	72
62361	1826
148772	5595
186306	5898
376554	21649
1112289	74178
115474	4866
50980	635
288696	12906
18320	124
170447	13996
362464	29214
91567	6761
1412201	12588
148334	649
82849	2540
1281197	10642
10603	311
1488590	98321
669070	30448
1392891	73221
54	4
520930	15996
142953	15850
126170	3362
234212	176
348943	1751
148938	2962
147988	757
20653	675
2890746	33718
623305	23474
694493	11304
18031	699
1369	52
11004698	14296
407037	33682
332892	3863
1104552	172040
402547	7272
1718	284
58491	12247
207804	1930
3009525	127372
163883	1764
397126	36577
218340	6727
25086	623
1812	53
1854106	28660
892666	12948
138059	5097
658047	43472
43688	1232
1580310	30417
112578	10108
176009	1539
171696	1252
2787928	34706
625352	25628
644278	3270
30392	2231
18017	818
4556	194
721	168
212282	11945
1339782	33991
46999	834
3614	60
145183	940
469281	14030
101111	1244
239156	1598
398883	16773
18982	2002
183131	6045
386926	1174
135910	7312
379355	24319
290802	19436
123414	6296
208898	1739
10853790	93522
793060	4438
255807	18016
624293	2762
22000	463
107329	5172
558329	4406
48838	397
278088	21897
1162685	43610
144041	4618
477980	12844
297367	3872
79618	1749
16806832	338792
585204	12705
5592995	128722
5396478	11131
13345099	309082
773212	55649
4409814	89880
1650686	72679
1887284	23418
849774	25958
48635732	0
9328292	186189
2080138	20275
5965522	343637
1781966	24139
1293497	16650
883576	15438
5916801	379851
519219	21053
961022	22713
968865	40721
163980	17998
16344681	232342
852597	17605
6394731	650597
1230826	11244
18769906	321288
1169165	9926
11592172	154006
270270	28042
2455067	197026
287147	4296
3759610	128854
1421711	28675
632436	16877
3147953	74747
3612445	40354
606143	9325
1655936	35416
323246	13763
185102	732
42864	4681
38441	17318
575999	24350
126829	2972
17362743	223099
1380249	42754
637889	2519
1539877	112941
160229	347
1482214	3595
521241	5295
275687	7279
152903	2165
1837270	8102
329411	4074
158301	6283
284135	3541
11146378	38169
315132	9035
214859	1481
490796	28853
2605385	19315
13942445	212387
475873	28586
393741	2420
692069	22008
1761883	51105
4617172	86443
168388	13052
125609	2536
1290724	9569
151681	4052
2851	42
107980	185
3866396	63610
261139	16543
687629	23144
346256	12944
249059	5974
157441	389
3165639	31437
149989	12582
397799	32477
474046	9973
186815	1065
1592701	57484
524858	44415
11896309	478750
183745	2972
913342	16356
1463800	72086
977490	64417
1840162	50586
307576	10926
962025	24642
715862	4865
1123531	34146
178249	9089
7288	46
11044	42
562070	39930
393044	51769
1086403	21190
479406	39385
4116793	13730
278427	2800
2294097	5503
32023	1202
813724	43358
521312	40813
373102	32827
533617	2814
155404	5523
3077741	25699
177820	1307
469185	16793
245406	460
367447	13177
435040	1322
303082	3069
131746	6401
317396	10637
291699	4615
32534	171
41976	1281
409374	2963
257730	2141
272500	7182
318633	14955
449781	15233
3473609	200115
495257	27717
317872	1438
73769	450
1322036	18254
821539	18458
96536	2472
4169455	7038
558399	15263
514618	11762
58516	201
404649	4155
449998	16545
285516	3403
879264	62490
1785156	33723
100101	4607
243565	7835
616060	28030
269860	20974
86814	10637
295485	3514
451464	14193
142701	1100
178738	1126
491842	23142
220058	11943
1833539	13463
402311	2007
1203743	77809
1479936	142818
118687	3099
351868	16738
23835	2065
202400	6270
491662	7852
129769	3423
3090606	45678
39780	129
1000419	32251
1833407	84202
144722	16544
150512	1283
124807	8229
13164	1169
88585	4469
9198921	552150
1480884	12923
31095	2143
485626	4573
698411	6998
238458	17851
33099	0
751428	32687
19967	369
24753	212
801061	11223
6485262	116148
14286	353
1780	11
2047	349
1519261	99492
597717	16870
77	8
788394	12266
204751	19370
102004	642
1692774	55407
18026231	358133
2751847	46082
8694299	170485
6006366	13262
2515496	130296
2768013	165858
1216670	54588
15338252	331796
918785	40091
144188	310
1533692	20799
4289	266
784971	56892
1355968	77004
2516206	29430
832851	57748
693407	9235
5163583	279833
1162758	15051
611172	20091
1178248	19942
107401	215
218587	19537
7525294	378479
417378	7451
121216	1464
1770997	42077
152359	411
281261	13417
13076	673
1041982	29159
639487	68464
1201503	60422
205258	4845
113291	8731
1367357	49081
283878	8350
137804	5869
686286	25910
4367100	132622
1206493	74931
299130	1313
698233	14943
75953	307
114938	3650
616489	4662
91785	351
835517	49372
682117	8320
130964	5427
119277	1334
4540127	91710
218422	1148
1125889	8210
650581	23538
637407	49011
33867	247
68834	1507
43238	1190
341303	6538
288863	14305
258345	30499
369	60
159181	1590
9657765	188926
6203026	389496
2183113	20813
46678	211
302056	13101
98142	2138
1166591	1296
979826	19085
281517	6661
55459	555
414686	8429
1232834	73851
7081185	677404
4561727	94672
51243149	0
189009	3984
111607	539
140271	4250
4654366	107690
1277609	11922
1593697	33657
731180	15221
504230	9204
2136460	40009
51090	1357
630579	8001
884461	37083
711051	10054
491172	5380
455525	3248
15090	165
1685073	184898
1045258	29564
961313	54446
1306619	10677
441248	5051
292045	15073
163882	11453
37673	2050
97180	667
17112	423
713354	38104
21359741	330087
854082	37968
462149	23918
241006	6679
165973	12096
531411	5940
4228	71
48043	2760
8290	386
243781	12229
206762	27031
18087776	240891
52307	428
29173	2493
995148	23127
162852	10284
189575	1408
27274	2668
79326	2599
344683	1917
410855	16263
670925	17491
87803	14956
465667	6310
46111	2705
18447084	232780
283121	60279
171764	1912
12014977	157205
657651	26614
344810	34884
392862	34124
7955	661
268929	10964
1739101	116948
9651	643
	
417065	2514
211418	2893
103776	6453
1742	26
909	82
77895	217
312974	1596
388046	11195
12472	191
139417	1852
166009	10843
735597	3533
133628	6460
1612267	116072
121767	12050
1404166	42997
1127557	10990
149463	3433
240797	16127
142159	9766
577583	24218
110349	2383
441843	3108
68008	3345
108974	486
169	https://i.ytimg.com/vi/x1BaPd4tRhw/default.jpg
181295	2906
287112	1800
187915	4031
5414519	116018
460779	5692
10058	72
2095394	8463
1107039	15600
26171	164
1443	19
139842	865
118632	1611
104947	2387
257786	2756
479089	21182
30737	1259
168793	5049
334753	4304
186012	5711
1946302	54363
320850	8299
314681	8899
292059	9896
4870853	90868
533226	30296
605647	28586
1535738	3695
227198	1626
4577451	75809
2898450	103731
215335	793
4602395	183268
684642	100292
827166	28578
10632722	186500
1757843	66396
4320232	210539
536825	20872
778962	88065
18898278	369244
6289787	14647
155230	1296
577810	37198
611293	8543
254009	509
84665	4063
6775	459
340248	16804
1258386	48508
651120	10543
233356	17802
539436	17363
2654191	122653
1149976	72886
1783215	20506
362062	20278
94814	418
1838876	23487
16676257	343908
472564	6640
1155885	87957
213129	6803
176581	315
224480	1213
77472	100
15690	83
6805040	310478
1281161	4730
1737408	24693
553510	8104
525083	9679
330273	28828
360994	14236
220948	2120
2858633	32834
271374	11511
1020771	26772
1081448	8168
463490	38770
171249	2571
1100175	6142
198299	2116
245000	4618
2832935	59950
201138	11801
1668966	48816
648171	21375
402395	6348
93569	3913
1841470	8327
560978	11350
119611	1266
890461	27794
192600	9783
195783	2906
262197	8416
485351	12045
871924	59130
2051	92
974357	88786
282633	14413
833923	2950
1342979	16306
205678	8913
660588	3337
1311488	12955
58	12
361780	10823
182	44
323710	1808
366817	1807
1059577	16962
1973915	102071
402709	11224
1230193	58412
196087	1182
1517800	13943
1382416	66792
399354	3297
1079722	9451
126239	2068
145772	2067
216056	7198
394232	13057
361366	3531
2926503	242501
411321	40991
271549	5779
2084873	19453
1382165	22544
728758	15311
837609	33881
1707934	23468
1497477	51607
1216164	31731
206474	3242
514455	13071
165815	11989
342784	762
141592	7238
133557	4070
287733	5601
524103	30720
519297	18070
200866	407
934967	5904
6471	134
539259	23084
60575	3451
3309905	59010
743133	6747
112146	3996
97095	4157
84517	4565
508044	8738
692104	11129
4134	2532
115925	5186
508079	8837
5228020	136152
133	25
1333316	8568
595159	5936
58766	1241
5284417	107154
13798	985
65064	1846
435065	841
1991744	38514
512922	20459
117120	729
103464	8218
424133	18978
523411	101666
280714	16542
267410	11845
73405	3222
418876	26166
112192	3981
86881	1205
54036	4788
163237	15009
334592	24760
213103	1914
266644	15623
156528	4407
1984825	13497
60289	280
153705	7530
1452821	81929
402555	18472
4634060	92834
120521	5562
184784	13338
1165478	31806
629059	4046
723376	25017
167551	3443
422499	9559
78141	46
1027888	41620
59012	331
280253	15480
9243	0
43140	629
1125570	43615
226193	12514
1480917	16829
1303180	40352
31914	295
269640	3460
221946	10146
1158350	60365
250034	4521
540982	38021
36629	922
6389668	394968
199066	7988
97748	4043
2241583	21116
743020	49782
2911526	159737
424675	0
67185	464
468221	2542
2891141	217540
6405521	215989
5172361	85391
1679443	42593
195414	1686
1784261	47920
1724134	12287
3437768	123606
1247588	120488
589103	12875
81394	277
3068546	73861
453432	15117
62460	422
792208	2471
945795	159878
731529	24649
146645	5779
270604	2872
11828765	193861
1378958	13579
1309745	32239
4890338	223456
717951	57053
495701	18748
878086	6002
807949	27119
127271	89
961330	28509
154	48
152607	5967
844823	17975
209333	8474
4690	124
517474	25633
803442	10207
169209	13654
8116	600
20262	153
20918	180
3611906	151820
394198	5784
183949	893
23849	149
38981	7691
76597	1187
2446	244
652307	14691
223604	2454
40415	82
285838	549
1777036	117901
903671	27346
179952	1009
100122	2259
8474142	336074
1332910	50695
977898	81672
888121	52666
574288	7541
22386	1198
1293	286
427274	14160
2468757	25610
77650	553
33569	282
72908	3057
297030	11108
6473942	15424
304586	725
905931	11711
497538	5618
404181	1244
291236	8330
19453342	375777
742779	41888
2004409	26907
559694	38642
164608	5312
42948	482
1091	87
325487	22151
305511	11500
76190	4613
12523	69
17485497	349781
347134	16007
17968	1908
79083	3788
243800	1807
284881	14992
69881	4131
360086	19850
104934	4912
10214	30
179187	260
205129	362
1602228	20120
179695	3475
30853	1427
434716	66794
680227	48718
2364553	57627
110639	2072
255481	5281
3996	125
662754	10916
21092	104
630683	12737
294004	3491
17245	1232
	
731273	5772
1285281	77940
59428	3578
12746	77
17712	120
6190	49
88344	2953
55154	1428
153595	2515
1355276	14506
130364	1953
502173	4712
1004814	27460
1723442	68249
230858	10805
766816	5630
182799	11313
1126994	28432
629293	6117
12163	54
152367	8337
3066745	34994
1737254	15931
33993	1227
20168	421
3283343	69312
787739	5324
9217	158
244	77
112403	1350
139851	235
673342	12730
35052	2335
4187552	287857
284237	13656
1125288	97546
2880312	14170
5232	1377
247638	14893
1176069	41112
53655	2618
559081	9125
561378	13453
21894	1449
165887	8842
38811	2745
263057	20498
98214	649
54007	404
6022	128
324470	10117
430984	19179
307986	3913
239172	2423
134931	316
138066	5015
175044	1344
942172	45456
547273	47994
73933	12126
1896041	16734
92140	4488
15374	61
1444183	17054
238609	8058
198	https://i.ytimg.com/vi/fcN4ywzW35o/default.jpg
590053	16244
331620	22896
34599	531
265713	6587
110371	985
7788	94
186925	11441
321621	9452
509656	4733
55949	2331
1524932	71879
424525	34417
200481	3496
129306	5463
10930	88
266097	2448
48848	6051
405352	2062
952839	0
140778	980
3780988	266140
7719052	253635
1087530	12928
2902677	68851
5456212	92068
1914875	51442
3143036	17714
3714578	135849
849210	29395
953801	17912
1344594	127568
128321	357
3421526	79433
616332	19388
96181	499
1175076	198069
300879	3434
816888	27003
1610076	38388
160105	6170
12393755	198271
5069042	228489
850931	29283
1335925	7878
825674	64932
438960	220
1159968	31478
319444	20644
46679	218
234352	10159
59521	297
259	74
237942	3535
209700	7155
1042788	21911
895886	11200
289015	10397
535483	26444
7556	161
9186	718
3976541	165915
232817	1022
23122	210
927312	20282
299573	8069
1258964	34351
429107	6070
50350	9824
150087	1728
3318	312
1177044	96718
1198254	66958
9732618	360456
253065	2956
1376563	52264
66035	120
294841	561
1855269	123759
387611	1638
610469	7962
590699	6017
2679	857
52322	366
614536	21671
2927609	28973
117989	4414
1033247	13792
376218	13633
6527287	15803
472020	1012
459414	1340
315922	8924
19994026	379285
2129795	28141
767015	43059
4696034	55799
418833	27168
632388	42332
206700	6261
124752	1251
2278	208
412342	14023
819555	29686
17855628	353807
123874	6731
21595	2169
121814	5215
434751	2481
301614	15791
99020	5461
493922	4387
2132748	25305
481529	24920
212841	375
174588	7124
11258	35
420764	530
150053	1622
253669	4248
131738	703
348329	6491
2382906	40106
35060	1522
56924	844
126077	2215
715702	94694
454875	18174
717234	51181
22238	112
483514	15986
846346	6268
2770463	63530
5317	140
685781	11175
120336	1798
1001844	16375
316281	3709
1322090	79961
79997	4652
15812	96
17516	106
70939	3094
1396095	8317
2084601	78733
1677149	16031
415300	9416
822636	6800
1115408	29695
638618	23432
384768	19069
189887	1718
501676	26760
830303	5914
347358	1893
239819	11378
1166839	29299
686872	6723
1947890	17940
183462	4570
16644	73
3521011	75244
218289	10624
3153075	36305
48615	1432
85041	549
186002	7556
16659	1963
11791	195
416813	11938
5299637	351994
261583	10010
89750	4672
295	88
124866	1179
40321	2189
700734	13202
1401186	48506
51059	2891
1163253	101029
3735217	16471
6463	1724
264830	15775
75162	3352
584987	13970
184804	10965
61426	3851
210746	7793
322465	24148
175778	919
84064	572
6197	130
480862	11988
457260	20360
317831	4121
257065	2582
1045429	50170
266964	549
99393	2214
146242	5284
1560512	18302
880587	62369
92656	14420
1997709	17792
251267	8353
290	https://i.ytimg.com/vi/fcN4ywzW35o/default.jpg
659877	17732
358627	24612
38830	592
475420	3893
328005	7374
218699	12946
343845	9985
4785795	135177
228101	1895
2845111	19565
2861233	156136
928072	54362
1225814	78708
1960257	31767
5086028	296041
4463530	349166
335717	41583
4355414	80351
249019	7460
724686	26854
559257	81950
91694	929
648648	18003
1143917	89729
3616670	129038
572151	21442
4086556	60971
11784	140
459840	11566
141280	385
1064882	72886
519181	19907
653580	28426
509090	1457
761314	41290
435238	27420
323431	1025
681541	25064
10688717	286077
272420	2281
425356	13994
1315069	33195
412317	4325
714074	21520
493172	5924
1037620	22392
583684	35923
2088745	53619
144457	8977
614232	29098
497013	16102
1216526	37273
33920	348
383100	3384
62744	932
54895	340
84014	105
1414634	10434
37037	1329
107796	7959
335063	18543
600992	16756
302942	2410
315888	1868
174957	1033
396534	28472
385953	12427
106658	12044
4197	104
1243164	18645
259803	3270
140809	607
4272	65
2661039	26401
381322	1544
129795	9076
1098793	40862
65100	6282
329945	16613
762808	3838
31213	218
691621	6304
506435	23064
16027	73
532801	6479
106718	3245
14873	194
1309712	46303
1405601	12922
318771	41659
127635	1521
265382	5701
233738	5423
2866	181
2112381	53247
787889	17800
518975	17527
116	10
212950	16798
27764	2066
7605	94
1000	46
133631	569
688693	5029
19534	178
108850	730
69132	501
259257	17521
255509	20365
663581	123263
122429	20054
48385	3743
72246	5443
620165	16334
270210	2713
50084	1112
880886	23803
514028	2010
147830	2212
418812	17503
413293	2946
1961004	40891
470710	22318
170487	1815
622924	31104
1047671	33613
237015	13989
3336	566
75537	1445
11214	818
717421	4342
1023	65
784884	49979
132443	4078
260115	1861
5894305	96828
1160963	52466
604348	42637
951969	30301
139514	1639
812247	76664
346835	15744
288540	8597
326683	1854
75714	5651
101365	345
0	0
66422	4727
8113	68
168775	16472
174684	6388
1419370	210931
86216	7392
21497	3053
962526	29564
93024	968
3825304	83796
302	101
198319	200
4085131	143257
301875	3748
632208	3631
733020	7740
434194	15975
335889	10672
498717	7742
54636	3300
187948	1244
67786	2224
197452	3637
73444	3785
38090	144
106509	526
1886337	58799
163393	3996
942450	67458
216859	8912
633266	6252
144133	16025
425977	20110
4121077	37680
57494	2190
180955	5703
397675	25371
66687	4262
238871	7366
401424	11582
1577537	8325
697708	4554
63134	1861
219509	17817
6114091	22862
109050	10963
641277	1888
441166	4032
136038	3326
114780	11245
81782	321
139621	1533
343622	11066
21077	1340
19047	119
6826314	93340
195520	7954
1948452	122040
98921	8034
5177927	551953
6717057	170694
3592148	25703
3438520	103349
286070	2258
3248961	163720
430532	23934
8224	236
5214171	89405
223474	848
251843	6257
413918	19943
104496	20534
1251323	80105
2910464	123368
1529809	69336
2494584	35785
553703	21402
6193637	399508
6380	107
173542	6055
658161	25631
331049	15420
376222	9918
1217634	68612
5964853	321681
320567	18570
1583611	130968
394487	28689
2924972	16063
53346	381
27443	78
280197	267
622413	1996
5028936	74236
228249	28473
4609547	159851
877532	92574
320053	10321
1493123	42991
796282	28231
947331	27508
1403969	56155
1534746	37654
15583	220
371779	9276
1281533	94503
306052	28180
805209	25319
566923	9108
699278	18740
9066803	211722
61967	486
175225	434
177784	6774
419507	1210
156204	13051
932061	45627
728105	21628
729532	6257
3834729	544497
1231785	78759
857930	28239
84715	7107
102921	1468
86234	934
774226	22555
13208736	315845
294201	1602
454596	2789
633846	1638
52708	753
770374	18674
133750	1434
858267	40697
1492808	35951
161712	713
432291	3226
41074	2418
617229	6860
27281	891
66287	723
795820	33261
82407	1630
592790	8126
372965	17167
72417	10572
649746	37899
1592667	42901
464170	57918
607461	2503
19691	91
1789	137
178287	3742
109717	3072
88083	109
34201	334
157537	9489
673443	30556
49011	6021
98427	438
370316	2014
711580	9647
1576101	50797
252835	18306
447980	3634
754984	21942
2803003	27307
74838	500
521164	3798
1285558	18981
997580	4032
1309973	43289
78724	4205
7330	635
513105	23712
819603	29750
185616	11131
1059547	52232
2422977	33058
179680	4574
1315260	25168
274127	18906
650758	17503
200929	1076
983190	19778
813072	21945
39930	261
311116	14997
40941	318
12768	73
802058	7764
139079	9494
516980	5685
757764	6667
685394	61504
147718	630
1143464	26910
111929	495
1233781	62974
565751	3667
242997	6696
57896	337
321545	6387
1794501	15020
893837	8678
654854	9167
125142	3530
132	10
59957	193
315389	1796
984912	17636
511246	20774
928267	55566
499767	24625
334886	28119
2187429	25499
168671	1542
565959	2033
531235	4318
213744	16045
438905	2725
820097	8197
510483	23185
84308	3535
1466625	40573
125766	6796
264492	17706
433270	23574
11210	307
2421966	10580
19305	1180
467522	16500
0	0
519408	1801
195861	1275
295943	22029
402501	17209
152222	21974
127330	6187
2092723	42475
1882951	41297
8849	86
25906	2043
518520	19426
420321	10083
100179	5448
1796997	25527
460380	18881
315448	3839
331	108
160627	2111
6407459	26754
10096037	286378
3062990	12742
1332832	109882
8914332	677998
653147	4384
1025460	81080
166590	1691
1137333	55354
86755	484
85841	8185
1208480	47369
343318	1240
1107820	50978
585170	43006
4157482	113484
745332	13985
744691	63419
829119	50873
221919	1204
427846	24751
729685	6656
107515	1022
597881	10217
841124	26084
524686	4062
1048336	32265
113051	1236
7313302	177123
1793818	109867
3853408	27386
733292	32536
906811	30381
185045	7180
763018	33460
167038	1086
228175	1783
1062272	2263
243565	4507
104891	13546
338917	6362
41953	250
781787	16933
4420048	52318
248494	1959
312138	26779
352159	15101
566063	15302
73869	2612
636911	35781
985324	5109
1965	68
335139	3900
170711	9496
111259	1285
1813947	93547
1034137	49289
5595	60
234417	11735
504366	22824
331367	4589
523922	13516
197316	1025
267777	7882
232556	4196
357852	1666
210822	799
514377	18738
216941	4454
14574354	952745
191754	1595
103228	390
868328	30013
1056406	87170
166289	12827
176078	3166
5509526	174670
196347	8172
61844	1860
1474007	75260
3862	261
378011	34091
174097	12513
181970	11070
8124	102
3124766	127963
116648	2628
373288	12021
83089	796
531548	34131
7075316	418594
2553	308
45815	778
205212	7873
39023	3003
269980	16777
215797	2170
126277	511
237040	5091
645811	25699
25816	3358
109296	3832
263024	2421
208027	1942
76845	3712
282846	7801
451489	12895
4803	148
30797	1547
14431	127
199797	1975
2069	16
101957	5308
606642	53927
264549	8493
282934	9779
1754096	137316
41294	5072
139474	1248
17762	554
298798	12466
33763	497
34853	630
177171	8361
14285	473
20698	231
1029711	2355
237736	720
298511	4105
494311	17619
241091	7826
63439	433
123491	5455
2087	62
72798	1442
113749	778
74607	6798
213714	4649
301434	9933
85510	1151
128123	9419
509558	10513
358354	2928
71166	16167
94240	4012
57795	2173
9626	468
1033344	32842
3111909	16413
5374428	78340
136464	3449
51854	195
216530	2142
277998	17401
49037	5037
9540	52
122031	5903
94686	4133
180662	11019
570080	41439
302295	10453
43343	3834
95160	369
78449	3392
11224655	235111
418276	11990
1071142	28805
29028	482
38047	2070
822071	9593
24670	2445
1342583	10828
70233	4254
38095	313
32762	609
19945	346
28106	2230
5164	19
844449	3152
59669	526
72075	7974
298579	288
7357	15
114246	18003
31287	1723
214946	8307
4536	125
32184	2157
13283	221
2286	80
86538	3607
1633753	45194
1594572	58829
517418	7630
67744	90
301416	1765
19069	1200
240088	10199
4569886	380244
16550931	365543
3366920	15318
1556182	9014
4014741	206770
1797096	52576
2195114	204883
630316	8638
914464	39342
11939132	780459
1446867	7544
282239	12484
3308	262
70202	201
1165051	29131
667703	22836
424759	79898
181493	13176
852848	13579
248736	2919
168369	5238
718725	18102
1666714	72685
424614	14017
1322821	48954
57328	272
1533673	67623
617521	45881
837928	111500
960453	103194
379137	12024
2765855	85510
469715	2164
584953	3542
557131	38933
3934084	219004
751036	77931
4933029	127512
102018	905
2207015	38024
1846718	14954
21479	1057
902301	32161
2362255	238094
135104	2827
483447	17642
1481257	68940
854746	13543
1252822	18365
558368	36059
177056	1680
1630534	63906
717539	9055
93	36
291785	4762
273711	1401
1643022	105160
80833	1792
193424	4478
792101	36107
805867	40493
476767	2678
684427	5010
892893	37521
316243	9350
779223	16239
511884	30773
282717	3196
217196	2353
195856	1212
1319208	39557
1616102	121417
9830	154
571669	14521
144941	1236
174678	936
178181	2075
345338	15915
219174	4933
121269	1574
168556	13989
280105	7172
47320	617
1086857	10144
3237447	156029
1360918	38514
267727	3238
185006	4173
1096441	39564
1086948	9893
916078	38251
352949	1638
308814	13219
1517	155
1875461	25296
166371	442
70202	1012
345451	10663
303052	2191
17214	158
281326	5327
147152	817
370607	18123
703623	47630
149457	3076
328196	7894
383437	7381
7671538	181973
1106006	5335
155436	5646
697070	39449
34259	2924
22723	536
63608	1249
5050	479
149155	4874
57481	920
241155	28019
400498	7072
22355	214
511628	7246
54126	4096
181713	11006
286798	8018
405211	5553
440672	15927
23613210	1261668
151127	789
79209	2170
67664	305
503248	19016
49667	2415
128063	14605
654175	9723
173162	10506
185153	1811
127263	865
9806	168
304253	2134
504870	21884
389	16
43360	3370
202848	18560
39791	88
220085	1662
106893	7755
248290	2427
62824	1789
88686	3941
551399	26165
23045	189
882947	7345
343686	15389
67703	3697
466312	12885
452584	6888
75634	4705
29918	1657
141011	3010
139731	19367
500896	77895
8531	36
5488300	58412
71986	326
261320	7774
836629	62287
77765	2625
85716	1042
749939	16269
220610	7338
592424	5831
193911	11795
243595	11788
107526	494
85543	1046
37936	3738
6397269	192074
167973	13057
56976	2793
157356	19876
97421	2601
10999	961
21349	2746
528605	67741
1232	74
453504	14648
199270	1619
28296	3080
250102	3445
689266	14060
279126	35069
188357	17233
689130	3034
234785	8120
117177	12062
705398	37843
8363810	571479
20680316	394714
3600901	16429
2114368	11346
5829428	247117
3195316	270842
2482108	66898
3342184	268880
594951	18799
1332369	48279
14624941	869985
263155	514
1606165	8239
766806	105813
5232	441
2561527	44720
536935	5151
1363729	31889
4588916	317747
2109193	152958
287248	1682
296154	15748
950417	23807
948218	20760
218270	14580
1500396	170148
2824169	26921
223911	6100
6165010	263302
1933284	79624
117331	403
1459157	51247
607722	14977
2030970	78127
671488	25702
180136	1656
1325132	113130
904655	58390
683163	44681
5700451	139471
1207803	10204
201315	1452
564843	2502
3433205	97552
406444	24746
178362	821
520135	33120
513629	39453
1257684	13166
100403	195
245796	23038
1310803	55042
877651	24133
180289	2591
2562213	20385
611069	2908
1110409	55737
273251	4354
238602	11756
2011719	25358
555157	6641
391582	1410
233	53
155131	6557
1220181	51605
1475727	20443
1144263	48259
232479	20286
2979577	173925
205979	2713
578132	22166
572955	15936
1140616	16459
859885	10507
1938651	116733
7037	575
814418	1486
204728	1799
113047	870
1765716	67286
1598653	71568
883918	38967
205444	3005
279667	11050
1606635	48032
1746823	13840
761896	5402
925978	6803
177762	12081
83519	4697
388879	6620
365442	10047
379930	1752
238948	2393
702224	23289
205411	8782
358284	3621
108410	11151
203426	1244
13915	194
1389308	21670
522099	6696
662515	4667
379964	8209
869205	3581
1401221	7879
632959	15254
1698886	41615
543791	18876
94748	146
3569857	165368
1957	229
211482	1868
294797	19584
1034421	41844
49078	3779
336943	1264
1268346	10565
139114	6577
234848	4629
382924	4012
655026	13050
131585	5984
1078549	60967
196827	5951
212722	6469
94277	687
202663	1642
505148	2132
588699	1793
789741	6530
2515101	27796
566908	26601
4576748	175829
292050	10023
161162	1516
546975	36918
375758	6243
182319	11710
110368	2545
172057	863
4874	375
477701	6197
688372	10002
189690	3298
923151	43957
44733	3788
46201	248
3009	47
415685	3575
569300	9165
79330	5006
40646	2795
1203277	5410
175796	6499
291081	35145
32880238	1497621
121794	442
458742	10400
121221	7174
5706	105
144652	4414
178659	22830
122473	4415
288594	25482
219085	2343
106026	2623
192113	11221
781657	10991
27744	251
68519	4583
410142	13609
29820	1027
353648	18445
340269	8850
1323760	42128
254182	2200
427293	3249
579929	4548
34102	1611
1121408	14437
708581	19136
147411	1162
179650	3167
115450	419
956546	11422
1433883	27611
564085	23484
273239	13653
140615	1946
330156	38574
56949	855
31855	1552
7196335	205104
17059675	1431544
1211176	3553
3603101	25373
5538389	374782
1289211	123668
23739439	409789
832910	11686
2406537	13197
1424537	73847
706562	64701
398998	6552
3881574	17097
1505774	71646
6998039	271412
570498	14249
1742194	44208
1032769	33225
478190	2828
240242	20406
470720	14636
274334	6089
406558	4943
2482985	75253
174415	4676
1706816	31452
527024	12794
1030776	29229
780057	5630
117191	9849
553889	27748
56732	237
3271231	50267
2835440	74464
385783	670
376202	11636
182332	2949
458043	18225
703198	20889
17403821	948050
309994	2042
1057897	71785
436535	20065
3832549	292898
587807	11747
984647	121617
608989	58555
335048	21372
118	27
148490	5794
6255909	362883
5898	542
159789	954
1462289	105554
2768767	172624
217822	3370
22527	229
184136	6278
97747	4436
129991	1348
426740	16280
642165	36422
692097	6028
181017	638
615957	11685
291217	10510
902618	5040
7133829	73730
1706102	144574
172418	3321
348936	11639
1406387	50086
1019747	20592
35522	618
24328	3637
427372	32857
310911	11107
709441	14372
780890	52917
431292	28567
131004	2674
1199142	118160
7487183	286698
275638	17771
9309	140
292048	1246
287668	15856
173884	6688
61384	429
183110	17775
5035	28
1793800	193720
375676	12661
1063877	22165
143329	1486
2844996	429387
487747	28018
108	30
72910	2325
214941	8970
344086	17590
655638	26043
77984	3743
2003	57
213561	28362
167927	3835
46081	2212
233755	15232
56277	2093
58319	1771
818864	17539
672665	7559
52349	2406
1524426	11854
69205	10311
365721	1839
2381366	85807
185790	8458
2847	243
119541	224
1991963	17052
412929	14362
266654	1651
1541807	124132
374930	12036
2106611	83619
231835	1932
706687	7156
34377	1830
971403	3881
905164	32049
29906	1073
325547	8010
222095	1614
51861	475
3926	80
1227	37
1537460	52863
79341	3574
215534	9056
214759	4992
926591	9228
255224	6555
91849	390
6366142	147628
763204	3394
771341	9482
1193170	7005
885184	25570
162522	14485
890054	2662
132642	2312
415284	11033
390749	14218
41068	140
293649	31138
272183	2107
82704	269
686369	17883
256922	8110
1324483	61592
757936	47673
633746	2810
165254	7081
976121	61529
9126	767
205233	7387
53094	244
378073	2550
3795887	105180
31403	4016
1611984	53431
998478	25970
247378	12765
189083	2878
40672	4322
149715	8918
599812	6556
1449593	29741
201860	9768
45648	4489
6070	152
444297	2158
424034	12047
262238	1875
21	https://i.ytimg.com/vi/BFKIge2Vcrg/default.jpg
3048062	23625
3661624	194396
19967	825
81411	930
310426	2661
688805	7087
185412	7485
582454	2172
22195	1390
1968634	57788
160435	9839
9994516	16676
553655	162
23945951	1815672
2404042	169266
1096557	1076
6401650	61457
4151801	279536
1811383	18112
1340481	46218
945338	6577
1768780	17501
825768	83917
70067	24
1995648	155980
490044	7197
1002961	23783
668744	10307
1324253	23790
157611	33
1598739	108660
731035	3863
62205	320
96263	309
378941	1999
564701	33323
1000086	43269
2149001	95538
1130404	96327
233921	14726
182395	5793
1575011	3178
2819142	15328
2458836	54422
1380021	41531
93908	1363
967048	22259
375384	20629
383113	11514
279245	1689
35532	156
136662	5167
1761805	79031
8004522	293067
33080	3428
1277404	39783
29924	1095
421784	52586
4076541	17615
424725	2479
3082293	27217
215125	5214
480212	2205
169135	1464
489209	5565
32780	252
798819	16063
912280	18221
2088060	39597
410179	887
2998290	80526
465287	22881
132781	1543
231644	1535
525266	2975
10376	85
1347915	32091
132889	5107
152594	4117
1021553	28288
203408	5633
290567	13780
473962	2490
262155	4081
213194	5229
202	54
442286	17340
737613	32851
25965876	418707
156695	2718
320259	1495
170498	1400
2258	279
61283	15
556642	14721
43103	1423
254807	9984
3892	66
1260570	7342
913061	14768
363157	22632
469856	791
3068466	78940
476627	14254
91039	367
100016	2860
1436058	86579
247534	4426
659896	38045
220801	3606
80156	950
133649	3462
1110653	4420
19266	61
652589	16358
27195	135
1244231	23459
1227473	18384
360764	12366
784347	12545
463840	3565
652225	6794
87733	1266
103	7
1131257	130376
1024381	70489
3154	131
4108744	305547
65798	7713
666586	6490
320550	2060
7634880	399055
227281	3356
419880	13097
215538	1736
1262140	11104
246688	9984
239611	0
295603	4061
3213410	185794
302818	3792
348611	22454
6363	593
23211	57
462149	20909
742245	65916
87751	23
76421	1532
52846	579
310168	1124
213066	6961
59860	1241
720581	44061
20324769	1013533
117695	5013
70984	3035
18863	322
7764	50
24353	428
1350	91
185291	9250
480480	2739
402939	21946
3452	46
39222	3103
755687	13582
4645909	520456
26372	247
67481	5085
365999	8998
273981	7997
126885	5328
333492	11365
370068	12261
373448	2303
32034	263
473392	17253
1466109	51453
598338	5774
89439	1274
54536	68
7757545	77519
112807	3484
11369	40
218125	360
29058	408
13175	467
149125	8793
486460	35788
112644	4837
26293	1822
121696	815
1777819	11165
8592535	306789
213662	3522
58266	6348
41754	670
29091	4205
165012	9659
172968	15286
340050	1286
5694	244
1510545	25032
11941	69
16797	287
253514	12318
263351	10488
270134	10564
1057034	543
14647590	32892
28866802	1997355
192439	823
1104496	44954
242593	22990
10929365	508112
636750	2805
1132801	54491
493842	44367
4014335	233111
1626093	138271
2000550	2181
1698536	12015
529083	14801
273808	32807
837517	93416
211897	88
81672	1664
7430048	66291
2063854	59187
1285855	102066
345984	3089
414668	12674
900339	11807
1344340	6649
2197143	20458
632750	3085
1539970	124991
1240199	6552
156018	4077
2008141	18775
71817	697
462704	18070
45324	208
22733	152
237142	1253
654748	67049
949718	12924
1979040	119438
2271430	99174
194955	16772
1444683	52291
154305	2207
1586406	115969
2283224	168167
1423679	24967
740931	29860
245943	1511
970277	4708
291989	26926
31297	1611
1714204	114047
278735	17150
605185	14670
13610	409
119623	363
464987	10301
340758	4151
615241	35344
134335	2217
204115	43
823274	21989
593362	7507
205453	4392
2154295	4232
2975943	60701
541686	15362
703	88
54738	199
3611	90
239145	26242
434279	26427
370305	1955
383702	2457
1208026	26267
139696	831
2328	https://i.ytimg.com/vi/AOU9lZzSZKk/default.jpg
605907	16610
119596	6220
2200	8092
2003	https://i.ytimg.com/vi/Hl-t_6Rst2k/default.jpg
142064	7679
81746	2174
162353	12945
385368	2715
316501	3716
30054	144
92535	7655
129859	1004
189351	2315
71994	815
1968594	51953
53672	2936
40428	1354
435875	10254
275876	1924
392941	19531
230128	4320
2658813	262463
408037	22004
467604	10432
3087	78
340440	1732
6454	166
276130	2201
15483	85
1423005	23753
41318	580
70229	509
699351	8777
9900	184
80642	3187
398425	13934
290192	17435
86205	4387
394201	27805
156391	5439
304164	5301
515511	6455
101571	3818
28150	162
4289651	31671
348055	16431
209995	11989
23796	126
1913833	83041
39496	260
198122	1860
581872	20529
17	https://i.ytimg.com/vi/G4qPnmEpjfU/default.jpg
145805	2353
81281	5505
39312	210
46732	1539
773116	21049
246566	5629
126584	1120
605941	2642
3141213	17212
7088	155
1339275	2417
50421	1439
100390	2662
5301	817
129041	4411
41249	3652
98226	1213
6510	180
102828	0
118086	5219
22195	1870
678077	6745
512006	5793
89679	4629
2294858	41260
9164	1124
3229977	83422
411567	19104
220550	140
87490	1374
[none]	10309
259514	4205
951938	17786
123106	6496
65219	1670
827363	41048
2099	10
724545	34787
918030	87408
384602	16117
55469	6201
573726	28965
1620596	33600
453440	12739
267851	913
27928	292
8879639	309536
279089	5567
1894023	242358
241843	3556
800583	3327
540531	3012
429082	106915
117366	2691
237	74
194408	6889
310332	4900
1081472	29497
27621052	424047
138235	2853
148454	7595
67231	68
55570	2227
72555	4880
2841864	55055
3437873	97835
1274708	798
17030271	41743
918887	10429
986787	122732
681291	40604
83061	187
2023330	61550
9946060	245110
1534553	27409
1127610	14989
406216	34970
1974540	77881
1181213	67226
37157	675
747317	3177
12948825	552369
1234544	170547
33591858	2152153
236806	3334
4601917	254758
915825	52100
4410665	247065
34775	362
182855	2844
81949	3729
2301289	2663
229431	1128
662045	16789
1432429	14937
424785	7329
142022	5339
1817290	56011
620186	17397
493621	6787
1862319	12929
1313820	151061
235646	100
842880	37132
174875	10423
246054	7070
1205359	120450
158018	14938
136019	17
695078	17415
550699	14225
1195577	91596
1151976	14981
229160	30083
1524989	109311
2368625	64480
13949	703
300830	2392
403405	7524
585169	4880
3127	17
303607	3137
1273979	93285
44933	265
709230	23292
106657	4594
60400	1677
720070	3563
299283	15459
204920	1763
1499173	7381
355429	24650
82787	4981
1342162	63057
3058	11
7909115	68317
160747	924
1099494	37282
1718444	132833
2513	27
159667	2338
2380343	21651
2473054	57596
30076	77
128311	2364
196243	4656
157714	9273
367112	30929
3520360	66762
234960	10283
97727	6521
2106996	19459
83876	758
27474	1288
40753	343
15219	32
94506	3308
125256	14039
62175	6743
137114	8739
226413	5552
28770	3238
92481	608
724941	38739
1221180	26393
309969	22345
3050434	153282
141179	928
1150062	14545
53021	254
1205488	9443
1869114	123899
242888	2132
794037	21225
51497	1662
301128	3972
171599	44
3271	404
92540	1606
1902061	7716
63291	9651
2338264	101248
21671	207
136600	16887
352342	1939
137066	1595
37635	3647
1488711	25908
2470444	176040
183892	446
327139	1386
9695	220
167653	2601
841844	19168
563822	12290
16257	1387
22208	603
253049	2429
2029866	85670
171741	8933
57513	5679
46041	2576
73188	3280
99069	7527
6843	23
91825	3949
13397	1266
36811	3247
1792675	117910
161173	4840
25184	436
38727	232
149880	3920
229150	8187
244593	1681
673272	15492
664029	7189
0	0
91559	3018
112102	1004
571986	17209
621751	10488
17405	535
204207	6736
12330	702
111363	871
821346	19989
111817	676
36860	3209
582781	3480
19730	138
175987	1044
768	98
83640	3987
642360	36456
353279	12931
218762	20311
721205	8442
205855	44
160441	3206
38958	53
448175	6797
38857	5483
587081	11217
387428	4207
79559	2032
8595	372
2167853	4467
576571	12027
14389	992
7329	111
226135	9284
46844	5405
13761	983
415687	2057
8308	242
304899	5062
101740	4355
2407	9003
674629	11308
6499976	98425
5684186	126242
631429	31119
1671163	32391
977896	50640
291509	710
1289179	110156
1017019	52606
1017196	17944
143352	2106
1401689	909
906053	93270
328414	15723
1380342	14109
326278	8801
22070968	392154
654775	18450
18226395	46374
440784	14347
792691	43633
694144	25001
1040405	75840
748037	39700
2911713	247647
337850	18008
2318176	65752
1723106	116848
146253	2542
594608	4650
279110	21436
186756	9669
457660	34592
67891	257
3329554	221581
147139	5413
380767	8589
688999	17383
198673	14719
720483	47920
42902	138
246651	12311
969463	64159
179623	5762
1317255	70957
414645	6442
140413	436
1056426	22257
4252	2
71789	430
1422146	35854
272999	10607
317293	19370
2185110	82469
907938	3825
15770	1424
730444	1245
543420	3887
111739	1274
1004309	11351
47197	458
168319	8656
39356534	2299177
173360	5722
207027	1491
151372	16963
177105	987
12754	107
171632	2023
54916	457
126636	9729
56056	3626
258692	15429
296079	11723
1102362	74008
233406	8505
4953	30
181084	26316
235291	7035
13907124	571378
31136	585
2607609	67399
48003	1152
311212	15942
116125	1405
4839281	262169
76690	955
120885	469
2559730	139745
2771499	282692
9616	42
960343	53541
172084	14080
201063	8001
704063	12984
168899	13495
274950	1582
69048	2722
458196	35226
109646	5787
176640	10546
429766	4315
433120	9417
32426	29
4596335	253042
134415	843
267240	27883
135189	2557
186269	8065
55175	248
382747	11736
628897	23319
1150616	43793
554930	4241
212559	10028
2463	361
4754	87
151388	13718
155913	1178
26424	1814
0	0
1613321	106721
46911	381
594338	67503
1271775	6641
152299	2494
63766	331
162868	3208
177431	11512
482601	10212
31463	2218
404732	4852
482953	31951
264357	3510
0	0
391496	11009
176876	14453
1887486	13086
125310	3788
605924	3376
115622	293
8437	39
174000	5873
133112	3197
26699	934
2546	17
362255	42656
30646	2323
437239	15478
198292	2076
240606	100
92173	5112
156463	1469
620341	5543
294391	3281
185115	24
77374	1555
749562	60407
8818	321
1011803	10940
283899	4995
24987	3545
290400	12466
35222	1508
1308338	125953
54536	1181
256211	335
208054	4667
1335646	16872
33923	1409
320562	9696
	
41135	1563
33100	852
1533800	122321
2559735	68136
46665	2571
3549	149
119230	7993
370372	53711
3987047	15414
43452	261
2274	176
125065	958
277598	11898
1431930	163376
13599	578
70691	553
109547	13506
178098	9160
1941	39
16617	202
726343	38238
1195693	29705
2076506	160517
2236297	102142
838886	30997
1942892	191390
1725564	262748
1892139	64203
1728864	29795
8160937	148762
8128761	117201
1540520	65629
3145	267
1243076	136239
2036792	29447
678521	20181
2058768	147166
982063	18527
1285594	50662
2157281	141649
1560199	75353
743830	29324
348915	9243
210647	2606
439518	22894
697324	64059
195444	5047
252964	10923
441838	33618
734098	19792
Super Slow Show|"Slow Motion"|"4K"|"Explosion"|"Slo Mo Guys"|"Tony Hawk"|"Kevin Durant"|"Gav & Dan"	2017771
27117342	456865
1483985	968
1580265	15182
377823	45447
43363	138
1653442	100536
284930	18416
967157	30662
377085	7533
346130	14788
227002	3162
155189	895
655868	23064
385886	14408
41737	163
5010358	279685
2240970	104992
372826	26148
839972	45136
952655	21054
689680	44847
2871596	159783
3239660	262437
459358	2540
502682	18737
379935	25924
79182	2223
60360	2113
654573	28105
1334016	74632
2453061	67663
87188	3673
76572	3358
39125	2279
887596	10400
19129325	50334
987890	6528
138922	1869
1422491	26018
300108	11103
51335	1348
759157	49641
536456	24585
377203	2334
147297	1132
17305	148
212306	569
525554	12753
1218818	5002
758383	20968
728210	4585
16139	134
7256002	154112
463407	14921
477672	25878
306486	20499
76	13
86469	492
2354	73
300991	28209
592963	35347
73893	11765
299249	8119
183893	3656
190343	4223
221055	6339
241409	10043
55094	0
347426	13417
2284311	84974
90129	361
97348	1984
236864	10658
56758	532
61315	394
1103919	1563
402396	41062
38468	2750
971515	5440
349605	4879
131371	7061
47362934	2469057
1641529	38411
2950731	25037
28991	2191
127711	4031
20107	5
30745	476
290863	1205
359135	16092
146712	3820
68959	4229
76665	5081
182947	1488
140169	5111
45708	272
48278	686
109867	1005
127981	5575
150004	7177
633561	24814
221048	2071
427430	8715
99216	3538
	
307432	2903
683381	56970
104041	286
2175382	22019
51062	4086
34501	1296
309149	20380
87584	1748
300122	16309
237857	9335
23400	182
200678	10588
354816	10724
177279	769
14654718	585763
38082	2227
4352	46
3269098	158593
3282042	318362
83572	1007
1451671	131836
1146653	16320
174721	7164
253450	18039
547682	14530
52298	40
34090	1861
63925	834
267507	15283
16949	754
175357	13172
70345	1455
193550	17114
133288	6972
93897	982
8348	44
114102	3837
4924400	264933
11	https://i.ytimg.com/vi/NZ8tJ4xKzdI/default.jpg
121126	9353
5618	283
113332	11387
57004	113
985021	54262
158964	956
277685	23521
1251148	46258
217223	8563
105747	3444
76939	1040
194362	21551
207247	15412
940204	88961
337641	30844
819215	6118
713301	44855
1176302	145153
4168170	237319
975360	0
1446458	36837
1325436	38895
2635642	115933
980722	5898
1030506	47376
3178203	259847
2736334	354228
2877441	217566
284163	21079
2544353	77895
2257994	34487
325615	6544
583184	18571
10977882	169949
379984	3647
348382	25864
1979097	66843
580832	38250
1649362	49248
1747075	28340
50256	222
1247798	27595
369439	23133
394472	2715
9369250	131749
437865	29706
644	89
124339	367
417879	8818
762343	31936
122257	2279
65928	3416
510024	1335
2446626	34294
1727830	16391
181124	683
63000	87
1641274	68189
2932251	161467
806953	29374
104630	4061
698652	2427
1248240	87271
2373548	159283
47793	238
444541	10708
527614	16215
394872	1726
994697	3629
219805	465
52615	830
192742	11970
132321	1620
1928346	92292
96283	4926
485206	2729
667575	18141
198508	105
235903	2808
1505143	33946
864224	3079
1400363	65199
995183	26381
123451	1653
525334	14313
225846	6506
67006	3200
531808	18891
503539	12072
589190	61285
445722	3744
68057	2592
58	26
161552	4778
613488	5600
14420	97
1160639	78633
526697	7556
191062	7414
155900	19507
95931	2781
112358	4695
204556	3620
179	35
522723	33826
483240	5446
237081	19148
907568	30472
7283821	154518
23106	759
329695	3086
39493	4989
6517606	316506
107468	5109
506440	23554
431219	17343
354587	1716
171823	12559
514470	16391
30952184	492631
3500	50
447889	514
899164	29975
175042	2271
126213	2626
1728	60
1160998	81390
2293127	26797
161528	252
62434	586
114603	263
169105	579
1715877	83721
35948	1998
817902	50629
817441	15258
280629	6173
47068	6020
845134	11856
351066	31313
455127	7883
2810951	116202
137394	522
1826915	108184
1041532	32135
1673212	15627
66084	3902
282380	35095
317666	19681
205844	317
131366	7801
42461	3240
503701	23342
22343	1496
33454	301
771689	13909
283144	22580
175093	952
138413	1939
305617	27753
280395	12236
100218	103
155824	175
228456	12558
725801	7952
1533	85
251797	6144
24935	1231
871434	46043
22097	257
157214	8127
116798	2499
110744	8326
288260	7889
248423	41621
199239	10422
88502	166
79238	2687
407551	15834
3406316	269530
281631	543
147840	10084
448951	23023
252958	1078
676024	17953
116084	2672
44364	2969
189403	16861
365	13
528967	3212
476376	15792
15879	70
403627	26997
14071	648
207452	379
517936	16187
917467	3940
214197	1175
1029044	22081
136715	4564
19890243	53817
508128	6238
184125	1750
109527	4172
126515	680
1022511	13583
100167	2144
184853	2481
43961	365
256450	1050
10	3
1169826	7610
600255	26436
2766405	248153
10309281	35287
1983714	94205
3410406	263581
6094441	285074
1868552	75941
1557902	60432
1372992	55290
1667730	77433
2478518	0
6569977	14184
740606	40064
485632	22664
643051	7736
607105	9032
555331	16739
1570667	40045
1441173	40567
424492	14591
170507	6727
3004137	128085
3420317	16085
2710201	3020
4043368	268268
3646401	282317
401533	30153
82742	475
1361142	62298
1022505	25483
691592	18698
40254	132
631830	37199
340538	56889
243791	6479
876541	13394
3035178	87078
9096	1852
26184	771
131	35
2441822	35862
15159	1870
705139	8248
3847570	27936
1134	163
193398	3965
2822804	20892
51196	4073
1860827	6973
319763	10351
2418100	76311
2157750	33537
218491	1645
651742	1858
1640256	22547
265466	6023
109690	126
77703	6179
93922	1971
3998	14
1576391	31296
164329	8166
629479	38171
1067402	26157
164113	1373
2479582	2556
130151	5574
715587	57100
185915	6343
12542958	184948
29525	404
251384	2218
1610220	5187
349135	12891
1716488	100388
178447	17203
54234	774
90239	4740
13279	2940
279641	15297
103040	6036
0	0
492059	10059
221951	8731
105780	18465
3702038	174101
10236502	140374
161409	9324
1336154	19348
191377	34689
392727	26539
399106	1154
155583	431
9331	1308
226101	6551
249965	10891
552493	16651
262842	4113
116113	1634
147920	2611
111394	3822
136873	1480
768064	24722
63032	430
17828	147
925309	70132
190368	3591
98049	2584
218801	4515
963801	31859
219455	14671
147686	6097
531703	1283
2543616	165252
656827	1556
199950	14404
85845	5175
123920	4498
115226	2549
221727	5678
341196	25716
9988	152
112104	4779
5827	138
615232	6866
234957	1577
2114116	42512
18474	98
234888	19843
447605	520
412329	9161
298546	9309
101999	6919
490114	26675
215016	7738
532539	2434
796256	3784
100896	9307
596513	17418
284628	3087
2092717	88055
293655	3993
340465	21590
111806	5614
809445	2452
257272	511
45129	3817
835384	76637
26609	274
136527	8362
888747	21080
3135	224
500119	11583
164298	1898
164104	1616
3814156	35978
263379	19073
7316184	154985
120296	339
33060	3549
2432894	110237
663188	65794
247190	4931
135894	3669
766846	31177
1107	14
17826	1196
1391403	39844
200269	30491
192560	6668
174060	6021
58317	590
53920	434
631635	1231
189120	21178
7946670	342936
686907	21852
739416	3321
9924	135
7955	247
249827	2902
116216	660
63319	259
189974	3865
238782	120
608245	4750
172559	7682
28999	1212
976330	16471
605311	37920
574124	15147
241	44
807910	6653
179902	3668
462815	40149
55550	1780
1045983	32983
276400	3134
2850569	194047
892807	41407
5275905	340059
3098362	265903
580333	41104
2885811	115240
400039	11770
1126368	159809
540275	11737
8544795	328800
4372895	130937
1936667	3681
2512612	95485
407548	9570
1109421	43772
893904	33972
1573462	58903
1707516	64177
904354	40711
364989	19355
156854	5310
207169	2941
1241197	11315
2895813	0
938875	47615
144463	1836
1522825	4302
279451	1540
634138	1512
729992	9865
273204	8901
664462	19443
33423	1456
7193688	14859
121896	157
386965	18897
37606	3168
1118821	26309
196975	8218
2168315	117691
115242	651
2344521	168498
68951	2596
208279	8081
90426	3167
135053	8211
154675	10279
2788033	39291
347258	41152
3703074	3714
	
121831	598
1633513	41137
1507769	41567
0	https://i.ytimg.com/vi/c0arVTRwytA/default.jpg
4907332	299090
3305510	137227
324190	1495
181087	4550
10633754	266735
3982886	295554
495831	28792
42142	4413
183952	1189
79868	181
40356	2533
103985	3085
534938	35366
102489	1363
434552	2024
474846	7183
780664	20441
3527400	419311
520208	32362
722377	19943
459643	12569
525610	6784
5596	29
219530	7412
191017	471
245507	11953
3443906	94406
124280	234
15676	367
804034	8327
186363	5370
404077	76275
1513927	39235
519232	8510
211212	110
156865	7600
2642821	37681
1354855	4751
6330	178
294195	7211
1375	196
69980	330
542193	74213
12923	3206
281248	11280
2243567	6524
185175	405
1258238	11474
25150	392
108423	1875
44770	1151
548190	21454
1201851	2084
6902	83
338821	12836
463434	2598
2475475	29096
140651	7503
173304	2378
2448026	36744
3769407	33824
4048460	28682
18984	192
251183	1870
3181566	22096
100241	4180
460193	2906
316289	47134
126110	819
2224406	7462
2831682	87347
419615	4958
356014	1901
93410	3699
107541	5454
2291	8
887689	64973
2194305	111690
1838477	33734
163055	2430
129820	137
161251	3408
72388	358
311193	10903
5606	789
279585	726
512114	15321
141840	8915
93324	969
10185	85
3234328	2985
794557	7882
2036	8
15460	1975
373274	2919
677478	40155
50080	3627
1434	63
328179	2525
229205	11432
430075	17575
148142	9234
262821	7717
28927	127
296975	7168
200307	9758
262918	9712
4279908	181762
204316	17872
324790	8040
142377	22394
69068	6038
5145	64
90077	5377
317898	5533
3744	39
23974	1579
380382	2520
1655956	5250
100327	973
123236	5768
304720	16265
13765	300
203802	11247
54693	3039
0	0
1195210	83099
1141946	1961
14681	3543
323450	16665
66549	1522
250778	8679
183988	8736
125706	280
94932	6090
159504	7714
588100	32176
329943	24673
368721	0
2932977	256747
652100	5769
1798330	153023
1047456	14449
286403	25788
646634	38258
1461356	23535
932822	34239
1648893	73815
3960494	234390
1470298	24511
1457904	54875
5690136	11332
3259330	273395
715012	25202
1774424	199015
146502	2378
596989	8213
1397595	64074
604037	65345
6546671	13303
1341134	82424
692492	61745
292848	6820
9103904	13569
3107467	119969
1496512	71444
138222	4648
3683919	5512
169683	9091
342260	7319
5199731	145901
258684	1119
379108	25193
851762	23222
302343	11340
689625	1163
1554420	31423
77269	1075
642851	16767
1070726	39568
490421	23608
610104	16942
973446	35862
2887961	102175
2268102	34715
1171327	47516
280404	18601
4184512	156628
58410	945
173538	6181
11006698	362577
2930478	8926
1653861	31743
264926	25542
219895	2365
188458	1045
97001	6935
901994	55444
1906215	67195
161647	13996
220801	2394
5238273	6921
1769525	69570
1665947	60383
451118	5354
187686	21157
116001	3227
83243	2238
1015055	43838
809752	59918
362659	1781
1053873	51585
132381	1382
1441032	12206
524517	15085
306297	14503
714737	27625
208122	17254
3115246	0
147061	10921
139707	4686
814382	10408
256474	35543
64555	6247
72156	4285
267495	4936
378522	12547
2343	57
402904	10642
491985	2503
906931	1893
4543101	6101
15474680	320810
268936	6713
227522	7213
719116	20505
22956	242
214995	12213
24661	285
59630	230
428389	13630
107057	1351
275701	32814
7361618	15100
37148	429
124981	7371
103649	627
540893	27253
129687	2677
241152	8130
43482	3407
333496	9632
325507	42812
273767	1786
2685883	184342
497817	1121
201045	2326
5213	604
4611	194
7437	71
759368	7582
109963	2540
142608	5236
64713	3127
87662	11970
124087	221
368125	1744
106523	16720
3211289	67618
205843	4843
264017	1860
5602934	321445
13085	72
272694	5952
236410	13643
340718	14744
698889	114690
302	90
264906	12223
199718	11788
127430	2750
203652	3433
501051	50719
134824	598
497507	14829
88599	2648
35996	1466
	
436770	15229
161709	20224
868073	9129
668209	7848
70624	1302
5336346	12199
127014	622
5169	463
8715	41
575445	33743
76638	6344
975107	9272
571229	13837
112776	11796
52988	2421
959376	32068
114533	263
4182229	302045
786584	75201
285669	8966
223092	5714
149902	325
200206	11426
377258	15501
1378465	13574
91797	5235
112907	24750
34026	2170
635353	35815
552947	31157
1297651	28745
389181	16325
5106	299
100535	11031
5203	574
432209	1006
16433	1172
41111	360
248223	7644
237396	12808
568819	36689
29909	149
3694080	430612
677386	2688
279527	30415
4223613	129684
644613	2770
4686547	339184
2088474	72799
1615185	55705
1114647	54988
596638	41401
2876748	192360
597705	11638
759240	6393
910675	46643
1388800	17232
3231827	109287
974565	44383
681226	21024
1024011	79961
1568444	57926
803075	72857
1183492	39167
1351147	36912
1350674	3775
7319	159
939715	1545
5358351	270831
208341	15451
182924	416
1740331	28330
905934	47439
235142	3127
452671	2455
1178805	90068
701098	16321
3390827	278473
9857	342
176106	1634
1992108	210945
613036	10405
400579	12477
118956	1132
1326198	29052
996641	77997
101782	3011
7910642	14955
102546	9671
846651	40609
160811	4798
162498	1915
218327	4407
20726	308
382839	22387
3337702	21370
1979897	57145
78514	1187
561707	18850
152250	1105
258636	12663
65305	1048
203317	14583
3280536	122818
2337779	41409
1197489	49850
6101350	186861
404751	2693
1011460	22358
7696	64
4088506	6029
1680998	145092
658560	17323
175436	8649
780184	1541
623054	29921
9780	444
5838353	157864
298144	1262
27812	866
638398	33216
212946	17927
144813	12827
514594	39967
239809	13210
640658	1906
1485898	85926
976233	1321
13416	1151
913755	744
2238332	36142
2303	102
1915013	180913
851391	37755
7219	562
78163	7975
382331	6427
76987	3491
802501	19112
144077	6524
4879	52
392306	23288
515778	24449
45748	408
372593	2396
580643	8126
304999	1258
225868	20496
4564568	11642
387551	33233
200289	9533
279410	16676
105360	1383
13671983	394425
118135	6737
931815	8877
670341	14575
219299	6945
538615	19769
6058	84
507306	52540
116660	2699
111308	5951
1995712	168497
103088	2350
196189	6732
221300	4775
463700	14189
16274	106
119028	4868
1206083	77041
2063305	68968
102	10
504041	20854
2636538	85990
123433	4642
769330	66477
161132	965
289712	20285
285984	34135
439956	2177
304716	25731
1933869	62201
99317	2329
134151	5238
619364	3014
116539	2494
1734614	61399
324734	7696
136908	1698
27657	669
44379	1986
38326	75
810490	21786
288462	31169
133306	3566
871845	20937
1142509	54186
407395	1861
354474	23887
8269105	9739
608559	21258
41749	3007
181507	12489
759828	28821
1539802	12609
71094	677
131921	566
660124	56074
261888	3318
59452	690
100404	8384
11240	152
2916	74
161885	15052
133982	1020
137684	8982
1508	63
38	https://i.ytimg.com/vi/j32A_w5sVoE/default.jpg
6772	1016
19177871	356302
44316	4350
252901	7884
317067	15793
57293	7345
282	https://i.ytimg.com/vi/tzeN-t0KWmw/default.jpg
167757	3332
139903	606
44897	1536
13417	69
3330473	0
67693	3665
291809	14575
255059	44403
162708	7136
99796	4727
603891	60869
61163	2205
263246	154
5040994	6444
204297	1234
1023964	57540
8258921	200217
5050121	268546
925984	4094
1433763	20395
649169	21567
465829	105866
810946	30550
3656432	112111
929103	45555
891316	39815
791832	39077
1158132	61268
1650881	119458
1535127	23100
918680	94541
686919	27534
2098410	62520
3601370	115226
5165287	358152
244423	19304
649737	41505
785521	60489
847347	14327
3248534	201033
688306	27673
649985	43793
70055	414
2558543	74061
672733	51219
377778	2845
821558	6739
1030322	50602
1203256	50556
657253	32347
555390	13609
335751	21169
205577	1564
849810	24036
1495008	111812
667235	2757
1526495	104725
305041	3297
1460280	2145
473591	12963
167756	4487
96941	3875
67853	4299
294003	12567
1315123	97140
147490	13601
8489	191
231457	26872
484907	44633
360816	21566
46847	375
1520746	39736
254123	10432
147059	6052
85028	335
24955	428
6334337	292319
331376	28797
149367	4063
296289	538
359405	45716
38895	2554
338572	22861
125301	7725
510390	13863
73340	1451
764459	33314
227435	9728
10695328	2050563
141681	3471
252719	3272
152738	8430
1444852	97272
1835157	29353
376858	10619
370554	14264
352486	8064
11732732	106609
96598	6305
168996	1995
365234	16649
159201	9869
569061	15961
1895	269
555732	3294
387376	10578
4537	110
613269	19725
56864	681
129057	1063
324230	21921
19732	3294
471802	19728
37091	4347
390643	3322
322556	5867
349152	10519
2093187	215699
173413	14192
1651	49
1065339	47699
57727	525
2417	360
184312	31371
44177	1205
519791	20306
815853	49305
218993	669
212254	5971
30121	102
190579	2606
77418	2030
298292	1739
928109	1491
247886	6875
15331	550
9827	507
7660097	206707
38867	348
1080333	81301
344063	16839
30357	197
182979	8867
49825	6171
249181	12103
2711583	7996
156690	760
8045467	15137
27371	358
1072782	40791
794535	14935
385540	3085
151334	5090
118927	1373
2207287	60752
151622	895
319243	10031
198	https://i.ytimg.com/vi/3znnZ2Yndgs/default.jpg
429394	15547
1005367	39830
1630340	14556
1145830	23915
49724	576
435765	23131
756982	11050
5760970	32355
245277	16564
2343368	173256
3424	323
114607	3117
8437743	715068
215194	16502
781217	19203
333489	13705
616265	43808
342238	9748
131879	3942
3504507	126099
262042	20842
650959	20270
14536	131
234610	965
40954	854
64313	3948
8158	66
289	6
2774	174
1294908	2020
72818	151
163678	8159
322814	10464
21851	945
103488	11012
3449780	280756
177140	3379
2078	129
6151249	162871
536574	32207
10173	359
92022	1173
545349	91226
33890	686
110130	3013
224294	22552
19488	1454
322803	14383
507623	5296
94995	775
711367	35240
568534	26236
1031344	2556
324610	5674
172830	8161
2994451	129228
3081500	72995
619540	2410
11230887	232550
1037158	11876
508710	28796
11058730	360658
2942924	332901
1194462	14547
2996301	181650
406640	13671
544748	19754
2151151	68292
1108125	146309
1303509	39763
1071054	4498
1513799	131830
635236	18598
716096	23735
1345239	57325
30686233	304510
4436135	128286
2500555	96283
627769	22889
62869	2537
2615498	145879
221476	15384
2226278	53832
894961	21919
1061274	62547
464915	26831
2226875	143396
238870	6072
359310	24336
262881	946
884275	32423
19911	433
857397	18288
141188	2124
636134	14715
1454348	67150
438514	22460
111213	4195
308740	1311
285398	13941
2450827	26044
1831216	107558
175	35
134718	6493
310983	9800
481747	28744
2424818	66931
179281	8710
252018	9576
3928915	119043
359584	27103
1279399	53313
44559	1059
113868	1169
5423413	368606
147706	1162
2041015	122184
374556	11108
3622931	209164
1140953	109559
21801	186
183012	4222
719842	21208
14294	90
431106	3050
679296	45159
59387	339
44402	597
291786	19488
165322	3914
382496	22561
197421	5629
324708	4385
107030	5112
356363	9667
150965	2284
290574	39068
118049	2747
2285991	20855
44993	2694
124190	744
207883	7555
174681	2113
786807	14601
77835	1514
277731	28434
61614	313
191789	13887
158391	1191
160059	526
245912	3473
82487	19511
364664	4883
628871	69286
34221	0
590228	20090
29152	1044
279586	7486
471856	14665
143183	5039
154736	9797
1303802	53103
803200	37445
867001	7002
308517	22826
311562	45654
409751	9904
383461	38283
90767	567
903	64
113990	590
90810	927
1071403	52140
537753	28365
284712	6265
110458	6770
59749	684
1745338	122776
259838	1740
41437	377
385649	22843
840203	59043
521775	41240
309934	20593
102397	998
576992	2879
42821	69
15777624	2392594
1712118	112709
10084	196
45298	1451
496258	24994
248527	1909
63853	1094
134208	5916
161318	8854
104585	5440
18931	281
94217	1234
109154	2074
1190830	44235
132182	13783
15575	148
376164	15358
432936	14225
38	3
668870	41146
461044	35943
27744	939
736	28
1643356	41975
2128	59
44307	4313
192272	11868
104955	4746
730208	16951
9303	695
253555	5773
541135	18839
92050	1013
507102	29659
63686	3094
89033	4329
949296	3721
554250	29216
424220	26582
1814	6
13281301	122861
303232	15101
307159	3929
219934	10602
12123853	18438
7066	37
37898	5086
74696	195
4826	84
1244250	85104
62730	2477
75602	5147
204686	21895
33229	4289
372954	1681
42399	255
47544	313
22865	927
557520	23410
559614	12577
92371	1678
25570	39
2228	https://i.ytimg.com/vi/yZ2Et4XY0Dg/default.jpg
5369143	213435
1680547	36197
2636267	254310
417241	8800
2331112	52965
3997962	88365
1225132	32350
1135299	5843
1233123	52128
1140006	40108
613805	93648
13694999	254369
4207958	386950
1287879	13581
388882	6274
294457	10427
4479348	224460
3089898	191091
1742416	46316
154476	3177
13811768	408530
544370	29103
40567774	448370
686783	12616
78331	112
2758879	78913
436267	12260
4195422	188003
804594	8049
194662	9672
415681	23497
3610620	73422
745936	0
531195	52004
3191963	112421
298474	9424
63133	1672
1371487	15786
334396	1725
1526664	42261
1112090	28345
197	27
176546	14888
67785	899
718233	36839
1434702	28533
525206	9595
Dragon Ball Super Episode 130 Trailer Dragon Ball Super 129	Dragon Ball Super Episode 130 Promo
149217	2988
488215	2543
418028	18867
5373263	149243
314248	9989
5530	592
1761041	84229
136159	1519
759605	3766
142174	807
557501	3836
829786	29163
1056983	58439
216130	2435
380878	7969
1138111	4676
228613	3376
1568030	44907
256000	7937
597264	22866
350294	1089
333	74
1399384	58756
1585216	2690
635604	18562
198826	2563
225563	11382
63670	2214
20118	167
404215	12869
64788	1140
207896	2598
250568	1780
49420	196
13194	68
309545	2890
228382	9475
544628	17919
746165	38315
160025	2644
506816	18372
399750	17766
297039	34570
1060447	27198
554135	20911
36699	349
693467	35283
159986	1231
1090802	59779
2512	https://i.ytimg.com/vi/JezE6iZUWxo/default.jpg
93680	10068
267267	4963
656727	31159
97144	5638
96225	2786
289951	6882
2429218	152108
941318	33767
133043	3737
905331	5153
2142958	119149
450777	4988
558010	20187
1559801	69800
389971	25410
360174	17283
137219	6364
2851157	28160
657481	7555
177680	1562
104458	1631
822393	9098
102846	4634
423488	9239
199471	18043
147164	28938
7260	115
75785	2247
257161	1711
188236	1035
555181	12851
432796	41162
75005	793
105363	1150
74171	14473
150024	3054
425009	1674
134304	4732
30769	400
53270	3825
259712	2532
601598	43438
122676	697
2664113	69760
207479	10430
120036	2507
1125783	101271
14824	5
560403	13875
12473	511
109959	2350
260647	2390
117643	5932
1382812	56063
255753	5464
47382	681
292630	15114
233318	1540
66080	4418
79360	5118
4365488	122200
17803	4263
161893	5306
3433047	25309
8004	36
67526	6313
287942	3482
121664	1557
590894	3378
572071	3348
394143	3290
5610017	374752
164099	5054
313328	8890
720830	5170
136246	602
160957	15179
182629	5300
153122	17822
249609	11735
10383	410
485924	26724
60554	3445
87537	7700
259429	11643
160265	1295
1689	83
249492	550
138596	4619
117662	6096
45745	248
285523	11174
666808	44721
66757	5465
204622	8234
29287	2555
700208	46038
824259	17892
3576883	59206
269536	2143
1653422	58195
2043101	128248
2805317	198913
1133996	69512
7793822	287680
531313	11721
799894	12220
3232268	65610
3239414	288213
846310	14217
1479818	37688
416932	13381
1764675	17127
658310	17143
1656386	48886
4650696	97975
1338830	7410
110131	1213
258991	4235
476773	11697
1644216	61040
1100810	31161
428990	1843
4368452	225130
5408882	429628
358161	11577
260840	861
161320	581
6049133	258607
2385482	221336
1592055	7678
459206	1661
15511988	266991
506080	7297
2341063	60229
299645	11293
385576	6617
191	53
525335	10213
6463	52
335122	3031
75490	1158
1357486	19734
1529488	40272
274261	10551
139449	165
79473	2189
672488	32803
151845	9482
41313	2788
50896717	550477
791929	18126
1053189	15748
794064	81907
5920	514
189633	1080
364251	6018
14566	1144
134899	6270
174629	2085
119277	7588
280738	11773
196701	4885
33328	39
162849	8199
346992	57354
456122	11556
Dragon Ball Super Episode 130 Trailer Dragon Ball Super 129	Dragon Ball Super Episode 130 Promo
416570	42573
15961625	438145
5584764	215971
152162	2983
285573	4693
146130	3917
78602	835
308044	13081
2171	41
321934	2684
856755	12730
1235143	96412
35171	561
61096	772
259100	19441
769529	17215
1174423	10379
995679	33200
309	45
2017658	14886
251318	936
32470	0
4017579	126332
41637	227
606561	3342
1033619	17411
4589	71
2219304	98293
47096	3761
180447	7657
2313	112
3203798	86243
228317	7314
632124	31292
423356	3037
753453	63208
1054970	24397
773	24
226808	3144
66879	529
109073	2452
6266220	166260
14359	148
4272946	81863
311692	7870
92440	219
303569	3186
379175	3501
3619	183
862428	8719
435989	4419
939344	36500
494086	57613
94079	6545
1465312	16431
320279	18877
1635960	43860
83274	4000
139455	2157
1646967	30782
239447	1466
274828	1751
421956	13616
198620	12542
182729	7138
469929	17680
47290	3891
1536899	16311
839375	0
431933	2298
35667	2065
226037	11874
816	102
1302552	30479
114605	925
483	65
795896	27854
52096	3054
551148	2149
377479	15381
1909711	88519
12703	57
1830169	49693
46572	189
104393	3167
835020	41875
69922	661
83002	3575
177881	1170
114588	3800
124336	3566
135254	4443
979295	29129
204690	4053
423296	18141
77481	1483
25840	116
156088	722
875059	4997
325495	4857
929448	5263
1008771	3714
435701	8528
10046	1349
235569	2718
2059	14
35438	1892
1401037	9521
57890	3913
48314	2612
48672	212
17	12
564723	12256
446246	8920
901700	37048
172466	2945
27040	3308
781601	3177
1182546	4782
274947	659
29307	3407
1088547	62098
422041	7527
1365422	55576
374679	2379
3040	https://i.ytimg.com/vi/JezE6iZUWxo/default.jpg
805588	17442
385265	1123
4852889	242779
1051114	5800
3141764	57674
3240854	90273
923144	48378
1960849	27963
3812596	180710
4445637	68854
2316468	139770
3515207	224583
535258	3313
179337	772
714198	5260
537891	27345
441113	6185
224718	7336
9570648	330273
1680480	87081
255982	2850
1203392	16246
647562	24649
590952	36857
1172064	16943
388313	10886
3408749	296816
3370611	67434
170425	2351
389407	3991
208271	10704
690956	18296
256723	1765
2580234	21435
1578192	39631
336897	8390
174394	2403
702274	60042
748152	18698
275848	13569
150672	4728
1921438	52872
327726	5023
249665	5702
291842	23319
299794	1584
5071824	104444
363730	2914
253149	2672
224742	7698
95098	2404
628588	14126
295737	22614
137827	1076
368072	24879
360346	1792
60213	168
246506	32477
439729	2519
123910	1059
1419726	7739
620900	17882
30532	34
290668	3615
1817068	64262
5247114	242437
6900	40
6541759	463789
262	76
7252149	281033
258905	627
123747	7414
2675314	234965
763132	75989
2165224	9135
363316	6127
221533	30389
391483	13650
25226	887
244104	6465
524397	4704
42375	88
193968	1489
2756083	68148
18571	156
6262	62
91715	14345
1859970	44583
369416	14871
13422	912
296071	46627
378023	2734
523126	15185
1663313	38747
71249	1554
482612	8041
4953	173
2450	0
164190	11443
533753	7563
434803	3603
61163906	629164
313103	3560
271519	5687
1445801	20703
356824	47952
815486	8772
494509	1750
551753	10611
74601	3629
3722351	420636
86190	3155
183758	10466
136782	6518
61941	2088
247973	4752
239922	740
360964	12989
391115	19183
6696	84
6524	69
92727	7521
9953	1115
1172711	16615
216137	7366
699816	33680
210154	3648
202250	9905
219191	4468
154222	177
554374	20064
1200654	38071
375763	2881
84949	9510
245666	11569
56840	6819
24878	1869
203234	3827
102130	1392
231976	2297
230891	1535
125635	7990
143702	6134
1269768	99560
3291789	0
314980	12580
579631	4720
6478495	232625
447007	16340
286520	1249
464745	26206
1480154	106593
3620658	292416
575271	2083
47919	589
258800	3931
14300	1409
489990	68173
221248	11420
1079476	4668
26909	929
492031	12193
226450	3665
1952	117
2150692	187753
6818	71
39134	2512
271254	10068
16956791	449649
84086	1419
Dragon Ball Super Episode 130 Trailer Dragon Ball Super 129	Dragon Ball Super Episode 130 Promo
61516	2825
1325541	11257
107796	2616
4351819	131774
315374	15786
338	51
69050	2936
3029	26
469662	4575
2493781	108785
21555	2375
2903	39
976326	14524
278044	17411
242760	5884
15870	1462
34434	3122
16910	1877
275006	956
453309	38011
40495	603
627927	3928
16462484	272644
357379	21108
276294	20395
74157	1056
908365	18545
3436859	90055
570127	37972
331494	6497
228722	3899
1870245	57414
11887211	391496
1178642	50543
1385913	7115
105525	2316
1963377	26073
605780	65671
1927655	45797
1262274	15524
1079711	41559
784917	14515
1370128	67425
918519	14047
656879	24436
4047329	102391
712964	32899
4794673	48139
5470132	215687
323836	7022
7885082	265064
833431	33212
1023268	18087
195869	9414
1152456	42739
1064893	18896
291817	1200
300707	10475
569862	12145
470783	16165
5270624	75955
2689033	52634
515944	4186
3359985	170501
205991	1418
686751	4059
89382	1456
121113	22212
254123	2353
999968	6361
486361	46479
381723	11510
3938807	234926
119858	4373
320393	10538
375182	14795
159038	1876
51852	128
218945	2462
112750	1106
523172	3083
1470929	91757
516087	9937
245550	3378
521111	15623
32669	477
221814	19074
59663	926
841297	54022
22866	145
163995	2936
179659	1746
7396	165
169315	1578
437509	17363
142663	890
981344	47766
66383	3996
402147	2072
150568	9324
1423657	17983
250562	3625
83650	14347
1776931	89025
61690	399
66668	2298
484452	4425
2098434	205730
446123	15169
213359	1564
78782	6995
944057	19354
74054	1754
75139	6790
2165799	19341
487826	4483
275817	1563
54149	407
553277	15778
157944	8457
1290471	17800
185193	13115
57373	244
577950	12170
20557	32
450656	29405
193089	2474
216226	2053
202688	4733
572396	3099
501984	19611
37021	1198
275950	4785
91199	175
3582039	70630
837469	19786
47514	2438
244955	2302
365095	2535
29	https://i.ytimg.com/vi/kEojtSscgTo/default.jpg
3572549	306249
3704	68
554065	29274
125898	3033
51001	720
137610	505
393500	1986
1728365	42093
6537143	519861
279461	1910
39495	197
66267	5546
391987	16654
32497	538
388921	1801
45180	291
242690	11361
96609	1402
7845	553
19329	47
2737618	22065
397455	16570
714727	44022
23660	77
61245	2723
59290	3415
106003	5687
163026	8911
876207	8271
10500	998
421785	20896
225763	419
818251	19569
10395	19
10325	138
198078	1738
169278	1869
117622	13150
44247	3597
452487	16548
555140	12189
103812	5838
2202397	56523
11538305	365271
403702	17825
228646	9831
389289	16308
246298	24018
44	13
25022	78
466904	3625
980083	44944
424924	16200
90888	942
97591	7636
1309575	12862
6	1
6210501	256369
359666	5295
1087483	94804
1980	55
97252	4372
232646	3212
307	91
32642	1470
6634	0
54599	9701
132337	2528
223028	598
435626	57904
662076	16526
342544	2070
278442	8475
210401	6387
67241	3362
3192147	74439
194910	7075
147653	9751
878725	49278
133919	11905
2139880	47479
203721	9343
361561	13830
5427727	109350
92074	5688
394537	956
178716	3567
10596	737
4316022	108577
315521	2035
1721527	123560
526395	34742
2008546	68231
178900	3589
13740772	421047
327912	6306
725931	6549
2005689	32076
76233	400
1578282	63469
1167626	51137
141126	475
1026647	36459
1546464	7795
242103	14395
1378255	24355
759642	8049
1196319	26617
250953	39734
813722	48658
1530881	52502
809376	113348
189854	2091
263438	2033
1283177	19263
5491259	63317
114396	1070
2947593	109415
324017	12864
1121875	36603
197066	1110
142903	442
108	17
267473	9829
346573	11403
834833	36940
1414665	21512
251778	2338
264280	6686
34594	45
4601037	111528
476292	14264
1807600	28288
7188854	245277
234902	15726
154487	8725
415005	3028
415005	3028
260705	2272
750743	14491
192432	7803
609176	19204
25685	341
699447	36886
869760	5879
1213879	68961
340948	1381
106371	1182
364011	2567
551151	23940
1599722	23484
64421	269
333179	2806
209689	8514
206541	5684
16597	330
261622	5752
10075885	320716
1405710	5989
35770	2466
30475	125
39915	280
208911	7960
162906	7415
3320241	58131
3335132	128671
7167	146
215791	12999
93851	1825
277324	1239
171787	6621
200487	6674
36346	2204
318402	1668
232336	19194
152630	10569
3549019	176250
596255	7779
120716	1130
115772	189
593192	52182
1119826	6884
2119089	111908
405781	3802
813545	14782
790257	5924
52644	269
123557	5806
1076210	35114
342541	4249
744373	4467
374924	27674
181427	23507
97498	438
101617	4729
600505	41773
4273711	245236
924996	9197
1462572	13205
27333	101
374064	2047
3113	125
116843	4711
718723	18962
252935	16113
136054	8054
387442	7771
282037	12533
92651	427
116070	0
14630	142
5444	340
12608	780
11508	89
238779	21288
226296	7740
207613	1092
33504	152
185853	7724
202029	8187
399291	27968
74036	1876
810	33
43234	1706
275610	2720
1653147	20492
8620	34
172828	3599
448708	44220
8685	15
1920130	13269
369123	6659
789985	3624
78598	5758
67287	5433
13489	41
694653	10480
124117	259
62579	2837
41256	3227
484242	10363
14592	343
352789	2576
839692	15330
79064	223
299615	19104
478390	37202
87448	783
268053	2592
115143	960
1034083	108132
209459	11706
189093	5937
12318	231
1047609	49431
217543	2379
271222	12869
352202	1997
4040	87
192401	22349
1667083	86798
159736	948
469607	4051
512384	15768
77329	4869
1534061	19040
99272	3040
621969	16880
142021	7120
260261	13017
120797	961
2378	178
224270	3576
9400	881
139632	8627
153757	393
488150	5377
695690	32250
206820	8966
328662	9807
175994	7912
622528	21688
103264	4062
199515	10301
93408	2272
1287591	9106
5553993	125980
236744	5818
899805	46738
15088864	437116
1575947	62264
2212559	143554
154261	1140
904177	38383
654667	2568
2288613	73233
229003	4429
2881650	42354
2751814	70564
225480	681
446078	21597
856469	7452
1229172	57760
1538339	44985
21182	354
522007	10823
3008740	402834
875426	30890
732811	25029
1613860	32135
873599	8800
1306332	153424
1730548	28824
68714	180
357936	2524
1384556	39463
158517	4187
1639634	8108
287648	43695
1066609	50961
1440824	69747
116873	846
158311	1621
2096421	11476
1290657	11157
1139703	23840
1321771	94383
1583327	53904
5846111	71829
320072	18605
3312590	117114
306440	8903
461475	3260
251340	8618
1367465	20138
358882	13622
80717	944
1966680	56184
1562	118
119028	551
128221	7589
286207	19075
122681	2686
152501	968
2165680	27957
318289	13009
186044	648
15316016	37245
147	29
18236	303
377072	10241
233971	1830
30933	0
27208	1693
147814	2940
507571	9157
9046891	271954
1494215	62332
1566866	22658
111505	1188
724799	4164
292910	2497
663820	1115
265764	9344
523702	2991
45392	551
107312	395
871270	38064
388821	21143
315894	10375
401045	15398
903746	32789
529792	15417
257718	5424
2143358	32290
2116315	12401
198767	1740
303538	11179
1262284	40380
178359	2512
514395	3919
87072	0
87072	0
98111	1711
390323	28585
1210833	7477
87	10
49461	104
92367	12924
92669	2775
154037	3474
43135	195
377095	7467
173930	870
244711	8835
271296	6541
436039	30655
311916	9967
51882	5032
139084	2578
1269190	88336
56148	357
1298972	72461
5742222	171213
398230	1571
17568	94
716397	9176
220756	8910
762670	8927
486328	5743
266759	9848
470451	44379
26913	453
205678	6714
400748	1969
58662	809
10976534	359853
174181	679
166887	2988
2021288	7180
139782	5938
11763	98
103233	1254
1098986	65006
363561	1110
250378	7008
66211	447
409256	10218
485925	17462
183534	685
187297	8419
264593	19713
688467	5683
2751580	127576
72945	3535
3657611	60545
232400	15396
568313	35919
269711	8077
1072653	19065
77392	2115
1524976	7807
163695	4094
114040	728
201270	2994
305990	11908
136944	15322
4232	0
293653	1876
201532	12932
148031	6022
1034927	5094
460879	10635
3674958	179448
33883	911
151303	5588
4453660	80139
212838	5199
1616586	21544
35768	488
480	95
2484656	26414
339835	15072
121291	8891
160399	9664
359724	10287
148941	1402
456158	3557
318736	15506
39058	1409
822072	60817
726365	33216
268637	9933
1542	35
164924	3236
63846	306
1909215	51807
195217	22169
1607747	146631
3221044	48369
1704544	12518
2075113	62570
2396	281
2915203	225666
1323117	15084
1672290	22084
438357	46924
191481	10223
678772	17383
395122	24316
1071665	99269
330142	7232
1071955	35189
717712	36230
451857	27884
1044375	49998
631853	24945
239713	668
916810	3349
2851930	138033
5411857	506298
1734090	65532
1872860	73534
16363949	450655
6406289	133832
15804	212
11064	290
862728	14159
13600	171
622125	4922
189565	1339
448146	24352
50684	306
930217	87965
527346	18702
2545369	63301
418503	1850
1293896	51133
999895	30852
2036603	17701
22855	167
2423549	151014
269301	5013
103141	771
14249	181
3823004	103066
111844	1157
360901	17137
6882	49
164613	2670
296296	871
2452760	124638
409274	17488
2483947	76669
10774	170
146943	4848
886257	17422
350122	13878
157273	1504
119050	2792
63656	702
127553	738
2170231	61052
8956	226
43090	40
618299	9451
171920	4084
48995	774
880568	972
98695	1264
653227	17048
36562	492
261332	4095
331247	21299
3358751	47079
1446673	2355
327542	2043
103845	234
896926	17980
493597	23042
63233	687
130497	741
2875570	42250
665770	30745
638169	13628
262839	47043
52147	1949
119949	2246
16158061	303538
242307	2154
193295	1843
604808	19647
408487	17953
118780	406
46149	1315
673694	20777
1381	26
166816	8268
6343	14
315608	32160
675598	107278
9201883	206144
349749	11844
968805	32748
403557	12325
80194	631
156339	2579
788158	21707
258688	12366
320422	46152
140325	487
416057	993
63019	1903
118555	2181
238549	12307
88360	334
480654	26345
512054	59854
235323	16942
117087	14450
108104	10413
1555682	91679
300544	15522
168906	11472
51885	736
34685	1858
245522	17452
65550	2326
634151	20403
2731391	31531
20652	400
214861	6772
1969561	9050
1108714	6559
1497154	71260
148804	954
329924	11064
415271	13951
119633	5556
151561	1696
117381	3188
201021	5385
83934	494
2570	197
18336	71
244	26
39057	3212
2373383	23563
111123	2552
389638	2941
364957	38299
417404	33809
112547	2661
382379	31926
18767	1634
73802	5219
122723	386
50610	1364
113358	8781
82749	2543
43109	4689
1729	561
24800	1521
27718	454
79647	3158
456209	11658
274808	2700
417273	24382
925065	34875
210427	4006
2313345	60543
19410	1603
6107426	76792
243770	2381
172370	4172
76085	333
113571	2824
1093874	75639
164378	12128
38988	2054
3515158	121087
33753	4641
1965219	177812
200764	5620
2517	127
304528	9667
5069	39
5599	524
26268	163
361671	19859
145983	5532
198545	6961
34960	44
21207	227
9356	905
261817	29514
2577175	198951
5329977	67141
8621506	394863
1575067	118423
3436	466
1928593	14133
2523798	69094
882078	2325
266901	4532
129230	716
1022053	58611
360804	21444
819951	11410
2367796	81591
1199218	54940
7427810	562530
1349390	40784
2656683	178609
1767997	51615
179014	1495
283505	20497
1499055	16199
540263	29541
515621	2798
121688	4481
1033160	22041
32284	524
1127942	45535
28921	502
1062335	46649
961780	43988
308405	8304
785491	28048
2467367	302030
406894	15392
758809	3649
70847	117
23616	1834
384530	8045
1523828	34504
1215451	4281
753107	70115
3672441	158996
1331035	18983
2743772	25172
436233	4210
717751	67030
1766532	126645
893361	40307
359775	2089
110193	1126
423242	14069
223261	9416
1144107	52448
729420	2253
892233	4413
78292	826
915937	41187
30594	334
601709	38808
210320	3498
113816	2262
77735	4904
178872	7022
633993	4430
221231	7643
471492	19966
66803	583
286120	3756
126529	4144
205516	15971
116173	2103
9984	85
4230	363
2107126	78662
134678	1510
561064	16103
168057	1241
1367227	41380
284827	4081
2230552	30222
586283	15151
123729	693
146437	5009
65	19
224798	2719
86441	63
1857844	68025
3245734	77685
222641	5358
225836	1845
319742	2033
5376	356
24907224	420320
3789300	154610
180665	4535
106118	1889
296909	2696
140468	31727
292252	12759
3652917	50071
1084816	32815
6768054	138079
1073575	29125
4615839	107043
175845	6351
7027	74
348659	17079
2594341	21021
3513436	226643
24440	235
552245	22467
248485	1697
241914	28506
769220	34959
298799	5395
136580	812
30394	3143
483781	33117
490503	12805
1071804	96365
79212	1891
527855	19680
48391	3304
605683	1521
183988	3848
15248	67
437850	14990
571841	31596
1006016	37125
21686	231
869349	9498
3082	209
2593429	156311
175731	401
12631906	250519
91139	2119
6989	854
132753	905
143167	2158
2650574	79212
48364	220
80052	4770
163373	2074
270198	19054
1265298	71819
21085	244
16513	30
337674	976
201803	4010
1469234	186010
80025	500
145985	599
45469	404
175755	9989
17459747	461644
73076	2777
186900	5658
242628	8225
155931	2862
487911	4290
287728	9679
85937	3441
1557828	11482
214611	4577
6140296	98217
4816	36
49346	1387
1417648	1746
274274	17634
71741	6858
958220	18771
207649	8330
139579	285
68131	1036
33204	497
216377	11057
388424	5282
42733	1044
159522	1625
996261	26687
51327	517
765515	22876
855338	66722
120682	844
1958901	2931
3699670	50326
485589	2800
412791	18583
512769	51696
55830	1719
153333	0
376333	67489
41070	731
277843	21353
118219	2977
103957	3002
828535	9246
13548	1133
3326090	443504
2970259	216377
6805308	77519
1844067	150679
12615779	476454
370886	2266
1584556	4508
1260670	69619
3043578	167836
397915	4572
578488	29090
305658	21190
671397	77055
334765	5346
3151874	100355
3838	560
290505	11588
564195	53308
2132697	16342
1931433	51120
1089785	13249
2769398	71967
502152	15997
845496	20591
9242655	599025
169048	5522
140520	6522
655973	33186
233507	2158
149199	10969
398333	13674
2588672	66904
152488	3389
635921	2696
941129	27029
3126146	197128
132	54
163995	1069
57588	777
274528	5881
644215	22707
1143397	90941
366016	12348
239293	9039
505974	11114
118432	158
138909	1590
1107157	34765
273076	19041
41941	631
79353	53
60628	2837
348827	11144
31870855	488618
144763	12114
509322	30507
2037493	148757
1608681	16902
66875	1308
590681	31357
2053689	104134
328194	12562
1498364	132383
568391	2982
1166262	23582
120711	8398
285004	3866
301363	40612
108357	3956
2125613	41995
165249	2662
389562	18389
34159	593
3826000	32006
197783	12119
134913	1123
898414	63006
1185360	47557
2971804	332675
945605	81542
328015	35627
2240926	146644
1665678	22225
345618	6971
174116	14105
633349	21008
604944	35009
272310	28265
281052	19981
38336	637
14201	1004
1061028	44974
157262	3908
549699	10711
479027	23769
433955	8636
899775	9829
86942	14827
4199910	170892
96490	7183
1119450	23233
310787	1246
77474	1715
575567	23415
126489	5688
151046	7025
148984	4807
88691	8763
40072	2797
20576	152
441727	11168
14210	116
99990	7534
429712	39502
18453	69
77658	7329
87423	8672
3580	32
35944	278
9601	152
84720	1508
68712	1393
689671	5639
38317	2573
170760	10949
441168	4044
223517	15050
42187	4055
23057	144
110344	4204
167341	1072
163987	8824
2618026	33740
892272	8575
31682	239
44157	3899
272484	8798
407137	8132
2063140	7176
1207639	53862
7387	9
215257	6040
4349697	55818
753873	40617
339389	4234
120158	7107
1645288	47188
765050	27690
5600	216
280193	2389
127121	785
674464	4349
41456	2143
127189	1884
732994	14749
171465	4097
39533	393
89112	2879
21577	1206
123675	564
188599	981
4765146	171434
205638	6963
1023582	46150
4787890	253419
29060	1902
123781	6105
154751	9219
128175	2108
61936	921
311202	23157
362925	7831
131868	2977
563	4
227749	1252
43202	4238
2289129	82525
40328	3807
713148	26322
235530	3806
200836	9600
15812	1067
266707	21073
138285	8440
514056	20865
53435	1942
19997	1434
367923	27576
10759	341
116948	2197
937232	5426
3832847	91413
141798	500
1986	355
281800	6007
794158	46965
7497	11
176805	4980
66955	114
14820746	983710
2566791	185728
236598	15294
878770	20466
8214956	84779
3148944	223986
1683438	83040
395597	2454
15513716	528555
3638199	187749
485426	5151
587442	32877
1671478	44824
1631710	4679
407893	14646
2591893	72031
613048	30407
775974	87715
3429848	107473
363608	5732
179232	8082
705524	20487
461421	3817
787454	70099
2062143	43731
4061	629
220705	4304
838019	38527
12552714	119576
341041	2605
546255	12896
923043	21943
2481574	61819
380327	9192
2235295	17484
358341	12745
188605	6052
382016	7138
10618448	624603
2884300	73227
1196546	14329
195	77
682324	18866
307802	3433
443673	14963
3685669	74881
325892	11188
67474	862
823330	3155
3327140	204951
230763	16240
694412	24281
1268589	97979
228335	2034
78201	3090
924351	26507
2042814	32667
171127	5518
354037	22694
406466	12649
302246	1702
132789	171
136169	87
364583	18858
48205	697
189015	11941
708552	37405
39575633	535990
24269	1414
2268624	162133
115807	4406
2088611	163443
596031	33879
2532292	113945
431791	50655
1741775	68390
139136	4758
187726	2938
185371	7678
968731	6306
609993	32166
1708255	17528
465461	47516
309510	4165
29213	166
193391	12137
270134	11752
587240	3035
862657	26267
254730	19661
195367	2807
1045252	72033
2284085	11251
435099	19560
2379692	45372
7231	42
4507168	36671
182947	14934
572235	7570
39609	652
148291	1161
3196102	346949
72009	905
995276	84725
1234219	49042
367713	7412
65835	5012
669592	50217
84238	6270
800505	6219
119780	11039
384848	7461
2528123	157697
413767	34471
119052	1965
2004238	25967
179875	4323
208325	5855
1523059	12549
57014	2471
242210	16563
296817	20814
1084269	45604
110419	8892
284110	7361
220125	11771
128399	8392
37083	1622
597170	24571
618196	27967
100221	16618
459858	8963
4528596	178626
272251	6949
157784	4272
246893	2487
6577640	696465
52982	163
161446	7340
318347	1340
1162475	23824
25044	112
185504	2390
65103	3847
84590	7620
253543	7156
22999	172
117177	8698
503828	11869
66788	281
214884	13045
27287	1504
430605	28549
11795	175
231638	1309
175810	6242
220263	8702
1056684	33354
919593	46412
109373	4888
479862	8956
161113	8620
229066	15382
180928	10304
264121	5441
64945	5393
24826	158
2783289	35318
66536	3003
1005337	46333
223007	966
138469	709
4796572	60531
295161	9293
1817577	50621
167460	2318
2604264	8497
1251454	54904
235842	13881
255087	24375
377518	4594
8405	11
452622	8812
894427	39572
168236	3479
63457	4493
318745	1378
6567	256
793206	15456
433587	2808
349918	11364
18214	39
276088	9390
177067	3958
1077154	6006
170250	2610
355920	14392
406295	13935
19311	87
24262331	1249405
2856266	193959
264826	16160
1049460	22029
9218327	88433
3297863	227849
1762822	84917
468561	2667
18246279	565895
3969767	195016
527166	5353
665915	35386
2157891	50782
1638037	4710
460384	15562
4261615	86304
647583	31127
859700	92211
3674828	111432
398300	6236
228739	9375
774005	21507
521693	4239
893051	75198
2172081	44641
4211	660
258704	4643
906145	40059
17568989	164430
362004	2666
630088	13533
1002305	22714
3195609	70725
738667	14221
2322359	18534
459407	14235
207951	6314
439627	7493
12072138	645006
3027619	74057
1327943	15106
252	99
720727	19357
776361	4303
500093	16239
5090937	81388
376019	11975
75046	913
961548	3400
3490430	208539
248753	16916
734551	25075
1439913	103659
297266	2225
95748	3276
1023462	28213
2877145	38871
322174	6975
396137	23791
464098	13506
389806	1892
146362	183
170654	100
406980	20065
53096	740
206893	12588
761971	38409
44725448	575878
28497	1529
2530002	172311
159846	5071
2306579	173784
682900	36288
2824371	117687
479044	53128
1965770	72057
156375	5024
219629	3174
213462	8165
1165625	6912
624721	32531
1780679	17803
588526	54051
335950	4385
36423	180
232684	13520
299890	12252
600220	3051
904668	27031
299988	21312
198900	2812
1137189	75429
2559794	11729
450102	19870
2550370	46905
7877	43
5373358	41090
219526	16576
755444	8926
42940	671
157067	1179
3412160	356738
76493	949
1036063	86452
1258600	49662
437785	8135
76720	5340
976869	61587
101860	6956
920134	6667
131823	11655
424084	7705
2800859	164498
506401	36845
140084	2153
2330446	28194
202716	4604
223760	6096
1728653	13048
73270	2933
298581	17896
311588	21301
1111386	46114
133822	9620
387181	8307
244957	12437
140122	8671
56952	1986
640148	25572
691048	29318
109862	17427
486662	9191
4912463	186266
342220	7457
171687	4492
274664	2581
13537642	806484
65337	186
167866	7480
326419	1383
1202280	24250
27732	125
202967	2544
80052	4191
107046	8803
267519	7371
23662	176
147272	9959
527770	11972
89035	306
244451	13976
29516	1554
459323	29413
13609	182
261617	1394
189038	6527
268823	9876
1251450	35668
1021010	48809
116021	5082
520839	9459
179399	9064
208530	15406
197978	10802
352801	6514
69452	5585
25656	159
2900812	36173
78199	3204
1038168	47470
261830	1020
169710	827
5267622	63846
314702	9535
2020420	53862
186601	2492
3229807	9396
1300933	55606
341284	16533
354560	28008
408878	4815
8533	11
480717	9019
1246342	45476
175429	3549
66940	4650
366833	1478
7750	279
920229	16464
453140	2833
650225	16592
19398	40
296306	9639
178864	3978
1354057	6643
227797	3100
460660	16196
429990	14381
7823823	189086
29923522	1395752
397387	11818
1430037	73099
306648	13976
1373350	18559
2032868	21190
705414	13479
525765	8127
1088743	55908
1170545	9385
1339489	63072
181223	672
203565	1703
259280	14207
879512	18980
3613050	237231
156601	6859
773387	35066
3075228	142222
1529976	68870
954334	3762
2616582	24559
1802737	64882
623313	11776
740357	64340
971449	11937
109220	1667
2256007	143521
1361244	39669
2109847	103826
134951	1031
354587	9309
587763	27444
5139183	96691
3601720	244649
1528744	10105
780860	18994
844966	35145
118310	9503
554385	11142
149750	4465
47457	995
88798	597
141	20
127088	5893
604565	10175
1205076	34019
2590201	44397
508569	12313
447303	2709
922855	41313
541729	13434
126167	587
185023	6618
385248	18296
2360273	119955
125471	1354
197635	21237
1968329	11608
502065	25110
134223	719
7523584	232356
254609	1747
307789	2475
342566	1554
85741	47
680811	38672
196957	3472
290333	2386
187612	6305
561924	2804
2926077	9491
34078	170
212888	5241
18501488	175438
100169	407
472542	41124
247528	12744
264720	13705
15500	139
127549	7700
85786	1023
94139	991
238245	6652
17160	1209
258041	19527
206221	7325
337973	1673
17315	386
485813	15562
1671521	48592
2112785	123166
463426	20944
80083	4358
790690	16162
560761	14462
5372	703
239223	13138
58534	368
11579	67
70	https://i.ytimg.com/vi/bmvGd1C8Fd0/default.jpg
287194	5913
202426	3297
687547	46578
122897	999
1894563	13805
213703	1107
358673	1712
10622	365
930171	10344
3063207	97765
1097240	28950
149095	550
1145464	28656
88472	2994
587850	6116
714284	15350
949272	27761
535895	20683
407828	5747
335725	3020
178749	12598
1142978	54689
484958	10092
427464	9374
257200	12706
3245	89
472728	12228
375303	4582
109077	8308
153863	254
419933	2659
94668	4550
732311	36727
533298	3670
1050899	6418
3613166	383801
249828	1159
438632	5273
395089	11359
150518	1421
675043	38875
137588	2084
123058	291
187473	6693
578010	47246
345957	11899
23514	125
79871	2153
213641	11019
36027	1846
66769	267
1229543	51540
119981	3776
374395	16465
258561	7557
79822	3450
2969787	198154
325534	11749
98687	1888
19936	96
1534863	22037
20957	74
241705	10931
57982	2084
636264	25104
390303	3847
491427	9554
68646	2166
1358172	122187
17340	2209
464657	4185
375722	1767
800362	16002
196440	2059
396682	13313
87927	1012
171386	9232
14775	287
172500	6967
21295	107
431581	12763
42956	3188
138035	7913
3832	54
499856	8794
478621	9615
196164	5339
145153	0
359	https://i.ytimg.com/vi/hDFByZlO8kM/default.jpg
71045	4476
	
9873	63
315215	5163
125144	1392
20648	734
82569	3634
14756279	858713
11161971	218636
3310839	96471
909430	33289
653367	8463
1162147	15523
1096809	26534
35218973	1506790
1054637	45134
1088359	39317
537458	5002
920774	45578
125763	1576
2000203	89569
535998	12421
1826237	116831
538635	20914
471268	12636
620814	52278
77014	146
1151534	11293
371602	12535
284458	37653
1746914	22321
433589	20046
201374	7831
530230	16368
246197	16045
241110	15080
1550608	98351
233695	1706
1644718	11789
807654	31248
30936	1157
2458004	41107
91205	1343
168403	1813
68173	35
542916	2859
575552	16371
539911	21140
722009	84232
2407295	74845
238066	1263
279205	26907
179051	4952
328296	9593
67909	385
136659	1089
1439575	65848
222803	8682
80338	739
48571	1282
595311	8890
77442	672
358475	15521
812681	2302
214940	2181
591055	14820
78407	2155
92492	983
1742744	45931
62017	697
206639	10307
3941198	247552
128150	669
194660	1542
77508	4649
277764	8354
154894	16013
313884	2071
165425	3042
762372	16534
802945	38061
89648	394
154628	1638
80003	1053
559366	2976
103944	366
595772	32870
3433597	152158
119685	1773
400724	19595
487496	12063
71934	5535
4511599	273542
320389	11706
955382	3297
290591	9315
380704	1989
5662663	105094
824198	33532
151369	3787
37528	0
319494	9664
954389	25754
2276437	108097
3132858	133424
53665	150
417562	8175
185299	4654
52898	5653
68604	1432
1737821	43125
828607	62988
2388482	146903
1731217	11318
12844	2177
1217773	46933
510488	14586
361808	7898
21943	633
1006907	51164
854432	35842
23702	144
692975	8206
208	36
422019	2719
117100	721
537315	39870
167469	4003
391927	33253
53435	523
221142	19889
380403	20476
253174	24995
622370	12157
511392	3873
349896	2543
160756	8637
24688	395
38557	325
138695	2053
347926	8154
29540	1751
454507	4556
375866	10330
444379	20249
340456	1247
170259	8357
3259	25
308438	16343
7956	569
109105	10155
176990	2979
147988	2733
130057	5362
59352	1080
184065	8895
448913	20767
6677	519
2822463	47668
25954	766
231294	17335
386497	14557
1267850	72128
37683	75
4836	195
89161	1021
8050783	239071
973668	43205
82596	2297
18863	129
355915	11522
188750	6721
121640	9416
80572	857
484708	3148
43075	2227
0	0
72484	2826
591866	1102
84319	91
477267	2136
392977	1304
78450	3339
43991	329
283722	28633
1319	78
654257	23632
123169	1277
2752	27
115060	8579
89337	5854
36396	1449
309398	2475
112513	279
263438	9414
261020	7537
187877	12733
429637	1805
4254	130
295490	13346
4555	188
15557	1351
319683	14739
19234147	182283
67128	335
10095	456
3491	308
661707	0
1847439	17293
5689698	145007
13411878	235580
525039	6032
664293	34240
1613284	19507
290489	881
1162433	41925
2688	605
2164758	60952
493496	8153
1332018	30829
1444840	55426
219435	7342
769701	32402
1708038	107780
662202	823
389828	779
890859	5618
164942	1929
309830	2738
77995	2184
1536349	63327
651870	15226
806099	26869
637345	14014
412231	46871
536117	19084
2130488	93599
1668355	28471
106745	350
1003055	1060
296340	10015
2813268	152530
206526	11394
403973	12794
274008	5253
141320	4164
1709292	125754
963582	10431
2310865	122039
550291	81787
32207	316
738166	4198
478405	14678
708093	91365
115311	223
479488	15352
503188	16970
39770100	1592493
170848	4911
46096	1076
344298	1043
307495	9776
163279	2732
83868	372
1982075	105056
692006	22148
37908	114
436840	39018
49159	639
1794534	128378
3311448	49238
16322	78
298302	17843
353162	11744
446440	10733
192651	4369
194103	4042
716764	25583
476250	21321
52765	424
744776	4319
214570	1463
2062884	25348
70816	47
184718	7550
530410	13943
131839	1872
235369	2442
32984	1370
8948	1756
193039	8718
166292	609
603366	9085
118901	1660
93143	862
10458	246
800117	10761
713136	29724
269229	3970
137878	713
46967	563
563186	26867
676984	13986
2035459	49845
23482	127
823228	18066
1025461	36843
317713	6159
310350	1578
830382	19658
409596	17112
50561	240
71144	1841
3753556	51946
85543	475
1003988	19177
155339	1423
124729	1362
57715	3193
66213	1647
22588	987
17956	124
347753	2386
52542	4013
1186	67
117527	1294
1493725	67344
148668	1137
571962	3819
425518	14390
124903	1208
79798	1914
163606	6238
124141	4877
211898	1778
572922	24772
1048751	42976
120230	0
60104	275
436444	2050
657029	29505
764560	37327
152022	1841
114224	1911
9928	14
336246	24256
1351229	25163
61568	79
99662	1611
158019	597
77313	774
164479	504
4142344	253280
453229	11478
1907287	107008
324223	8397
246030	6969
28191	3397
315688	6518
129946	9450
546103	24302
5161538	290560
202784	19062
42546	1450
88146	4430
150277	4336
628833	18359
201651	7724
3595550	156992
1980157	14032
104964	4305
2143	77
137808	8369
211476	2230
166840	8708
109717	7410
146136	3193
16844	102
3882452	144832
673709	31392
330128	11886
137357	1531
175187	27384
622756	20377
339768	5491
1349420	33753
967444	12211
638124	36412
17354	329
11412	76
400162	12060
2596	https://i.ytimg.com/vi/jdWhVZutmkg/default.jpg
186969	11860
285508	12470
1693269	4691
19974	642
594926	16073
139445	3649
67426	423
412454	2158
472865	23309
6069634	110745
180903	7505
30180849	1242233
8053628	212320
1824892	0
926293	15062
1214720	4029
4378130	202609
1233104	61208
732003	4166
7715756	180107
736843	21385
2106273	18995
114494	709
395555	14094
3610	810
404427	9699
672748	4938
841128	12890
1304168	57263
203330	7748
533243	763
479853	5469
684551	17966
1809206	20896
951968	36914
435188	14387
88314	1477
892730	1276
1339787	47871
349211	4342
14160344	244404
75893	98
1250660	21567
1106759	3336
571445	5333
612904	43784
749025	22572
629052	6565
646957	10257
758994	11578
2993	179
1500855	33552
45607	183
443983	4078
7039	291
1163186	39603
2067085	120529
652739	6198
100954	583
357427	6584
343942	19041
108919	228
861687	73891
110242	2821
54318	999
89251	876
783400	16678
9576	138
125743	6402
784979	22810
227578	6450
408527	7782
159586	1259
302559	14407
411888	2297
186769	2355
382898	21445
253710	3701
157828	8601
422151	807
2505868	147281
903921	28939
561948	11333
1123506	5846
4921380	205764
1183601	5844
2842871	166110
549462	2915
956095	17460
1599684	65103
2921518	129893
668973	18212
5557	226
65309	941
351182	2645
43192	1501
2989035	138408
476779	50363
183619	10199
340954	20924
3049308	141926
516932	3801
401736	7590
525686	14099
15515	17
814547	43652
334120	10760
2210918	96026
296239	10243
3029982	159998
281515	15044
384216	39508
122626	219
45250	2030
4089541	50700
207145	5711
80361	4398
215912	4256
1778645	3875
165903	13217
8245	25
989578	27080
496089	15268
544713	4559
231084	1342
107802	165
255024	12598
133509	2862
1754	60
140846	4658
522920	7601
920615	9920
148918	2258
753796	17113
287230	2172
86322	6174
60091	1293
174112	4801
522012	18074
43738208	1658758
277095	2510
371752	6749
47434	6254
43096	316
1447636	14642
400933	13806
335192	8628
1017275	5331
1007575	10772
703178	31866
391382	31852
168393	1323
549258	15579
130934	2646
55367	410
510828	45556
678161	41055
74646	4073
121482	388
44859	264
1071030	5438
135653	2894
4897523	63374
104845	1462
100842	5301
87038	4210
95346	741
149740	263
41508	326
1087167	83904
329699	6920
264978	21065
22656	1088
154453	76
143378	8463
322495	10578
10052	105
549758	4105
336759	2372
15746	1192
16023	81
76996	1709
615934	13861
147668	1438
308180	18235
389394	12480
107633	4265
2455	25
243149	4890
1112416	10475
242750	4457
792226	27230
81	12
501234	21992
975738	20429
307134	13243
291919	20918
436525	9264
258090	4508
97756	1614
66810	104
65272	1062
72722	977
252090	789
549889	7370
739340	10372
36112519	1355012
2114493	175183
2790741	83511
13697378	312974
3520365	255978
2313458	0
1865071	137897
2035996	98223
2786537	102347
3049769	236628
1748254	34458
1129543	19666
1504750	5414
415105	7661
6382446	247096
2213440	206786
760087	22674
156517	3155
560446	6725
601261	3875
887309	27505
905318	1129
7064	96
1276193	18820
275242	10932
69934	1284
9887128	209273
182089	991
186991	1887
391936	11666
337203	10862
824331	3300
139664	0
267660	4994
336586	2094
291588	9645
595287	12023
3439330	140769
73107	278
119408	1927
2260976	19820
1409832	56525
247354	1458
3932	865
433812	51640
499573	16453
119	38
152847	6216
675	219
78180	1340
360793	9449
428269	23185
277457	5621
129394	146
1312601	19417
360113	12570
841231	20797
579735	6155
31711	658
1219	213
60882	767
469378	3728
386413	13507
742354	6122
126410	7561
65688	13
219446	356
875665	14242
85183	3301
862369	54329
66517	90
309890	37021
4031	268
1729056	25481
1253476	65063
376322	14095
205576	1519
284630	1506
437527	4973
3292	99
1392393	60231
630198	9438
11203544	417156
641562	27774
137774	10459
292198	28341
1650461	12508
18940	1317
487581	24479
261689	8194
59245	1293
52241	366
307320	14897
844572	8144
206751	6480
54084	305
1921390	21613
1387381	49257
8092	87
1663930	42171
1017701	12710
507787	17652
102520	838
487797	1836
220749	11039
923567	1298
720823	3263
286917	6958
518783	4888
105161	4114
552376	4974
75455	481
1127163	3541
7152	59
156200	296
591485	22133
1068728	51117
2182	282
205621	825
1633974	35866
183584	1281
35679	624
17912	1535
171645	2984
2225855	125253
574933	35095
273860	17485
116428	2722
3605237	183419
325520	1633
52064	5331
2026	283
3220014	161115
1116446	3741
493961	11835
11499	358
9286	138
90216	1663
88488	3494
1524665	11331
247217	1692
11644	75
227365	1296
149849	13931
422913	2545
12240	540
77858	1361
757927	10169
3900052	149914
473077	15776
636373	0
462719	25735
499470	3083
107108	601
237347	1431
75328	0
4967	102
18269	1490
942770	18329
1495938	7791
1106696	84104
2881	90
84868	57
199356	8130
127775	3200
1398941	60102
1180803	19956
842085	4357
407054	20726
74279	0
65	22
92116	107
3665	119
297222	6851
56850	1857
4065	946
99008	4968
1865566	154482
138548	5713
292582	10543
851349	15325
59925	1804
361813	4066
3600523	150399
126588	4985
265821	2458
883399	24736
50692	3785
540233	38672
37121	1482
12646	650
37851	172
174673	278
3541893	155303
4212	220
7662927	432895
39980116	1420088
4749671	116435
822076	11687
17613868	373735
4262630	284464
355528	23445
54105	579
1072739	46576
2510657	166686
778600	57285
1644037	42309
2733897	116224
728277	13051
4078502	280132
3105570	109375
974186	47364
750581	7786
2115619	38290
71320	146
13517404	218253
596482	45517
1247694	21568
132650	1483
683558	3448
8020245	277004
142585	1019
808784	8544
335869	10757
1066845	30342
297015	9507
1164269	7221
197247	5356
2624282	227801
108376	534
393885	13619
841160	24386
81203	2987
838728	32812
559143	15023
1520473	35201
333728	25413
636562	3149
169684	1680
132503	7086
1623483	23931
102552	3557
144052	2217
677098	18993
1045582	1285
37921	90
346236	6588
2555738	84420
545664	3719
219564	6493
47437	251
204	77
58970	156
438137	7557
125728	3793
328792	5329
139752	337
106360	945
8805	118
116860	60
86673	943
5489650	44488
141885	5595
241473	1363
816804	75106
3408	14
861630	25001
300933	1907
564621	24248
5131964	41357
66685	433
376771	12053
348498	0
499810	15432
36300	2035
738691	32245
1036779	19717
740018	43008
234925	2178
778424	14125
40514	663
267684	27111
135800	790
6187	302
529590	14448
217716	8737
317382	2997
335726	2203
170327	0
193052	6358
401667	7350
522572	62821
195111	3177
1225851	4180
304727	5388
474521	21134
404328	55823
5936769	170519
333107	10386
12132493	233294
5449	102
1545912	16970
15027	135
354067	8774
226892	9244
240821	3261
42261	450
268385	2446
364088	5633
3076	4
145866	2274
940301	22684
4107	924
326452	13417
684533	4321
121113	1482
178038	8339
627926	15116
179198	8468
63349	7417
3574	461
11649	504
511072	2126
1596261	22950
46778	764
329925	5297
396530	10146
22438	1152
39423	3384
283950	1524
771	251
517551	12312
309364	11434
191720	2003
58884	2362
57831	1613
508604	4908
150079	1757
149235	166
27630	1029
25436	88
90975	2772
143464	941
1078754	87148
246847	2081
315632	28335
979134	16128
109570	1802
50921	2888
44513	253
498175	10355
409653	2105
222971	21173
786869	11124
1518	283
184769	5503
4864	482
610907	10813
105164	5122
120235	5103
166219	9165
166929	3412
619292	6469
67173	87
280027	8272
185425	3658
791415	5151
662985	13779
70640	7179
425618	15411
363088	26698
45420	346
143534	6631
151506	9158
198215	33
350104	32310
113989	3988
19129	987
4507	325
927631	57245
771042	16811
151615	6559
430408	6753
427348	45188
14851	555
1644984	75442
48584	938
79323	5829
15541	67
5312	121
433806	22064
27856	2451
2255705	14812
820790	1157
2825	181
11165589	549920
642575	10074
1053434	36919
1486007	18673
42862117	1465001
1767973	136449
764232	26024
813532	56731
5508851	126278
300557	3319
1194472	16024
1022990	55623
817785	29822
20616664	420038
576185	23672
403806	6590
520224	29918
1595411	104578
228665	2265
750825	17322
838331	70175
637992	17295
4697844	301355
523707	46512
623413	33695
140780	4171
1370940	54129
110168	591
191760	12998
4214974	49409
588441	18708
813911	22405
292015	6361
571878	32794
200366	2800
2253063	48501
557639	9433
4293828	202649
703471	36758
325270	2793
399888	7665
821362	10848
133604	1804
283987	18259
2685137	174416
19071061	263102
9310195	69549
997952	9581
79126	811
386560	12606
369431	12024
119814	3082
124809	225
579677	3351
83184	1936
168970	1472
2863620	119564
260034	6567
36126	0
64146	290
248034	16186
3342073	114743
4290141	287278
198876	12211
88126	691
265189	1359
711532	13900
32357	297
427956	7562
141560	9436
239348	3213
507685	21656
135936	14730
80700	42
2272944	40231
54403	471
581532	4585
261520	23911
2462	146
209383	3336
852640	20109
553387	24875
1342025	39664
232020	4958
98374	7858
339678	13975
152859	2063
330470	9192
189377	4959
127583	3813
1338	70
100699	4247
462386	2759
166613	4796
9515478	300032
756650	13042
129522	1095
82878	740
2021992	220589
299456	16827
361215	3361
130291	10559
911886	9210
598268	44326
1178165	31762
1382637	15443
62834	2866
87348	4720
1520757	71100
266892	24530
321284	4906
144186	7576
73229	1024
94367	5862
6953	40
216275	948
4739	1137
1041555	9179
121652	2890
238530	6965
156646	14799
655974	47429
128508	10028
147054	1539
24588	1515
323909	2427
1308851	22340
1540399	60113
59976	133
109580	7760
49434	2656
130578	4432
216391	22845
202448	2432
177666	4419
137213	648
311074	26344
62809	5342
301982	8682
57801	691
235668	20841
445553	2842
216979	1463
274231	11034
1372224	8294
2750	50
1697106	166768
2782115	234929
245363	8032
221948	7656
152588	7639
77808	108
103248	283
102520	1585
103149	6447
887391	33913
56201	2368
22790	117
2591	46
213137	6872
330478	5520
60225	3697
50949	3975
335739	12389
3277	176
347561	15508
1058120	93314
432622	14446
1340220	175239
467728	16955
519847	30370
1843112	27203
61941	301
48482	2907
946592	45703
799116	3739
4048	84
112589	1175
20528	2227
1026664	101018
183247	3499
44600	1273
204627	7523
142289	2759
54931	1191
1589405	7483
484316	36220
191557	4070
10026	413
500906	29924
124266	1436
2831297	90647
108323	527
301261	9998
226298	3189
382662	5072
168989	11886
3249	50
203519	2923
14040968	627664
2021267	66102
945936	14026
2997090	189470
1679005	85244
1698838	20795
1166993	34709
1308615	23088
722745	16687
6037731	132975
893095	48194
436535	4489
1421259	69319
1491281	18365
783082	13069
963679	33470
456798	7165
460789	14419
1016683	7797
936493	33373
427604	30450
3086728	30209
958130	31958
45064699	1494997
2428883	123059
963703	27942
830204	24278
213831	12083
188201	675
42745	216
2035027	130919
941460	45116
291651	4206
1283744	93223
855406	21173
569774	31435
296590	17827
29343	273
823111	48432
22678048	453424
347269	11136
236863	5477
841688	64953
922932	24406
1690964	57873
1069205	15264
854494	18848
646811	19358
137	9
5182273	56250
233690	3377
832619	44844
141997	2474
1086512	27373
60814	1322
92184	1142
115389	1050
469484	9519
96060	1025
202252	774
166619	4679
651759	35658
133638	7903
661975	46238
351908	14504
466256	4042
4902635	217307
973214	36381
2430543	50046
82037	7196
794712	39548
42959	2119
270120	1710
23088629	288354
344843	2234
612279	10326
105903	429
518645	8873
597425	17570
1142914	8307
112102	5375
382215	21563
11551	746
461184	20362
161732	1921
12396009	87883
167064	6304
2778545	178296
324983	24480
844168	52997
587915	6800
122243	12348
643300	6781
9705	277
7700	510
82978	837
152216	253
18846	105
88800	416
40211	0
1178754	14592
841815	3912
273063	8652
179695	11266
122575	5508
247095	9524
351205	12559
43625	457
2933678	121523
114628	10143
653511	25611
385616	2794
167589	7340
1971168	22596
16546	345
118111	2513
758981	13992
11696	64
64402	0
167686	9464
24565	53
67479	106
27656	870
798532	32002
713525	5467
374212	29424
3941	184
3536383	119040
616675	39368
39784	907
418120	6231
4389912	290383
89400	203
99525	380
394	6
241924	5595
80746	299
149098	1041
248512	13977
61926	2385
469667	1896
19138	924
1969753	57332
167429	2420
142792	65
102091	2282
461288	4673
236095	12387
718219	5471
73175	9220
7082866	52388
92601	757
845252	53750
106879	742
203984	20083
378079	6602
19437	1052
172183	1890
939113	21569
221118	2206
31186	1140
136925	6121
5021	237
58456	852
340	246
148283	14453
10740130	316722
127251	9630
161597	8670
1336833	34428
47002	436
2383841	41788
204928	5170
372785	2297
1384908	52556
300292	2511
694113	3365
226249	5795
401568	9031
32058	1282
2701003	255316
438566	21236
598	13
1861777	80498
339008	29899
482557	9497
1769228	17799
215438	4090
2761	68
1906401	67518
283927	3019
94780	3666
17929	732
809699	0
145228	3028
93231	1219
430935	10845
1070469	2732
10454654	300712
380562	1356
16683347	685513
1048201	12967
1685468	21637
1393971	28302
323080	4285
2469706	78377
1344130	14547
1241243	13932
1158470	27318
1035004	15079
1014829	44760
929557	71749
3661750	215109
812137	21705
3109832	21616
824396	45119
547751	15158
2030100	90099
90096	212
201241	2673
806520	44145
244512	2393
435392	11984
328533	6967
1567713	67836
1800833	21773
2377078	13277
123728	1052
248981	1041
328717	2366
349096	17524
339708	13873
263207	4690
341017	9622
678551	19807
1482719	71558
1539634	34633
292016	3005
489432	4946
6379759	137035
503181	19326
93354	992
78290	296
109867	3304
118159	1196
4159821	34584
380808	11367
78721	43
1012470	34540
54471	2117
946776	69549
1226985	35641
305786	17615
7062	123
340055	16829
345522	13979
349932	6817
484199	13571
131572	664
83176	3094
403450	3181
2778867	133428
218690	1654
513336	9520
606203	26610
163752	1071
21195	1635
401020	1960
1257147	18035
380618	30931
1286401	25151
537419	2867
1173674	59933
1138670	51064
553116	25077
4321512	598028
46707200	1513428
296983	2685
327271	12076
13425	984
2312320	143456
358889	3918
79728	394
239694	923
251956	20268
335388	10929
1462827	150127
337440	4446
4831	50
983467	23624
141736	1857
139701	1865
1035491	55174
336654	20260
161727	1938
1474175	100917
164363	12198
1949574	60600
619334	32884
666377	33685
889709	56041
67084	1521
340315	18259
225909	1030
331142	19145
375883	2863
1337261	18250
516614	7123
54161	6835
83057	1330
204465	15434
145405	3912
789850	21153
32876	2709
24117244	475289
192230	2869
768	253
2923	https://i.ytimg.com/vi/tM_nZDJIwFw/default.jpg
630401	38613
35819	391
557814	4207
574626	18390
53800	2869
966262	46492
67401	2606
326189	10393
220430	17609
137430	1668
243300	31557
1191236	41627
53487	3920
5694412	59437
395435	8017
1279985	30296
275199	3590
744025	27509
189061	1293
473390	22192
58240	3389
194010	1945
392386	21603
77158	7607
307376	5296
409351	1485
157227	8946
368189	3076
34096	251
1148053	63211
113583	6142
5239892	321948
1238018	49970
253260	18295
425449	15899
5332719	229049
179958	6760
93918	4270
2962	73
822874	43005
26709525	308146
395703	14782
188587	4053
118179	3977
8339	39
2240	84
341369	11269
277248	10294
292354	1873
524022	4630
2515218	50615
660104	19172
153561	12630
20980	1115
196158	8291
205605	3276
295666	1870
1371701	18782
918644	91658
838561	40865
21690	1186
8586	99
183286	6860
25118	536
711526	23489
488648	8985
231167	13876
16788	86
138396	17583
107808	436
243112	7580
554851	7569
163773	7144
420433	22932
172546	8866
305402	5143
174317	2939
304057	10630
19336751	442153
3684722	295292
2305503	50046
1120261	5657
631022	7272
1648886	0
1021990	49780
2478868	255575
2299	285
143046	324
455808	22008
2561235	137683
3241405	42172
336560	31911
643967	60727
518182	21070
2058710	74678
1386720	15782
359078	19055
2139504	24640
586633	13988
2054204	38148
1529446	16991
574779	29265
42135	472
490845	12472
296706	11049
1496990	137651
2652215	21308
27482	200
509085	15854
208965	12747
624388	18473
169996	8637
69382	290
513242	5065
152680	4932
1707924	96742
541209	28697
1388537	22494
153522	1165
92851	1168
380432	11700
152727	4650
1518287	34925
549211	18694
124842	9578
632366	28929
92	14
1150352	55677
459271	2248
180342	4252
4894041	28103
611275	15163
609553	3161
2677094	83756
482	10
138935	1787
216468	2056
246253	5810
283152	3749
434537	16693
941258	6451
123350	870
52485	368
1254122	12567
147019	5605
40457	1020
0	0
390896	14321
415235	12972
617979	30026
321295	1880
519912	13404
903	41
71371	1306
876755	28561
19501704	738265
128792	260
502525	43060
785136	46291
903482	47400
922630	3482
47373	2685
1076648	26164
119395	5284
405905	3439
396494	25398
63380	341
4054954	228498
57289	2195
6997	379
110499	4640
859256	4999
749169	15954
208874	2814
1299260	10300
472327	23042
160732	636
677096	4239
311500	30451
1364	86
93031	1059
1656374	8708
75342	40
247273	1077
392492	15378
1245334	25732
312490	15598
1505000	41911
133442	2032
600033	2069
45444	209
392644	2421
2119355	92211
178251	2332
280062	17651
60237	731
85733	520
2799414	38449
246038	4814
140621	3274
125111	2018
1826476	24678
2544011	41719
220601	1859
76706	415
80860	2031
1760461	79941
466322	20969
64366	1341
482464	0
89882	7645
3847	155
258460	1861
5964	58
1612355	68861
1061954	51310
300416	9962
272333	11116
1861283	22475
340850	8904
21900	1056
553991	16438
336737	2307
36415	1970
123496	8942
4090941	218484
640890	34876
384280	18724
121214	1722
101896	11758
62934	8677
486504	4362
132314	2219
113039	14096
210833	818
118197	3559
506251	7475
219262	3061
288975	7621
5477	590
41200	0
297185	6274
10822	119
660729	30163
20235	948
228063	6345
288113	37286
6357321	698877
1519705	34925
204494	8127
327826	13422
225760	14767
233723	14617
1844012	22094
740	313
414184	5349
289350	1458
291737	7065
3690262	13926
119182	1248
72715	3670
54999	6680
1862	21
593017	32291
557900	14265
1434790	14310
4583101	36709
411372	33245
117588	4773
89538	7484
265939	933
157895	14255
374225	3529
88926	121
12423	629
74600	480
233841	8331
160844	16534
22762717	485946
6755321	410739
4355458	239154
3749401	77673
1746352	9413
1351058	35161
935121	34765
220862	2149
920120	69609
523846	2039
380264	17772
669202	8967
1643312	97183
3618	503
775232	53796
339694	618
398343	7180
1315891	59066
3870504	337201
384219	23045
607501	13830
227864	8613
1183546	39246
976803	31107
1591804	51853
3972663	52411
539861	6690
376697	11407
3099854	153864
71309	98
1275294	58312
2553321	186429
936298	19675
133396	5555
423522	13668
460100	21444
72249	311
862680	32626
330796	9334
804534	17185
230	53
413045	16515
394048	2374
4590369	32257
77527	913
111176	7773
43743	725
1597958	17257
19729	232
214521	5884
1245352	6555
474488	22869
1856453	6157
644233	18096
91575	1226
500901	9891
103872	1171
1693089	18018
944204	24210
228759	7816
570363	3025
2344775	42651
2126562	30356
162052	12041
294787	17077
343880	3105
415409	23583
253578	16141
13035	75
287199	3848
208520	1376
333049	21137
2793636	127559
444072	2858
158013	2183
314439	38075
578352	25206
261141	10416
441069	2832
117569	2502
171917	11866
139499	1355
206406	9629
286625	2688
288208	7107
41	9
638	22
32646	238
1806169	17187
448668	15083
4759	492
131513	578
793048	19415
1693989	50370
777971	10022
1162089	4876
240663	1253
3332	199
323121	23827
195096	6071
576948	36078
605378	19813
9238	94
75123	1353
459003	28404
34354	226
259034	1052
373539	4064
1494462	5505
397804	16991
494687	4931
606751	30707
401279	13765
403512	4110
526498	18671
248257	8774
511757	2204
1488538	62984
100836	1909
644697	5380
1718847	24017
148663	2275
237604	1566
185632	5671
83884	4415
3182	71
247667	13988
216710	4476
2504906	31788
1645095	37586
661775	0
30206	233
68970	7246
62135	4354
849045	57662
6582589	31461
1110350	34075
237796	11880
30916	265
692903	31485
125929	2943
302833	7317
1759267	10629
7539	311
164877	1941
480539	4819
156509	11061
4216	111
142711	1829
2383645	92170
198917	6000
111834	4748
227546	4741
1011504	15732
378915	22971
2815809	86906
479786	15800
1365985	13280
5173	232
196042	1551
465835	36824
4092480	53628
101444	5274
2851	18
6330380	20744
332443	4355
69521	1408
1085	83
388499	16304
3239540	105468
111872	6348
768248	36449
66372	87
164813	856
171629	3672
63053	385
22588011	780820
91158	2739
235869	1478
163739	18540
143272	3048
502426	31254
207437	1413
245257	2787
1201579	5623
5096	28
44775	201
2904	192
511073	11736
1197198	27969
95503	0
547146	19180
1625310	33003
0	0
57174	2422
192010	2139
4011122	40509
1346	78
1932237	90067
2251582	64194
25228211	512741
16893	546
2341198	166374
9542897	489073
151596	1236
2303616	111000
6088065	302756
1992980	58100
432954	4308
1918191	111886
4691676	94522
689545	9808
60882	325
141831	3397
1999827	40753
108275	429
600953	24234
885135	2704
389066	3349
574856	27771
2120837	183925
367486	10921
334367	6842
2070511	11373
432431	30652
1197005	5665
333620	10705
342227	14635
598071	11731
206258	10322
1011653	17385
82016	1471
369426	18125
36450	195
382093	11653
516556	1354
1090412	65302
108464	2873
327748	1590
128	40
264575	2663
63084	328
4164	608
1837805	102344
87477	3329
89104	952
693350	9551
120433	2453
1054120	33838
281309	8905
2365239	53111
124871	140
1433572	43044
23057	157
4400014	364022
4936	80
1389767	61375
42027	403
2062679	61035
932755	41596
4055	79
157625	6816
611211	20959
315403	34143
48461	170
66322	781
12231	217
642890	7576
245831	5886
235759	14730
213217	7754
198649	5285
349431	13465
173123	1776
769686	4419
250944	30185
431601	3030
3220042	210613
4436455	58635
71105	2421
106337	4582
905568	52109
434162	3103
69814	3191
7094	35
423489	10474
845021	8598
1438740	62052
232881	15433
134697	4996
3381178	163273
258492	2605
118267	2871
52107	1354
457688	5026
5021278	502037
805992	33403
487865	14630
1290458	23327
361816	8234
293	75
35403	547
1190755	23255
480125	26265
2676424	8321
133873	545
272139	1248
120666	6830
58349	129
161060	6203
221721	12119
168944	5066
2618254	47360
137946	7815
533366	28248
26105	627
96139	2060
119652	4754
3048	277
1921	17
26975	2227
250140	7150
195885	1181
133890	7032
548559	24125
105135	7224
807780	80274
20123	483
106620	5232
1765874	18376
404945	16198
28060	218
44887	3236
217572	2762
14593	354
962790	43264
588869	2877
311643	4105
5072093	34196
360989	712
34797	614
500368	23684
49867	2172
220	27
1777380	18500
8698	124
2553669	45860
491963	14229
86551	2166
36	28
278009	2002
3925	689
296652	11329
162973	635
3128614	135686
768694	28692
420304	17418
697049	19024
2278667	32218
29465	193
1422	https://i.ytimg.com/vi/wMmy2MlH55U/default.jpg
1553522	18499
238260	5168
118816	4321
611344	11439
59991	94
3004542	23514
187349	3782
201452	7262
51575	499
1677539	15597
211172	14270
875654	47191
1078850	13558
3802	157
162782	1310
67697	4464
420365	11881
4776	35
234271	2034
117071	3529
89791	3386
158743	1099
869645	3703
5034	634
55140	546
153855	4415
155403	5791
140861	2889
721662	3074
380704	20461
276695	2932
343535	18610
3723063	88707
3034880	121769
427769	20827
1103626	54972
5022004	344587
879800	94763
21325	759
3598973	219694
26670001	526577
159576	536
712290	17066
12038404	545679
3756962	142151
75032	2438
414801	6578
1904644	310376
862595	33740
20179	653
6823188	325343
2404872	161505
149619	3438
429978	983
501437	5053
660595	22057
2423001	126714
2275809	63375
156174	9436
1683147	44341
180887	7280
264220	912
58048	114
221609	7983
45985	138
622534	9616
638391	26331
5444852	105943
651260	21653
775217	10433
602934	15169
145559	954
192025	3772
827473	39028
243536	1825
352246	11317
572615	2689
227257	1991
846642	34924
559561	40403
237788	1342
678632	25998
260841	8001
240	86
242137	6468
172812	8769
64093	1078
377417	5685
74793	51
2452994	43165
508003	3127
189267	5701
139310	1761
188611	6007
137058	1892
76297	1032
56601	2682
179528	9714
176137	6883
195454	9075
172437	553
390358	3105
528552	3401
893468	5981
60343	347
163371	5081
742906	40441
1329011	19794
256597	12680
2307726	13019
949574	135057
45422	367
97361	1589
5452	44
368488	6940
44465	194
579028	37278
303647	33589
528063	19076
2046208	8383
33455	368
307042	3527
62535	6402
378438	11508
69241	331
9996	67
610864	1808
177719	2395
389617	13695
66422	538
145952	10396
507616	22095
259869	2508
291548	2156
371930	13295
60601	5896
787784	13599
38774	397
154782	512
4863	536
194936	9754
4977	160
452405	38031
1215790	70398
380696	19904
598022	56029
29166	2069
255764	9742
43518	1622
93370	8030
300653	2701
646953	20319
12229386	30006
3563460	23228
4443	678
246490	2965
580094	15273
25175	1191
315688	2599
121833	677
124864	9652
125165	6359
82810	2585
1066785	27007
403691	2550
132792	1932
391939	2543
420244	4047
337122	16291
1904783	104085
352222	5312
7435	49
1055777	45900
237003	8558
292626	7479
150422	5007
37326	1857
40945	547
28629	2325
142	16
2439291	68290
155224	5679
1562972	44818
754415	11215
306765	6722
3804327	67187
141804	150
4679506	375488
23963	620
3800486	229634
47878	435
301008	38165
143477	2009
4072	63
52059	1394
53389	6835
133756	1076
127932	1098
1830	26
7660	177
712597	3109
61093	153
178640	3032
46617	1704
69962	3810
413631	44544
1941757	28490
253053	10907
446607	41998
72769	324
691632	7968
188928	1541
291338	1599
354	7
325260	7082
270585	11348
272199	22966
330464	4160
41326	156
4719135	61708
17966	1392
144451	5629
406179	14619
496645	69112
1550231	6614
143214	5649
686981	0
1026043	28834
12213413	620705
828035	33861
1622598	163101
497063	20508
862614	30215
4219141	95607
1007473	41867
1996556	21508
3273035	128415
1390914	50424
365502	4804
838729	30487
345159	1256
404822	21835
1667466	70959
807750	27838
254484	753
3102603	127125
1453779	118689
440776	11122
18345	483
277832	13754
603036	19723
126057	3244
660186	52727
243162	901
4604275	215908
42723	101
276689	7732
340743	2214
23056	881
1288400	4724
4213455	33919
217873	1730
10372	494
135923	4800
494208	4920
37504	1620
1164544	31773
14333437	588112
395169	3639
223741	2257
832301	54914
459901	15590
83022	553
786345	14761
134594	6575
179964	9115
162320	5324
140095	1201
113	21
263634	13282
118311	248
4179635	149445
433349	22705
601437	3457
388303	2075
453009	3963
498519	30583
1097304	39250
579565	18179
516369	2931
123626	2072
685131	23897
413365	3864
276792	4276
217097	1339
21106	126
23647	0
2536646	34717
213552	8535
172393	7308
188034	15069
31988	165
525711	12977
856118	13589
1851062	47103
2641798	65403
187743	10659
391524	3502
428822	3949
835646	2156
39269	504
1161204	4647
319153	10010
113861	10771
190808	3863
240720	8914
434804	10615
7188248	337671
162613	3375
2653683	132538
82453	7398
525315	3532
783039	61139
566854	15452
226014	4696
1229639	47427
452190	10732
393403	7649
115179	900
213805	7594
54396	290
697957	10256
42013	308
523565	5231
102389	6248
753034	23702
361887	13281
27260320	532660
638	319
17189	1283
130722	2657
1132088	47221
172966	1096
679587	10599
389083	8467
72110	1491
58971	6248
5925052	112929
993913	107030
271171	2043
245370	2302
391177	2459
364663	17573
132809	4797
75476	859
824568	49550
132864	1915
3380	447
103594	1672
93948	7077
105543	1433
64104	2306
153567	1222
1246696	5217
418801	13709
109794	342
665023	37414
29090	6036
1342767	12934
250555	2485
223587	4068
930312	37232
292434	2422
4738335	495277
407722	3243
119453	6488
307338	10336
9820	64
616628	35040
540914	4586
176221	10340
35748	2186
76447	1639
456904	5141
58991	299
126321	7681
44328	1568
282	110
192196	8322
137232	189
3193861	10368
219848	13482
326798	26456
89642	6602
119449	4233
224345	3766
178523	5645
126671	62
2733401	213684
829089	10699
32014	3144
235630	10529
178817	4692
1344481	57768
446801	14581
305904	4310
274420	8149
442592	14854
144605	3753
56631	534
69900	2950
495962	3441
66890	1345
58829	96
31	6
82478	738
1280164	6788
36527	264
141162	8870
124747	17669
2819125	44530
28520	923
212579	1616
1526031	22415
137789	936
3964394	317508
1484619	53962
15295839	701924
1916165	50473
1004000	38693
634356	24035
623588	46613
1179896	12930
909867	128295
2242244	66380
4541927	99200
1110043	36669
165677	1246
575257	27110
1203096	35779
40943	842
244431	12870
356139	10635
233298	13897
426365	1496
3407168	131670
474026	1373
1140130	30328
4747870	159406
438553	13040
1765903	73365
30678	189
15858	0
910006	9167
1739044	6599
1434487	43835
515335	11554
359810	2270
1657028	125745
1083652	94807
277206	804
7865428	52297
1052453	43250
3045739	8768
241087	10116
532461	18299
174031	5139
152066	3639
163681	656
45977	93
6029382	242905
6900748	98438
740195	56077
212822	2828
238445	4935
9616	504
400839	2496
3241407	10503
1154537	139788
359189	20556
508524	5481
492621	20222
312749	11450
384691	22337
83499	352
51903	85
201189	15623
59435	3256
303450	6572
1559290	37359
207937	1570
24690	941
109454	5807
302551	10419
313201	20307
106881	1340
351603	11023
371699	1897
1144377	18862
27190	275
21235	119
8958510	6892
1518569	10851
703780	5311
20042	136
263790	3007
943870	25405
144016	2290
13910	345
10386	61
73849	2047
2361105	7956
575153	18940
143961	9405
934622	58372
810978	14409
265304	14274
172875	821
326731	2066
911070	13152
3504	89
795074	26619
205563	5822
607842	3975
1914116	21335
129325	10557
151951	9941
187279	15108
507630	24948
28427	1083
747410	15926
1236562	38503
117103	9472
175544	20983
4475216	154077
772511	11317
33244	3755
132267	13324
8545	497
145024	280
240689	3252
1309980	82211
558829	4410
660613	12592
1116748	40856
1382736	10203
21602	473
125080	1540
72990	793
15617	167
815034	19381
50454	0
138638	470
303653	2064
203838	8176
435134	1975
82633	3172
39701	3240
1037120	34971
308	75
2910482	37492
16734027	625290
2648082	282046
620759	13017
980	515
129228	4419
529777	5934
272083	23740
10293	279
352972	9355
56494	192
1530560	961
82012	5966
42462	673
26270	189
651006	41899
22862	96
41932	199
989958	2514
1996549	48979
28821	2178
132433	837
322891	17116
776	https://i.ytimg.com/vi/r82iAZdQFtw/default.jpg
304841	237
71993	290
133238	6251
287079	9124
40567	177
213642	6674
4016158	76724
195443	10979
53916	1122
163422	7009
1611316	5779
12063	328
112463	9836
16472	1256
78936	886
753911	11975
132355	925
340915	10459
2763904	135863
7418732	346926
203190	4038
47568	4024
814213	4278
800520	11666
816590	24030
2846	369
248212	5049
1005259	45800
806724	24732
261836	6238
353090	346
741932	10636
533581	5330
122225	8106
267091	7257
454684	15036
74704	800
154065	11391
1476311	164063
861998	47578
2108246	27675
1044760	43859
553072	28564
677559	27368
2391875	116445
906470	25075
1175010	11586
4698989	355229
678740	21413
1612696	56197
344364	15875
980574	107797
309603	19141
30672	0
1135508	75334
2441292	58980
1409245	51954
459040	21663
323374	11850
769277	38859
851859	50204
2366078	416421
2137826	21654
267282	3997
221160	27517
17433516	747642
227302	1500
414640	13933
226643	1629
42260	89
681847	25063
2132261	210802
59296	1069
201970	9185
385791	16877
63198	7547
99412	4464
5756	355
2059581	139726
624260	16682
1806007	50835
596199	12580
183134	1483
373522	3298
468396	39001
576436	15389
507866	13317
6589	70
387045	5146
84286	434
216534	5959
639484	28343
371493	2007
528095	2864
365834	26935
2569382	71357
44456	36
244483	13244
565469	7544
514749	39163
341077	33347
324299	11337
54454	0
481174	23695
81790	677
615483	28135
686820	20729
1443752	7127
397006	15201
226342	808
4740173	101526
8882597	133022
620349	1462
136923	11816
377157	2711
5810830	175367
27437	1487
498522	32824
457182	37830
596664	20857
2517003	21933
301672	27704
71414	796
56297	784
221268	4910
123551	337
59492	188
241559	2353
71330	1206
470142	1628
362210	40750
50371	3048
319082	5851
1541632	7620
665554	28938
228223	13082
3535047	134280
276792	16176
1571825	169663
505243	25315
560997	3024
176846	3134
515558	18594
366503	7939
175490	9514
382385	12215
265108	3296
144	24
61961	0
83884	3631
35868	207
375387	1272
291036	823
86882	1143
537147	3977
354753	58406
802	35
2153	323
348815	9319
178294	16613
251798	9894
215350	5796
4249	443
1213307	38482
282172	4858
66810	3750
266594	18547
1881015	65474
78570	2253
35009	727
607390	23015
372710	2314
1430	87
3573227	3086
106777	4682
97181	2350
25881	244
11716	371
34519	1104
1746439	128880
7169536	260767
388432	1719
255952	13896
84820	12452
3404160	9425
399872	22688
56059	438
113581	1908
1941674	13337
466589	8398
173173	3886
878145	94672
174027	679
8582174	55043
112844	10563
189538	1230
86298	6615
374812	12716
271702	9627
2266349	61544
9629	802
635547	3926
150029	15722
280910	16680
1413937	29733
136241	12568
333275	8906
1953328	42331
40065	1128
28017	744
774697	57651
7898	11
38593	4702
65854	1900
257101	1171
76461	1706
4953	214
630716	14841
13594	149
3799280	11737
211177	1160
408475	12532
104652	828
288598	1893
530140	63745
36409	1628
143535	2715
16005	801
156861	1672
1030542	16799
25969	0
69420	6428
521148	9079
3233699	176561
2689851	231748
917010	15274
1401237	70836
682001	16096
1391740	148064
3967200	41742
1272	224
837813	28368
2444282	158909
609889	39781
140540	2713
211226	9538
801408	43638
1743432	154766
1403682	36367
1592866	55034
2665601	98827
1585857	53116
620536	21856
587381	7637
1858896	150775
885673	54772
1162893	30036
3330312	139813
760525	35521
543174	32739
609083	42115
221469	1213
1068085	64893
694031	29873
1304139	50494
436316	3944
307517	3486
995376	10573
10907	4454
687386	15587
1740760	17189
349816	24548
4684797	575407
270222	8021
513065	4137
194824	4399
134480	156
556542	3721
317028	7787
346816	1373
1222707	72127
86332	2059
58059	108
1317501	111096
17744	578
148021	608
358250	14011
637780	17916
58770	594
475637	20744
375923	14735
786883	16282
194676	1579
348801	18203
74736	904
330070	1853
216891	10039
112201	862
245973	7327
354632	13307
151924	386
230204	6474
48567	381
38164	0
92467	635
565464	0
150078	7139
555221	2890
55267	621
345274	4740
598981	19150
5114697	373369
328784	22083
553637	3977
1719391	57744
77517	10101
1299309	83950
318545	16921
64297	1448
405549	55327
700909	36295
541884	12553
513360	7865
1506138	54072
128895	3486
752263	54441
247231	7232
63406	211
69205	802
936066	12279
2682548	62542
287892	7902
137975	5933
283178	10857
2616513	231267
59646	3808
420705	13513
309681	5134
1858402	8995
487436	24299
191987	13813
513684	23154
96175	88
336338	760
317105	11114
140251	662
2353	170
828674	9092
37510	610
1048064	22176
76255	1276
32977	846
37728	245
260102	7315
643685	23240
313113	23856
480018	15004
204686	858
31506	541
18859050	774174
40	https://i.ytimg.com/vi/N_Hg47B6NWk/default.jpg
227513	5512
223965	14482
858179	25116
495358	56066
5031	54
33156	2112
162918	2270
469949	4763
44526	3227
13300	122
4033737	28956
15913	408
2750878	25877
92921	2620
117447	1017
28350	3242
2673757	27045
81505	2869
807622	47920
8451	638
838218	7440
5747646	19750
325310	6061
21331	1533
125092	1236
208434	22762
867118	34370
40034	1904
1595	37
267937	16362
140149	1900
133235	2666
552612	30591
121506	16571
230203	4226
82535	3144
67484	1978
25234	1284
15484992	104253
1274	221
240001	9608
736928	25659
170799	5785
65426	3490
91801	4886
160110	9516
1388	66
496160	37264
29557	1736
125543	2271
89	https://i.ytimg.com/vi/ekSBSo19mjU/default.jpg
175244	680
135500	8200
659028	16785
368244	12407
204531	2529
1164238	12540
259378	1194
2311292	148779
11054	146
425463	30123
57757	3209
9636	936
151287	3792
938933	39336
79915	3996
977424	34358
6199178	269176
1418005	26294
3434039	238248
1785926	26293
3321238	255300
298713	26374
3529684	107263
493845	6255
349655	19745
3911688	54995
796349	12219
648696	23784
1634399	83826
4031807	206445
2391	418
299823	11746
5288403	46783
169569	2370
567550	8208
1746880	80502
996192	54981
373011	12606
1268446	68281
1831022	35370
2869700	213596
1089054	53800
1053093	30657
78821	157
235248	8198
614320	27602
968339	18176
3929768	441310
1018020	31449
4640731	155163
43007	86
1683483	80631
253729	10015
565930	10672
4188	152
373859	4585
1303524	68692
1605386	8125
137832	971
2362360	166721
761593	12394
1927024	40379
1274790	10324
1010049	6169
2197295	102066
2005965	66011
66978	271
286873	1613
785786	8921
4239667	157589
176917	2127
3192364	19659
1515339	35131
10207	266
130710	14558
404794	14782
489692	3074
189354	1327
58652	2514
34	4
383495	22033
35323	326
816313	37200
242592	3520
1824822	27243
1318276	16217
141178	5616
108723	527
43553	3937
620185	33601
270540	30262
292342	12169
930638	33996
221726	3670
82177	1053
260888	10101
274374	3720
466235	3271
351527	7080
322749	8721
472376	2477
128402	4570
12449	37
115489	4119
853067	5456
419640	2904
60670	5059
1244487	92093
53	5
133086	1902
1934184	26441
132301	782
1731034	53920
215834	6949
2524	301
53119	302
293516	45471
81133	6891
1789797	124882
7459394	48774
602446	18644
1550613	80220
150115	8834
709490	0
271699	610
157600	1498
304052	7736
140075	2866
90337	1247
764234	12155
554281	10807
212096	766
689679	5858
260926	8981
528352	5893
621283	20881
5801679	621123
345289	31169
1238122	30213
39551	190
1238209	12943
49482	2456
89085	5911
47993	2775
479259	15530
921784	20693
90155	467
1199	101
170497	6097
7998	76
176492	6602
187130	19279
263963	1948
425727	20646
218091	934
657101	7638
287566	30169
4731	307
116229	378
205749	4277
257199	260
130129	8271
165175	6458
63644	725
217786	1731
238427	4820
373251	17313
560407	15822
424934	10127
1235848	6053
86308	3291
566146	18104
412426	14325
392927	1603
59273	269
93013	1170
1068715	10947
20723	611
1138338	13651
587208	7353
104230	3936
331465	1683
88783	723
142622	2325
285901	6478
379173	18825
535878	24247
2141386	10334
642301	25428
282620	7861
58906	5358
694219	9469
68750	4021
223793	3638
136845	978
39411	0
311046	3485
126955	777
606502	43052
1359583	58743
250616	15373
360659	1941
5395975	384997
115885	844
354099	3745
320436	12249
279863	26808
6957	0
4160	222
377380	5031
2437182	51990
2215998	69775
784251	15220
2171269	65567
1868890	160930
8763592	341039
390521	23075
4796413	283388
1752796	30556
2220421	57947
1707746	171837
5891553	167702
260345	4453
591038	67385
1447284	17468
11559797	137860
388095	29573
4879	216
2134925	265155
1283685	38423
2275633	33317
116630	2743
3734914	268811
3256932	44571
1458913	112314
1052795	11153
448969	28577
625978	99920
990980	46858
910747	11453
296438	9061
213681	1931
2826954	42504
501783	3243
188168	7651
45047	106
15737	839
231242	19319
540805	27104
184	59
134682	6129
567305	1817
2936235	12119
139156	243
252126	8172
206402	2080
712346	17818
42	7
239605	10485
383435	10923
3365472	31745
446793	24754
5079272	232181
585208	17728
2969	541
1449214	137408
2294720	104305
1774481	91231
187921	6642
773640	7888
689117	4456
913102	64066
6970161	570728
693716	5962
26005	147
269210	11970
2181657	96092
111587	768
107889	2678
61288	304
852038	13026
446612	47976
47678	307
6071	52
6749073	49818
75673	1079
2374139	14861
342174	12700
177928	1227
287967	24457
2043840	16498
2725	153
276371	32116
401628	36321
35066	1242
69210	255
505113	3437
62139	404
186964	5470
757741	3828
220802	4862
2832290	31182
16994	100
888888	70324
122324	5366
581249	18609
483205	1820
1264158	36549
1093007	58238
2133440	89920
334213	1594
2720	29
670352	48271
2537211	30049
6256146	198603
150842	10346
102183	864
44417	606
457503	49581
217789	37040
994501	14904
1033078	16024
330690	23012
139731	8910
1096605	32868
2770693	176554
284150	2757
107307	4518
5959	60
10912	465
333582	8745
1063381	4019
696065	81634
379404	12984
68925	488
2681355	112011
219819	11478
93196	3210
4955919	26085
171678	16601
50714	1619
76850	3200
116610	8804
92197	1068
6515	267
47790	1397
391792	14151
356794	12812
12205	193
205258	7309
393068	39274
2273832	42373
110826	538
479868	16710
1779855	38399
2377218	77162
34115	620
308405	2104
114964	3727
10655	501
254664	969
175217	12220
519980	35474
294976	16774
1212842	7052
49647	220
475486	24959
95810	2477
84003	385
494584	12732
1159234	8620
69454	5144
506002	2164
1282005	21779
210729	2487
103431	290
13758	303
405648	3706
11276	327
1034615	6481
14480866	40380
85216	1775
57514	1026
414912	12349
523096	4074
71474	2892
49725	442
169396	1702
54681	812
57	https://i.ytimg.com/vi/BIG7JHMpjX0/default.jpg
174983	12931
23869973	163626
262434	27302
830130	4005
316996	11326
62100	3579
356702	9144
1536230	102197
262917	1951
1663852	17619
180968	3308
17	5
534150	13478
519997	41602
413220	55490
16662	371
762751	36965
5057004	170087
1430407	25749
3986558	252353
3652312	97738
2205412	378836
553981	9684
777806	11510
786643	28897
1032512	46300
2578168	72967
486863	52544
633169	31428
789417	46285
11364107	401558
1197842	61051
1603177	150815
283724	11992
2558643	64694
501392	11816
925323	88228
625116	1281
505145	12447
2213369	78972
255693	6599
2431563	213140
230672	5427
118172	1586
5504134	308226
1046287	74563
648868	19938
1439885	163922
7318840	200568
1936242	32636
291331	9537
35	16
308871	3240
239436	1444
44314	79
667519	20565
294992	33124
300331	13726
25101	800
30176	1468
1615062	18525
354331	11207
4602	78
23125	2370
389439	921
497170	12060
14019308	157933
432558	30862
1478772	42619
5538	282
1570363	14270
1054453	20086
82218	2323
133355	804
325	101
387302	8111
340638	2642
36246	66
2195035	146679
524695	29599
1559630	34911
2704420	308477
18591	116
316079	15401
3929536	50980
1306647	96396
388702	15462
484831	25121
326642	1828
188317	12096
4171703	282663
2533445	36018
159110	3200
3916287	49690
5580658	43511
954298	19761
122667	1396
509464	3095
36796	324
1280524	14931
472574	8406
211026	1707
108	3
405459	10777
253637	1390
109902	4774
336217	14979
445579	15057
479965	77071
803173	3810
123905	3285
3607	122
153	31
140049	1433
166991	3247
74505	569
54605	1950
73671	1268
138578	925
841445	4005
160188	8033
169432	3319
146098	1378
171427	10305
294566	3700
1537469	16462
430209	13382
185248	10823
33987	677
777258	59050
2364304	193642
233179	1547
415201	4376
181782	5659
275057	1354
208354	12633
51623	349
1318051	82931
211305	871
114562	3393
202648	1458
133122	4373
290789	8504
454904	12229
371736	28552
467096	4781
189550	1752
350634	3347
86856	3961
5999347	254881
3851850	14211
2015458	220362
241694	4057
726532	2079
322037	3038
367178	6438
194591	5196
23028	1110
161342	258
120345	1002
275324	7340
433195	26504
19423	470
542088	26782
1015057	14222
126317	2123
25430	817
805089	19186
83510	2639
164731	683
3267	610
660208	61801
785372	2399
9192	1002
1655544	43143
1545650	103240
9504	570
37631	661
68490	2179
1727	54
46827	733
2460852	103290
18247	1413
8539455	618730
108845	7871
352170	2153
1896573	97215
54449	1290
559318	1828
53065	1911
33560	214
351121	52198
38708	2398
406983	16717
852956	8224
1263789	113979
408581	54326
175844	4986
3904032	35293
194967	2281
83348	496
147103	503
112426	2762
143063	23110
147839	6644
502377	3505
2914	41
42544	184
961505	7584
1839966	21396
341244	13822
21301	1211
1817221	45956
8332372	51585
114420	858
3667095	39323
1089884	47526
1208342	95677
1699574	30144
194107	3806
1656922	51445
864148	14049
4570096	269669
1063506	38117
2127419	216106
832451	41183
3521630	510522
4187294	107854
1710905	24938
304302	21897
828647	14175
560002	5080
726371	27443
849173	35011
1164507	15857
983489	48832
3026306	152299
515688	23922
310365	15595
3403440	214529
612408	43487
994644	10304
332089	8188
2167072	169295
556063	4481
345830	10045
295060	3124
450661	6153
1510223	71145
601726	18610
168596	16092
584804	20545
248232	1693
338577	3242
630956	59563
2494339	75498
1966072	10687
677126	32861
34	9
965706	97391
424067	31621
238661	1960
144468	2606
118436	599
750775	66788
498850	10772
892676	6555
429334	8141
45344	131
3626374	37832
1015218	14529
1488402	70855
163745	2695
228582	5120
294214	1897
622094	29023
2928002	88900
952375	57097
361905	6903
923109	58028
920	68
349619	11340
24310	0
776513	1499
621962	3783
95580	5274
525944	13154
338547	1752
639546	61666
105133	698
339606	36354
869277	12752
89878	8624
1040072	93844
100682	200
385047	11530
542118	3915
396186	18346
434	106
2012410	202110
1136174	2870
289439	1588
154284	1476
48260	341
156687	1919
1383836	84765
112688	10400
485454	13046
10586	216
79978	2171
215887	19259
413395	10662
32345	262
1441125	12805
353371	3030
869053	24819
690	291
36571	334
1912414	117205
534122	3508
614951	22342
218737	13595
90065	775
491617	18949
144	14
2612376	221919
269998	1035
6084553	324355
143364	1810
6252	51
103437	5668
103513	1722
634047	65520
945737	7248
249750	5235
2298646	24904
223116	2371
133965	1606
3314552	56308
250423	2866
233715	3136
956792	36852
141269	672
285487	6016
2091214	17446
526221	19817
289489	8906
411823	12332
98371	2892
1957997	42643
3457730	241459
184171	4056
389154	16082
5041205	60128
37181	1758
2040608	34227
154699	3746
41217	2674
37749	3476
203247	3730
7430	102
43254	854
235560	48962
1712256	19192
381	125
37414	2149
786555	102610
803879	22844
1567933	44883
1506414	16936
154	20
365968	2427
468928	6394
16691	87
28744	724
23717	135
26037	289
15103643	166131
264032	4715
254600	2795
382921	4130
617417	14032
32343	269
16919	89
115243	4547
160508	4016
2346537	153812
18339	196
150613	7678
35735	2097
2937617	324561
388301	948
23235	187
606446	31776
230693	14286
555149	12998
346341	51715
15753	1445
449892	31761
379024	2697
8101053	221137
249414	1534
126977	5279
5745	292
483135	9048
166690	6074
629964	39635
335500	5482
4200469	27347
265775	18350
1437639	23413
294033	6677
562212	1088
847112	3387
2047466	80478
1007757	35305
2288833	18696
738925	8895
1893241	32122
2869825	162221
1092615	103484
939755	47324
1542228	20255
1618550	116417
3822535	285920
528202	31483
795516	42221
3032	287
509779	10236
128566	769
1493524	65726
1674924	50503
241536	655
303905	26817
1344478	72713
1050069	31001
2127187	62563
2256712	117870
918243	12399
1393874	38354
2933014	203012
1852177	32037
427869	16095
11429	0
601476	8906
4108826	45863
4498328	177210
1740940	121093
127668	1482
2059558	10646
1572321	44341
102480	741
704299	66717
970027	46011
43	5
319297	5105
4091034	555524
4841501	277144
1027004	4460
638442	36182
750415	29336
277511	12880
176585	1530
348836	1374
155112	6317
981293	16621
4489200	112278
4581218	244138
835617	47517
400958	13107
261319	20731
2899741	188256
237440	8197
71002	959
1301570	17220
1038841	28448
558555	6945
67708	127
54695	677
168969	2202
365450	1930
153539	3109
304384	9119
38876	336
276055	10988
1881700	13278
328534	1917
379768	1418
871465	23300
64659	322
206343	7763
67426	1670
238190	11886
44328	2080
537495	42745
96865	5276
289086	12897
310259	5697
146858	5308
2392002	28600
308474	932
110500	202
159077	3393
240554	7430
177113	5817
256459	1556
30416	285
24989	262
11933	297
93873	10160
621506	11536
656902	14045
575459	49459
711454	45145
512222	23671
1295301	3132
420921	4028
210093	3898
1621216	74374
200711	8542
1391966	76280
198164	4582
163163	4789
25575	195
113062	5192
53262	103
26714	2206
87874	1261
6796	44
436854	2692
166211	1214
701523	2360
61162	201
404978	27874
628619	12600
303437	10994
830265	70127
132103	5431
1173592	53299
365819	3321
406989	5054
107888	5642
493921	27019
433998	22799
7212	180
111070	281
12375	150
61338	614
2557389	76528
322595	23116
213765	3785
40797	476
700075	33409
225319	5161
326516	2664
153121	468
145869	9196
276706	3048
91920	5843
11663	388
44417	2814
90750	1667
578576	2487
92614	3679
32684	1785
146746	11546
2414	138
11457	70
1945031	14299
21782	502
85659	3929
258825	7086
207061	868
399476	1700
48440	427
3215881	93114
2641	44
224575	2319
52052	353
146069	5286
4114697	40164
32882	1061
6940	304
3086615	340356
121333	1842
171810	8978
146005	1212
240725	3793
123840	1081
50647	598
652634	15434
168469	4059
120512	7134
244581	1619
488275	5331
158999	5126
109163	1147
277068	11234
568096	102275
14453	53
4938	32
121381	13285
99161	1990
124868	15918
182900	18098
413937	14289
1236248	94630
1848830	5031
743817	1604
1313502	21487
1443592	5863
1742807	52034
1362433	126743
1050876	47345
989288	5574
696120	6201
2380984	91224
1315821	128876
918792	56069
481040	8821
921780	587
3162735	18442
3358449	132794
501363	9875
800886	50334
1510586	18334
671730	53193
3417610	188368
325001	19685
3417406	180185
234957	1080
1586153	135692
1227084	27132
971684	60066
1562593	34339
736319	23824
1008083	30806
1356717	117496
1354164	123545
672966	35481
2316134	68442
472908	593
4877172	324082
5361	707
385326	11058
632429	22677
1342365	17437
1748001	21964
618316	7819
2163321	115004
269538	4422
175470	1911
636206	11787
3100696	139747
193936	2335
366922	2676
1146119	14920
439179	4811
1280253	92408
5381725	636928
423823	33210
737320	8329
309169	11274
753010	7139
1375336	70600
301402	10021
1945382	55182
261731	1542
509113	18131
448612	17037
382012	12039
616129	27409
1591632	68436
338507	1124
43347	97
264761	11614
502318	17563
251320	16101
2303735	61188
520430	7029
1351193	58619
263250	4446
3318114	221050
1099304	4099
4715951	53663
159643	3156
156741	4588
383429	1615
194362	11588
2327219	66891
503138	4746
278182	11114
2020052	133572
585824	5531
89319	4923
822005	7424
1571653	40403
819171	5932
36948	179
142269	2294
8665	195
955241	28631
262978	11534
1916579	32796
45744	322
74940	1103
119827	427
83573	1447
472011	10662
1089844	54862
443294	14892
1012683	47406
739369	8435
237718	26240
172497	1548
1252	266
166194	7393
163686	7023
845853	31263
38301	485
4356368	571672
340884	3425
105948	753
443183	24888
1800469	86271
837614	6836
3528152	201040
312840	3127
556353	20290
366534	3511
140577	728
43756	1058
5524232	266388
164025	4635
488898	2040
1105	273
197057	9024
567196	20076
403250	42283
640930	2910
53904	2481
57580	3049
17969	0
140765	2439
74777	97
320238	7748
354666	9927
50704	171
393311	19810
98357	5822
27418	1744
1103929	18834
1212277	30747
123250	11033
199589	2129
87227	3744
79	https://i.ytimg.com/vi/Nc7DYWkGrGs/default.jpg
20239	1603
391690	22871
278454	7620
1366351	17796
7518990	1573023
12749	247
157851	2780
298897	22451
25348	0
88617	379
184394	254
19642	346
23614	155
297247	19941
228387	25369
79017	667
1016791	16472
10437	905
2905776	31793
834212	72632
21660	122
481837	23138
162337	2819
82438	2996
1047156	56141
233736	2108
88627	665
121624	3184
2269059	64339
389588	15296
191783	2298
595493	7252
303	93
9941	69
395590	18310
484731	38146
88	16
212992	6625
246687	18770
87576	1537
929785	5303
183800	7141
129267	335
307789	6123
87312	4448
797769	66019
4162714	8810
1663814	111427
360261	6964
1586427	12549
1969090	170933
789579	15192
821029	1787
3079471	214848
1966578	30298
881215	67815
133686	2563
1231149	22180
5427688	181585
1554943	61249
1329253	10006
2041	282
1754643	143917
937603	17139
1375715	14272
1942418	57127
1398540	7562
1550527	6179
163777	3528
1154733	76079
458116	26441
11510500	47780
1307720	718
1131487	63816
678773	12606
1571737	91237
1259215	65400
424444	12369
3169046	244278
2062332	60967
743363	20146
2574365	95855
308945	7400
1185721	40246
718038	12295
766089	18305
4137184	212761
308704	15315
438546	24056
698616	89367
1949619	146239
191443	2288
460512	17681
29	1
1778883	144255
1916118	129931
132835	555
22829	400
430138	20291
1587888	84383
194023	1889
3680062	186777
544143	13051
420240	3603
1010777	29573
434754	15044
511482	14376
41094	489
96041	1778
528782	19722
2241475	48750
1021184	11158
42355	98
251753	17048
45461	198
3815944	108474
385958	6564
243518	1118
704106	4532
815416	39396
62305	1316
57895	337
900995	6584
970186	95681
22631	0
233330	23545
176709	859
534845	6557
576347	14541
162976	11347
1177321	121814
169203	5577
191320	7072
27482	1182
96188	538
1214765	11087
481973	15619
1711063	16243
1733349	22305
5822614	356241
297392	1934
762665	30468
7867	32
430576	40406
670884	22047
39675	2242
353681	9669
1215537	6470
272123	39449
364912	1051
1920873	18315
1725812	39030
563675	15071
611553	17712
34399	2238
155713	7144
119561	2148
110543	2603
73999	788
1584765	18208
132115	14196
512951	15575
383196	1911
500182	7107
227584	10553
6276	955
169774	9105
612002	31647
593938	24450
130288	1415
2125530	156197
57488	281
105925	9095
58441	2357
909690	32364
167788	677
122507	3768
122258	3026
501827	6824
268273	8296
137986	10840
25160	495
189607	1984
821422	18778
4542236	112385
216374	2542
1559254	73110
174549	20111
823538	39453
333013	1770
111809	4346
237677	5694
158207	2218
5726897	662861
58000	3483
1662032	66887
2803587	19074
59805	4616
651769	4816
1527159	100885
543695	4942
801930	24359
1818967	34310
280663	10920
2091513	57593
7310563	13577
125741	13405
5165645	59609
86850	5247
280201	8783
83138	499
4888	97
1664296	70206
668673	2351
66552	299
652655	12941
575509	29960
116114	3737
573253	19209
160199	10423
1196	52
329399	30434
306840	28561
4573544	583779
24091	1205
240843	1324
340888	10810
143843	3760
2993948	75166
3907	214
298191	2758
366131	17250
527246	18003
37827	176
167970	1104
919478	9909
101414	271
423699	7898
213209	6821
3457520	227602
650365	2287
316799	17705
4629057	146770
2917000	190605
7831865	477335
5450008	292373
1578308	44930
11500696	924164
2355526	66422
3853	382
1802470	75254
1082138	16490
561145	62903
11400708	112959
2442	https://i.ytimg.com/vi/xXUdsQuUhGY/default.jpg
915606	14613
1082647	52114
11188755	799893
2015841	80846
1726939	45089
394431	2809
1670329	8493
348176	7716
1495947	18272
5072080	24495
247798	4740
2384546	23334
163357	4047
1043577	62479
218241	4462
359599	12789
226668	2002
1280743	116838
162806	2504
132791	1257
625803	17400
89405	1261
337964	10328
391192	3224
3470312	58540
1807110	23692
1756608	36770
111729	614
170356	447
1078055	68661
2197151	23667
95475	2131
1030187	36617
1479454	18380
523546	15239
246537	2810
387066	3757
3995861	246130
314211	11107
349046	9684
713642	21916
762937	21708
405720	11547
1986594	105660
483855	10835
481433	17595
7828494	310322
407012	31809
304950	10959
74325	1082
1210086	90071
76261	312
63499	888
229154	12240
161263	379
443772	9168
488738	38782
1077978	37362
389295	26757
9982401	416481
110767	14267
75447	3469
2449757	16027
25	15
174124	2179
652987	38343
259469	2069
791758	5019
1071317	66708
183712	7261
935521	55393
80980	854
314726	4741
701839	18564
165186	3794
413108	6829
804046	48158
224213	4613
623420	49702
64092	664
3035143	143702
272165	15631
142858	2584
17546748	237743
668902	23675
202291	4405
440368	33138
474031	16040
478460	1248
544286	13059
4984	91
12586	31
1978115	15696
2307346	0
3746919	191045
688757	20093
90806	1375
552144	54820
284700	3248
4298	23
1134200	81045
845196	9238
7982	269
4227847	387795
3406370	175956
10436	148
375906	11936
565383	5149
31124	2257
1048067	54600
553928	20651
165929	4006
1429739	79078
31649	1439
337788	6006
5510770	181329
16995160	617979
433557	25028
53383	4034
138363	3766
1261709	14318
3866	161
1392368	96919
132384	3828
1028987	45680
243128	10583
55104	1993
3828884	237290
60187	209
134767	549
148880	4690
220178	999
96641	6623
442787	46250
91966	0
328044	1481
391536	2132
172638	5507
212308	21844
671054	18267
762173	40227
73564	1593
304683	2220
203338	1976
657183	24107
4834039	72531
38199	177
989519	5700
25786	184
511792	8503
512146	8374
3376456	240158
872783	20313
1446591	16334
365005	5731
1365699	4886
573873	19577
269489	13830
183460	2785
439155	18470
100259	2728
258869	4892
1230529	55246
5166	612
101452	482
226733	6730
12851	7732
71608	3478
69458	267
89073	821
197306	363
419659	18313
87904	6854
14422	134
112870	514
42746	0
10016	53
708358	7590
110094	5035
629470	3358
69219	318
765455	8364
293464	15681
8478721	226862
8478721	226862
17607193	1152803
10308019	545768
3788	https://i.ytimg.com/vi/xXUdsQuUhGY/default.jpg
6913802	326936
3203043	200262
2989709	209962
4070441	121651
963829	85026
455650	9380
1359682	23024
727663	34107
2376410	151627
1435993	7787
2151105	56123
2267344	372823
4986	567
595723	6361
732541	2737
990535	32459
186495	7268
2785209	72644
75756	455
427957	2788
648205	3071
145079	779
556928	4448
489394	8133
3033583	85656
523259	17729
26548	340
238825	2145
687489	15513
1163351	16494
494092	2003
13319878	128501
436572	2187
581434	10969
674621	17985
1266423	58110
13672159	868551
177095	6671
207954	7691
336582	2001
217974	5165
612674	10183
254468	559
864661	20327
1956771	48643
2060963	51738
231904	7999
435451	3566
422849	21211
1507190	75476
1951951	9351
79805	141
266927	16853
75448	422
1645590	19255
155860	3134
1846715	140021
28	12
740788	22562
299163	5663
41849	168
61953	742
359420	9643
6641272	27908
123804	3253
296153	5282
821825	20053
388955	11037
234010	1572
137410	6263
1435263	78541
7072	146
11608664	366225
117736	4498
389221	19206
2632838	25236
232142	3875
684466	52668
56076	373
168895	7668
630790	7312
121354	1509
1033609	47047
404229	17731
742597	23629
52	19
444332	11114
284918	3167
47080	601
10228	36
949114	26492
135931	9542
76866	778
282606	20127
133832	7483
402898	11672
188996	4536
180456	6528
307380	4101
592801	4143
57770	560
365204	13290
37520	179
143178	16748
255264	1097
1987642	39320
253161	8784
155118	1403
495684	3825
87093	502
551608	38781
1269933	44031
266038	19043
373733	25747
1986896	25821
222758	1542
137602	2235
360598	3229
134609	4786
1634990	19390
2356773	24684
22000	205
619919	8447
5981739	474828
54207	5184
26744	2139
2618	11
253355	1323
646966	45751
289920	3042
810707	3411
66207	6216
467314	23873
529373	11495
201894	439
703522	23930
2853368	6495
48165	2067
341924	19381
3615115	96290
434706	3951
3681355	61115
112511	1074
60752	146
800699	22328
447110	14367
1251772	72606
240419	1915
622430	39779
267950	4113
483251	1299
38274	158
892898	28466
46043	331
35405	235
160820	15459
314583	2597
805705	20051
743257	2484
152107	2247
190043	1175
139667	1902
50297	3059
6266	45
233458	3963
403945	3959
110520	746
566944	4398
1011769	55434
11267354	445927
937001	24253
342021	28761
3719682	161842
4319	172
102969	9803
651958	1443
357094	18723
350417	14896
21768013	276853
261232	4274
168667	405
139497	1052
269523	9165
1305501	94073
106036	985
664800	22894
128597	486
306074	10193
183818	6590
103386	2556
11249383	267576
3585629	115801
3104591	250696
2513879	69878
1486890	13988
4628972	280540
1034432	34875
23332762	1323210
1397255	11752
6197	https://i.ytimg.com/vi/xXUdsQuUhGY/default.jpg
823973	37786
12991753	608487
494279	3933
4081638	195399
1703593	9120
2924176	58559
8132325	352501
1638840	180364
4920114	138116
404685	24013
704247	23246
711652	58106
290559	9157
1052660	92774
196351	0
2303421	36573
434772	21787
915860	12019
1105435	35585
215258	1386
5985130	130247
1712804	45596
58242	307
993383	4659
16585986	941517
789075	2901
3106340	467475
442171	12187
78904	359
904214	18819
139207	696
2505729	62903
185007	1685
1640362	79438
322477	2949
215804	1368
5723	685
41031	445
436616	13183
1711301	38489
315471	11033
721819	7394
662160	24739
468451	36726
812895	3522
63971	1028
320241	1391
4776071	306006
87832	2703
3091742	77350
677212	4526
133168	4434
7532	162
760966	2706
654335	3669
927065	12860
70620	979
137715	199
55913	1439
184256	1649
30941	106
990616	13295
220670	6606
261046	53498
41510	141
52978	200
64049	320
312401	9738
26691	188
26232	472
687820	6354
303564	11441
693755	12219
162366	688
972884	75296
1328494	17780
404005	2997
588273	14058
529051	22189
762369	19675
727793	5429
122705	4004
520315	7851
627456	28321
305160	16509
477980	39005
634812	4052
1335225	60694
189080	1822
16454	77
1230195	25368
63404	779
152357	4138
320084	2878
478443	72389
525220	2572
1073198	6394
101305	1448
978719	28033
4	2
485029	9241
359422	1593
79932	3535
423851	6752
113719	4877
1837034	84089
280769	8791
37927	1743
514486	4049
64032	1848
296086	8088
249020	2094
2246370	155870
631745	3484
5277	438
5136995	12200
167164	8706
35886	601
349415	5141
878668	63977
86851	4095
3147793	67189
410337	75352
262242	583
2181562	9948
2164275	51617
1150143	20262
351265	2561
253	25
50872	314
5999690	75259
72721	475
15065474	399550
1820160	20480
226454	28074
102450	2445
770609	8624
1256074	52163
121305	3922
8259417	30639
16236	1746
1727305	86148
140	19
126012	7082
424517	18639
162254	4068
93550	2640
467236	28363
574178	2398
10749	549
46950	457
188771	3568
141394	7440
119170	4767
120275	1233
255608	8360
1442	https://i.ytimg.com/vi/2AdC21CNuBI/default.jpg
25157	79
114077	374
108319	542
225577	5320
393532	10170
542071	33915
56493	2764
251980	1928
249200	9788
919903	38311
349017	3760
38211	3099
45927	221
14935646	140599
106761	619
282538	8408
324104	5549
75247	4721
1226	73
2857037	27015
902928	21295
465268	19508
513409	2729
3030827	136572
489901	40334
8896	191
17153	35
46654	438
127252	3964
504279	2540
1098295	78939
7064475	392523
467041	1774
1738094	101092
5477473	151905
3122058	222580
13359243	287119
342873	3188
4089839	34488
2969842	68611
728928	10163
441396	17541
3777322	90542
1073182	5447
593542	38152
2013496	49620
890333	103319
116431	464
845532	0
28997182	1461132
244707	4356
1056735	44186
462090	2108
434176	9202
5207594	222334
578333	29923
730162	15027
1023880	30869
392394	13697
3953902	75162
1849764	9771
687373	13356
15582864	658063
328218	1659
975041	51705
174831	1636
1603438	12678
259212	968
356896	34117
1044592	41368
1827692	85060
198130	5265
124971	521
2001992	205557
27762	408
117294	1116
422450	15686
8104	69
9195511	371558
262476	8295
36	16
455340	25034
164096	8989
1742279	6464
2106111	43482
75361	2701
2070910	52003
616036	15628
1039289	12934
2763694	42677
527223	28561
7724622	148886
75283	3341
677766	20594
1118554	97211
3556869	211991
25710	145
213283	2693
440964	4719
186100	3909
491168	22703
243491	9237
78434	972
1032723	37761
556142	2973
662683	45371
1031908	20805
712798	3278
478409	18875
19859201	1006424
196849	5797
540570	15390
86594	1601
3351235	490243
614928	4140
275545	10531
414601	12710
5781	26
317055	475
149467	1309
280267	1356
134866	2114
1091	107
50027	502
122506	9593
1400224	70344
189032	12468
240768	27485
553897	1686
560057	2491
804218	2949
410626	11360
535507	92118
898388	29263
6014	767
166372	1963
136319	821
56328	201
367978	16137
788304	7863
58467	870
18467	168
346734	3141
189601	24664
358223	9029
571777	4708
251693	4021
720954	7604
5534178	335949
381731	2837
173107	8466
948470	23436
18624	240
239658	490
284493	4811
113142	2261
219749	11559
26874	337
342345	1849
351425	3726
109809	983
573371	115729
160122	784
82311	8048
172119	2327
18748	355
1516644	19901
81144	2263
80959	2822
9875	36
291321	32017
928649	3932
65567	581
92517	4696
289125	6676
3368802	81036
197016	2172
1268908	90333
166074	6807
199972	3192
811225	55331
505489	11788
54639	2774
197426	1400
4164	407
919	23
194256	1537
684676	88723
30998	2151
1444577	6872
99826	620
30067	1197
786	53
110197	328
85368	213
618967	27882
54973	476
804104	2813
757541	4127
137672	2147
119971	4928
452124	27044
5290	9
157859	226
89780	4239
1360726	14902
351749	10423
7697	99
48550	3393
78574	5750
1081139	124884
400155	2745
1535167	20747
1175225	8677
279511	18485
3526	22
122408	1172
113742	6686
315945	9033
12660	118
390259	68287
427909	23588
343964	9808
10917	1762
1039919	6518
1202712	121018
902592	2833
1426681	15292
1811534	102614
10471871	471620
1872571	78820
856270	16115
687607	6719
623086	4176
566999	4496
4426623	269799
229530	2205
1976155	111449
574551	48569
772730	24251
6983189	177111
5617319	44326
973172	31286
1530840	6743
159367	1411
965275	12162
928500	29757
15070716	298541
718974	16205
3552320	77212
277488	6860
505487	15825
4126732	95735
1044080	67617
183022	4835
209408	730
305138	2933
679585	18765
1237155	127109
874447	60002
403940	6241
99538	605
2491578	56580
225279	12968
514161	14481
36	8
2183664	21538
34816313	1585834
263629	6149
126234	1578
22989	1732
1750688	71795
335328	2364
1098667	4870
107223	543
963212	20214
8764	78
827210	15922
1028582	53160
446145	24976
358956	1705
443837	15090
31208	156
72573	839
211952	2859
470910	2765
507559	42528
143399	5514
155873	2370
13323	122
1347681	39812
316150	5339
344285	1683
230020	7852
219100	2366
503966	2233
104178	1768
35892	343
242282	10807
614316	17786
70403	1361
135394	6916
99964	1333
4743333	89712
1094578	43547
448472	9052
95661	6132
888093	0
413523	1894
91938	2767
83681	2342
87820	272
8078	https://i.ytimg.com/vi/xXUdsQuUhGY/default.jpg
376359	1257
398301	16532
1697698	49944
611131	15525
136731	2937
97188	6188
469187	15522
486291	12584
211097	608
611139	30911
380711	71476
110660	523
35009	480
891878	16666
1379923	200911
613005	4048
1463118	72175
113607	3689
0	0
402851	6111
1226234	44635
1934734	10054
236201	1927
42774	193
285605	1402
754928	8793
762614	13506
256355	2679
97984	5593
252701	2223
1656134	12925
78300	2018
24867	1788
818677	31891
73078	570
163540	21287
147855	1946
6101350	239430
6201167	18914
217213	12531
135096	7808
164303	15181
145367	1710
2167883	214747
166439	5383
261698	17626
31697	289
336669	11454
11756989	230255
29162	183
494103	16794
172327	4061
346628	7958
8223	57
274802	2053
9176	175
68594	547
319990	15938
1774232	28862
2470993	47684
85153	689
35625	445
3455	13
50375	3486
384859	2712
361022	12751
952808	25738
120711	8380
5575519	150018
55386	4126
2836	201
130715	5335
21108	762
679130	5482
643024	20760
1135912	13599
4974	22
423718	26049
249152	6944
463861	23497
995143	75413
9098242	160917
265554	8934
8191	226
64796	542
85676	7267
39476	224
714994	5520
732828	16744
451338	46820
388155	19907
702738	5608
434557	5641
869227	3191
2983801	45381
1178570	101147
44995	209
150687	19258
1178927	136077
101413	9078
308490	37306
30746	479
128993	1250
5660	269
24858	274
80436	5844
1277161	10534
1815030	17120
3103186	213063
5014897	102029
3314231	45060
2281675	43498
1873980	27932
963677	3020
611877	16923
3552278	118304
13724859	535247
211879	2031
2000332	109056
913644	54175
878967	8128
74012	681
418973	16332
683079	11522
278160	2481
731742	4598
650453	4953
841011	62767
4852348	283597
1473613	40135
2118659	117691
304051	3132
242310	13518
178950	750
990404	22773
337650	7548
109060	516
1522683	24590
2061395	49205
875544	26201
1923885	7873
1613123	164041
1141708	33856
8124967	198145
637295	28134
977019	6581
305331	2405
375694	2138
1771445	96543
710514	24772
1098749	13450
997703	32174
1082579	20161
1367596	68797
1141414	80409
66527	774
271267	12572
98454	4545
1114370	21297
615133	944
176845	10385
1363560	28751
868979	34262
408441	7877
542624	2833
87925	1488
30621	301
217544	9188
101	27
179243	17090
729054	55309
158672	7576
704126	17689
109870	593
867671	36471
1200574	74678
227210	1000
558190	20829
487125	37555
1449904	28564
258739	2433
4051	65
143710	4290
188165	4846
33723	2178
29064	2253
1114262	27264
1308817	131971
375906	4343
552594	7768
647449	4119
35772	806
575878	18829
975973	20230
287949	3422
222861	5446
217095	1839
452258	30035
474275	80106
2849357	62003
48785	394
171607	3136
646882	6194
316053	5556
833023	21465
17306	69
146023	2428
98947	22743
409452	45914
70003	1636
33806	216
258160	11527
20690	737
464971	6865
613967	18843
112736	220
40671623	1696151
367448	0
	
78038	1668
75574	7856
212118	4338
4189087	34582
475643	7633
514761	13958
4325734	42246
308853	30794
274256	14134
171459	7719
362438	11197
378839	2014
15871206	301766
708726	24165
985235	16162
4635	460
168414	14703
209271	23193
92040	295
189905	13636
442961	1694
129517	10882
1833253	74038
203489	13628
910419	22425
209559	27202
59870	1962
226599	625
72192	826
154249	1836
388843	2633
612091	15889
167916	7684
767832	10198
222055	10572
215554	764
46448	1723
16572	152
28892	1379
643852	5074
107448	2744
88867	3104
1658852	5904
16578514	306608
241873	2967
61149	765
73412	3504
20504	114
373051	3451
23057	1444
747534	34986
39249	752
1094913	55404
53379	3632
272847	8448
121514	333
2046887	56046
139197	2325
573294	2837
1986419	23334
97831	2460
118024	12542
289108	952
130393	1850
22615	0
97568	2184
199365	2944
86324	3492
5080	172
1595902	45853
158079	12768
38087	2606
135568	1324
106370	6726
552112	45097
67096	3047
175148	7145
33363	1114
39849	4535
69670	3695
1135978	9523
168635	21309
290793	5899
113222	6067
2444200	23151
9136960	146816
4356377	257908
2647997	68118
807952	40666
866303	19182
680445	25225
508870	6650
4141524	54276
1219450	34247
2667847	47691
145696	1886
789424	19075
672238	27640
324591	22000
768353	22980
764183	32510
521453	6817
162386	1046
1081208	15061
1013695	3148
616148	18963
188137	5922
297272	7036
459330	2234
650575	20447
344623	16719
332341	21480
16986033	588127
10272	445
202357	6587
2775945	36063
320701	9885
116400	5097
274710	2338
441479	4126
90249	607
556297	14316
738864	29360
3918780	124732
360571	20451
54991	264
1026239	57566
1074999	42518
621253	74524
330423	10225
436725	12839
114829	742
67048	800
2083713	111917
143580	2007
141856	4582
212611	754
2481376	11915
360694	1972
469096	3822
143588	2816
322736	25226
197863	9436
211210	2932
416360	15371
391324	3766
1540305	41830
141414	2097
198065	2451
222027	1658
600320	16282
255013	3553
1168487	24878
296279	11252
52588	1814
82387	2198
391139	32937
2961991	58948
2014792	465950
1511303	71613
62371	1034
15008	130
285212	1035
51222	1817
455260	3278
27	6
276462	25178
129067	588
84126	6672
152915	3498
396856	11334
265278	12447
704775	5201
120991	4724
2225838	122166
931181	66939
500652	15643
625387	13219
265092	11194
130840	5323
446411	8898
401001	34462
669716	12426
2244549	8728
1633011	38865
5078209	290371
162294	10459
149	23
606377	6800
1217758	72976
222774	4913
286584	20173
118621	433
1928670	178813
152143	12150
71126	3787
1652691	53530
934163	27392
54121	403
37957	2779
927849	118443
258875	6296
352767	1272
328575	3341
45165	2790
875191	26496
1202235	34913
47020	469
33137	1578
347525	2602
50357	2162
508556	17861
209937	1758
185458	23743
351207	24113
1614	258
168581	12697
140261	15602
990993	14812
71077	2754
1229430	21674
26995	290
108151	322
1137234	11352
1544522	30959
207605	11561
65340	884
668894	29291
28307	1185
5096	418
69629	872
631630	7341
58289	287
47043	932
55097	482
215191	1609
155853	3540
173547	5874
326356	19285
144967	4982
1572327	98273
750784	39322
33739	509
8175	356
395980	3130
91680	1463
146197	4902
179627	1535
115210	2700
952018	7576
854674	27494
519842	17728
77773	3913
467562	4370
602439	23337
394303	927
56767	903
231239	5808
50888	6566
83215	8391
26819	49
106349	1923
631370	13374
490273	2995
45060	258
89653	572
70448	1963
1161150	21679
693104	1041
64518	10044
488191	27215
54951	0
161492	207
452034	8351
25468	1641
305822	13651
4384	98
638413	0
769885	5446
70013	334
148128	6479
101375	4537
19658	135
3018846	198270
15873773	1386645
899754	12377
9823890	278352
1201552	15798
1498	https://i.ytimg.com/vi/UqSsQO_JfPM/default.jpg
2204942	38837
740667	50353
2782387	26055
1422397	44535
266655	14126
10460826	160565
1271178	53254
6978753	351690
595935	23452
1045685	71307
4052349	95242
5263775	284784
1223790	40901
257182	3248
1625631	10683
568499	43587
474224	2891
606110	7710
703814	52319
231577	7348
221903	2497
389277	4031
495347	16631
1464448	39307
285694	6023
123655	678
760849	6965
952447	61740
102311	1858
1131778	40118
567559	26145
144531	3337
1023661	101977
597199	35169
857765	40450
4394948	57105
563404	13490
75889	439
508714	28129
211989	20937
283857	1206
957817	18058
1076	127
330176	3056
788025	8527
345035	1808
463911	37290
468558	40170
120797	740
116061	1022
559088	27425
355039	9253
814867	30864
71207	811
875365	23823
307578	26331
19303	613
832686	19569
858289	47715
196192	5377
683977	3184
873345	24943
673081	21375
264767	3296
113763	2270
506154	2958
101273	2076
355938	3164
431683	44342
217941	526
454439	26088
61222	281
1184777	113406
1144641	79338
757208	91280
1170888	15726
1298055	9439
217224	17666
1334580	43367
659891	28046
358184	5854
138618	10131
196460	4897
529303	20194
236833	5239
710673	12481
92320	5444
166269	1580
124602	4066
47	9
528638	6333
257677	17275
709010	46407
74578	1511
1059506	3269
83953	2288
99072	6112
342491	12368
765513	18803
467388	10472
179670	1099
77455	5399
103929	386
103476	2372
2882	98
1634519	7168
232099	9790
394551	39184
636209	1769
589236	25438
480136	13228
137432	3417
352297	24253
3111841	38688
272060	36607
925059	5540
278558	11843
72014	2274
375123	17612
418042	3242
206171	3320
65966	7595
779693	56478
53385	857
947741	25660
37900	2745
697176	20418
108214	1350
488356	3624
6198	54
503633	17060
211756	6230
31197	1703
48387	392
1277417	46568
59407	712
294258	8978
370611	1487
192159	7052
269103	5232
169726	8429
69699	0
107086	2564
216719	12193
305485	2208
178905	884
858770	19978
4242693	129304
39879	216
144	22
198568	12178
251008	15046
171950	2729
257738	5100
369980	15850
65882	3432
1071424	58977
898435	14037
130114	14736
34088	2280
1478337	50621
647925	3782
1469068	19582
391050	69292
16554	256
36078	3391
138468	9833
136187	5958
331408	16708
295788	8674
87346	273
103599	570
141828	13841
189106	8184
156453	9139
1562333	80362
118787	10880
2132981	113670
507094	4135
803091	15225
3968	77
530348	37918
238892	23931
195355	5160
244313	8377
175128	0
104465	6173
447	49
344369	12922
119997	8171
591166	46634
214118	3135
6366692	318261
25066435	1689628
457283	4392
2023140	22837
2632	https://i.ytimg.com/vi/UqSsQO_JfPM/default.jpg
1191923	49697
1017546	175468
337036	11257
495342	11460
1724626	85933
1106038	10647
14126383	521497
11861050	308245
873798	10232
2888509	47362
1440582	45646
230909	9026
0	0
2783741	125003
316763	6237
749359	18062
777858	90349
573659	25320
573659	25320
1404547	67576
566513	8055
1400683	36484
1023770	63634
228205	7823
310008	18416
1674749	50563
544529	8578
3967358	35316
287298	9292
92468	1338
532712	1624
1465006	36509
2279059	157509
1491571	58222
327486	2559
753794	2128
11326260	167357
2356039	13641
387503	17485
625729	3490
1207013	29827
515356	9587
1988632	89385
67823	126
798757	22008
4806026	107931
743656	30878
158474	1837
178593	6180
6091010	306502
1052028	69367
55831	1202
1463748	65419
2448795	29335
1579460	182814
330421	8971
569047	4077
979617	51847
1908303	20088
957798	46606
327529	1635
343517	3762
1902	265
2919347	344520
841028	55312
277476	19545
52135	280
1862357	41625
321708	4498
381746	22673
1277382	7322
1682356	43933
228962	10376
62	21
722748	8986
326186	38135
636233	4237
329806	7375
2831980	14753
860503	9063
73214	629
33	16
44287	544
2766261	115472
318047	3669
446801	11308
492465	2729
79833	1151
820183	48827
88964	7561
181282	7077
1205799	49574
1330576	43428
193040	9661
192959	2959
330197	6062
959361	4902
428026	8587
1138318	40378
288228	3785
328872	11587
37209	365
179824	3502
627218	4143
672523	14822
356725	2895
568386	5972
125187	716
1397891	60240
784961	27496
339159	18554
315153	25096
234614	3893
2934876	26926
349	19
	
140837	2197
10154	339
9644957	162299
460244	4619
164088	831
1429783	11775
634249	27990
836309	50327
185737	10703
101154	3032
481948	2800
3733	57
2737299	38515
474554	32980
215354	3940
78577	746
93330	949
1132338	62693
1070152	10487
98802	5849
10873	240
678282	37033
488000	4224
148823	2144
289508	16174
137185	6762
282804	15197
544249	29275
366457	8083
121770	628
804534	4424
232674	17284
825785	1286
254820	12935
257797	7148
74373	2987
415355	1772
772065	24819
608298	16933
957295	25391
870260	8957
486855	12513
304357	8468
456178	3761
87799	4263
320159	12539
59924	523
357179	3702
415086	10095
22659	688
995950	34321
1256300	76102
85782	2507
472930	15414
98235	2966
1326581	11767
33855	275
144057	7340
130404	7553
139957	1132
581999	9170
474052	51949
78965	708
419916	1799
742847	95693
180699	8019
48714	1105
106244	814
422324	6014
91392	785
21341	261
1288	124
565519	8121
776281	30805
46909	703
8551173	378970
970857	35299
1412847	37808
1945720	128539
2306250	63841
931511	14378
4265080	136292
1088635	19508
1349333	33031
32331284	1890561
1384110	29933
606590	46025
1550827	230923
2443489	25971
1899526	72358
466174	14697
210327	1553
340290	5625
3865	https://i.ytimg.com/vi/UqSsQO_JfPM/default.jpg
383086	1547
254205	5058
1777844	104774
1572251	14862
253118	1061
878177	149225
2437916	91316
660117	4604
923655	81680
940396	34437
2088408	97545
19259963	623786
0	0
448815	5071
1376570	126723
3013754	152566
1704418	50632
397920	11932
227314	803
514544	24789
217662	2495
644783	3901
7566372	55220
52051	372
354449	10536
1113717	12062
13310689	326373
3232471	51856
700235	9232
1314462	123555
1729469	83728
41	13
467474	3053
437485	12678
3269724	138150
56222	255
820231	12503
692593	9781
228358	9949
95234	1987
153585	5676
119993	174
1262214	17358
767932	81574
82360	1250
3171128	185722
228573	1231
65037	693
253441	7549
657762	4440
1738961	40596
55162	682
2827042	47477
173334	4705
1100290	67397
3232904	27066
750634	11666
2722786	102510
591863	8768
268634	15344
352287	11126
705768	25448
1707769	9408
1283226	52262
765278	62390
80521	589
2406475	97225
645290	1924
386636	9458
802880	19594
63760	1075
356417	2811
1851126	55355
2843450	246463
136555	1725
491388	34821
124060	1906
309422	2859
183191	4833
178364	9771
218191	2166
67822	5921
284432	10182
2751406	15341
109291	3138
340852	3977
2722	21
242479	15774
702871	2117
183884	4474
95426	2365
470212	13286
975702	36227
566225	10144
130757	7912
1635166	61017
459507	12182
227374	5505
215621	11897
1126906	62524
134344	5393
50034	2374
11915843	171077
134665	5129
376963	23990
88024	4340
1033508	7269
1689482	7324
115732	4741
30729	121
254453	17696
1757891	78359
171076	8262
442654	1946
72605	473
11006727	169101
109240	9267
954671	9989
673369	3722
101623	3239
110306	2438
885575	23515
2203	311
419119	3159
785	53
117	41
34489	1541
1215713	60509
65274	339
3380949	17579
1295359	39594
989752	8596
5299882	116299
124402	4345
1844814	53734
224061	1386
72955	1547
385436	9859
6456	131
150964	1069
46740	1120
1056397	10426
74182	5325
1427647	48137
4733057	445953
85199	1613
360393	4402
1131729	74221
369771	11620
249050	11814
56096	3791
349488	8636
124218	9494
983006	11787
671277	6898
334173	9425
156243	8456
531601	27804
72039	226
280812	1864
124727	1249
206594	1387
2958517	236333
110598	453
1453676	45020
300744	2442
140017	9038
7299	423
46085	2053
510633	74502
759270	15816
597085	6278
17668	578
1747997	68598
1050642	5776
225522	9942
194151	9853
187268	1035
155618	580
486750	1462
43158	206
110402	488
2358881	220604
2358881	220604
961607	46363
10585146	427301
28328	51
96832	286
3270490	166318
722736	16462
576912	25883
238433	1368
3599178	83372
933552	68178
1361712	69861
2379905	59493
461941	8730
2631360	153673
1416732	43387
2586909	304509
1852675	41342
31747	193
107192	538
423740	16999
754383	43756
317204	653
375200	6824
1316894	19204
968378	10636
521561	12735
3030716	204978
243664	1502
25813	46
1438054	24187
52320	117
655554	29715
108618	234
1745244	37868
189047	5329
242280	24059
750897	2488
39530559	2068564
159232	2885
4862684	145255
329570	27081
256284	22578
419821	14281
3108167	119107
269197	6176
1237086	71853
2025937	41926
336384	1708
181680	13475
542262	5252
765226	8994
1695899	245438
2505467	89286
986523	6507
630251	25814
349638	2238
65567	2192
1672564	118096
36700	228
726006	16972
209290	6587
2352955	122919
209338	5798
91540	4463
267886	1540
387820	3388
2974384	99236
111776	0
2615244	27160
4495	https://i.ytimg.com/vi/UqSsQO_JfPM/default.jpg
47	15
413652	18758
885110	10834
171365	1645
244241	3109
354381	1715
170056	1173
99343	1684
488234	3577
615683	12624
79992	205
89646	508
437830	5510
26946	47
178094	11551
1809498	17311
254469	11148
87787	290
106281	678
23645351	692631
423325	9121
7841	21
77248	2709
1152190	126006
61020	328
408284	16153
499772	27603
108341	693
294277	9205
219549	2037
2257751	102415
697623	16715
349792	40826
253044	1395
411199	13819
707290	5236
11862	9
298120	25533
1553323	135141
9021	476
3402677	165568
0	0
3613801	357998
86470	317
186935	16094
493903	5385
515216	16582
10655105	15417
50170	5206
38999	258
30415	422
200490	24429
43796	375
7978	59
300875	3024
1827582	53640
8821528	61650
83840	1509
1284288	13386
315642	1016
2172956	22796
243760	4006
1015017	13515
51257	4373
302394	4440
49013	2088
150650	3574
1744852	148254
772856	7335
88877	495
59768	435
90452	7323
47579	2450
1291691	89928
131541	1841
579051	26497
903198	57028
68646	0
2795931	131896
993981	71915
19649	157
79038	2497
14365777	340113
416373	17449
239654	6653
107065	4945
71805	1074
3824096	52547
3923869	206388
846227	50472
13244	84
406329	21946
379724	11095
583321	15468
478381	8309
33026	1972
4541657	45925
3439987	54732
71343	626
788374	10631
220719	10533
97227	475
172399	20900
206904	8542
862	44
256565	5663
3532608	144970
824762	24057
498655	33797
121371	1176
226435	7033
2114991	11576
230360	6468
1394804	6294
688352	3765
3587153	274260
12902	168
2934	3
209335	3345
111137	1016
27973210	850372
18639195	511772
375033	2141
3499030	238609
335156	910
241826	911
705703	55958
1513681	32743
91959	412
2277678	82163
8593086	305104
1530796	45309
74379	75
2548044	74971
2081015	177109
952395	46528
3333451	120086
224409	631
161704	110
1297548	15689
140227	528
53046	96
251981	19328
747944	32996
800657	48215
734198	22195
734198	22195
120020	1331
1094085	39105
12655138	467406
440254	23813
1015135	49672
653100	75284
384104	1877
193967	33231
4114875	88751
970807	19278
850026	17101
699655	4084
3154606	59733
284360	2425
653794	7368
1463091	59103
1541913	75843
669003	10882
797053	4182
15110	14
177344	11393
1521613	8523
475871	7573
3966744	88326
133284	4428
1435684	11756
2920661	331901
9822	16
3094961	73942
96950	509
70651	145
2091951	96678
199454	1919
764976	22208
591544	39526
2801152	160004
1583840	45986
865153	42807
646828	24051
430916	21655
580733	3538
10887	18
42	14
4183795	36512
495757	4357
139895	3365
1165612	12116
2822006	598251
3617856	229933
331187	666
113169	583
69752	3356
347281	9738
723344	14099
445658	11839
74538	793
80430	651
2350326	25410
261533	10906
126724	4639
569969	37162
534906	15469
2093287	41559
111067	967
118019	250
200868	4445
445474	8131
201288	3910
350800	9058
1087778	17302
259989	8046
44554	304
16606	10
102675	5777
746100	12652
70039	503
377776	1885
367019	2729
2662391	31152
1293574	20276
235958	14962
633601	2341
329445	23367
494237	3961
608973	5194
3483165	126507
963302	29216
70957	6536
339141	21862
854163	24256
821775	6618
418616	1927
1262021	13373
38508	23
179639	7090
1197083	67548
578962	37627
775447	28955
753	123
993118	3234
269061	1343
33172	544
298065	2108
507781	5224
124990	307
271950	3348
5205536	150437
2208587	179621
76899	5302
453092	1968
315326	1234
837912	31090
89089	411
16509	14
129360	4137
52751	3180
314178	4538
471522	1229
33166	896
705713	5048
22722	179
507260	49450
3164958	106872
300093	9526
180966	874
10438	19
1804337	254283
1229538	51014
93832	2516
1148200	7498
283184	714
483673	14019
276796	14569
46793	1327
1089685	44154
23795	1162
179189	21099
151795	2406
175464	4245
687932	31758
62459	2704
131495	3411
505343	8459
95559	5624
294988	635
200719	6554
763015	35604
1824489	124842
50241	161
16226	82
390261	1925
45998071	2195120
447618	20271
228062	6295
133384	6469
34919	1263
509409	6012
230570	2083
34341	507
361583	2264
141437	9291
441022	7657
57220	1089
117201	469
63943	320
2473473	126637
39128403	1077727
28572753	646405
6045117	327738
2310814	138338
452003	2580
12672730	115245
384978	1075
473901	7393
253819	984
2438381	43792
1006767	45462
187144	2264
2400511	58408
1596882	8510
519228	32083
127102	133
3033793	104470
108655	491
638274	25230
410690	10277
3336596	248009
10273003	337276
675378	1837
3906357	108159
498474	81131
4962861	158125
1613322	73987
100896	373
940100	37815
4135720	89057
1628893	62442
195866	141
1274508	11107
1116201	29108
992412	40107
337694	9706
428072	36062
174053	1590
295729	7287
230863	644
950667	54073
591888	29196
527826	17942
41	13
138977	3237
145496	536
677763	0
100207	784
211343	7229
56920	102
5202242	785639
699468	60557
235059	9096
366201	27008
372589	2117
67476	309
74205	584
537143	2978
956557	42933
65584	737
1004314	50253
1004314	50253
505174	3417
114655	594
153493	4560
157390	1455
555433	16329
317411	1542
297288	5536
2671532	24562
744839	5118
139142	340
376738	15008
171554	3325
31645	168
167761	2502
1189436	28592
164643	5317
798129	11974
403533	1938
906064	91114
12298	349
195102	0
74844	664
1194233	8121
3719408	65603
640689	8860
191499	1860
1694506	80827
947700	30013
241899	4439
417064	17701
2528539	106223
1242854	47423
301162	6022
754	120
1263320	132892
106136	4000
792	32
19008	144
100757	242
369717	2666
21823	21
5353	352
200959	25634
821865	46670
3836	65
525	403
72891	1386
77223	4667
256906	7116
227902	4132
600208	25437
751001	8244
4930163	49314
665986	11939
999410	18274
272747	6822
857918	7549
4203581	91331
2196193	11387
213560	11589
21529	243
595335	5898
206647	12772
185238	21239
810302	21878
2158723	97815
3610250	82819
243126	12077
160713	4962
51081	1670
562288	34151
438015	3878
14380679	493570
1684247	47391
168132	8856
163602	4087
404242	3571
2892805	163125
9665	506
440538	2155
73238	146
8237	912
283726	2276
122900	2020
142146	549
61257	2777
359149	8855
66046	773
41885	195
96752	5987
383173	18156
72429	3104
123005	8001
477235	4043
14846	1108
1684447	23057
111147	326
170101	24297
2865977	31132
15482	22
201457	1580
1413873	13195
470930	5727
3883365	240253
126661	8126
1634672	65559
280729	11864
282857	2682
32837	1050
320224	12275
110172	1461
97219	924
96487	13649
68067	411
55814	2548
107558	917
185038	5332
947745	39576
290027	2681
332948	667
1232584	18923
86773	1390
21642	1629
2136	81
20049	791
166798	2408
86185	6089
1129965	29473
148581	1129
19281	2042
290886	5076
310480	35704
430158	11265
45759148	1166898
1221360	6952
3467236	188923
1401110	14682
7407660	361713
986671	51293
32679759	689920
1683922	109892
931783	48228
2203207	41213
217755	3123
753987	22252
15221953	158861
1491799	16709
1558082	38649
1012873	19339
408178	1164
262472	2870
1158972	37783
928903	51019
826348	0
961594	119680
246075	2714
423176	2685
258719	1011
314485	7332
588506	34791
281998	11174
771892	77338
393466	23649
383145	27861
891697	13655
155710	1182
488217	11226
234972	693
2827327	17987
3686111	124958
246267	11453
135270	156
5733673	173998
3750572	267582
73729	1139
886950	59397
834139	25029
573219	49670
206992	1393
608110	59725
134135	2039
217155	8268
2251682	12639
115236	508
451903	18925
0	0
219810	9313
11201666	352228
167063	3419
4151225	89268
600145	0
490555	2670
65403	680
1158545	43467
2091484	73100
316257	14058
224527	13564
479270	12690
1413344	84499
117043	710
501604	13684
395890	12566
839508	22182
358200	1659
393898	5736
13156243	211962
318288	4869
364774	1276
1368377	89774
307430	8623
94756	564
60351	1712
98610	1677
169706	7628
89232	670
9910	1386
136743	408
93783	2581
541045	5783
506658	8456
624	22
476523	11291
169123	3177
1279339	31454
208263	152
70997	406
179538	4412
357348	11618
214373	14044
697769	3148
49367	2538
120162	3688
855396	44117
1656878	63546
4404383	118205
308778	14285
281348	20914
65773	500
142088	1065
6617304	862784
41647	1454
348539	4276
117565	561
525135	14873
160022	840
574433	13188
84572	3555
266619	46836
156019	578
7402	250
134024	1008
905640	18287
995913	55537
789259	7051
163786	1329
331157	9298
114082	9032
233698	646
445775	3778
165420	23320
234652	9998
234421	33903
346095	42677
129946	4023
374720	17142
39146	493
69343	1890
47961	3410
1611481	14750
139667	3981
295137	5342
618443	30057
57	17
65725	2136
424444	3652
599916	3888
276628	2783
203235	2455
146585	7507
498007	19150
137904	5168
138489	1614
62549	3603
23831	1852
83022	2282
58673	107
37107	263
1136993	54415
230993	6777
398849	25636
31901	503
3091696	28955
331688	5643
132955	418
55279	782
70442	477
303272	4062
1112002	43121
591285	35397
637434	22570
688120	19352
44769	4870
275583	17796
3975001	45215
334473	29792
161076	1416
219302	6183
3120952	214632
40815	180
121917	4157
78105	28
377169	24718
270372	2749
38969	206
41954	1956
108971	881
71038	284
958445	63210
29703	622
3552	78
3552	78
623924	24731
423571	2810
515622	715
366897	12590
31147	43
1159052	13256
1860256	86472
394803	15942
5907608	564195
1180658	111042
49185287	1204864
1331385	61271
1865492	24020
1763006	9644
194372	817
1929313	24866
1219	https://i.ytimg.com/vi/FeCjf_ZxxQc/default.jpg
674824	26585
1623907	69688
4468145	226864
235396	15218
275401	3975
1006049	24616
1388471	62191
8301449	380100
551828	34880
243665	1049
36202030	719461
641237	18760
1010295	26854
545676	27014
956609	80102
1617361	89138
995464	0
1979892	118256
2436889	104689
274290	3698
781539	52002
2421066	52354
444352	5021
319913	12634
157763	5231
441287	11937
17787692	193931
1045742	83138
498014	2865
5413	504
19342	730
988	https://i.ytimg.com/vi/ZyuUdvpguiU/default.jpg
811295	42748
493677	14916
425527	26879
1433932	26210
316753	4954
1605141	73053
1367342	188629
510743	16505
94074	200
623759	3083
35606	412
2224282	24083
907447	24417
416904	12074
2495884	23910
1442732	97447
799711	4390
447212	15074
128442	2173
826281	3475
153249	5333
335705	27009
70644	882
177598	4823
536089	17197
620344	29431
208250	4287
1164823	30133
417969	36503
580770	36681
380393	3461
120101	2308
519405	3535
140690	1188
417903	1190
2360058	132481
187206	3665
73	23
1290542	138151
512527	12977
523977	13077
89370	1854
125519	9001
292015	4616
326834	8642
128849	910
119738	796
486	54
611883	13377
32775	137
385068	12835
911851	40916
282571	9253
958030	46390
383352	1464
53379	1305
79117	13496
396658	28623
6075	384
95182	1797
254832	1278
621690	35925
906312	84670
399885	1680
1244633	18718
1170800	69955
581068	85215
317261	11763
83517	1316
384695	23603
220819	8398
576824	21037
3073306	91776
702	69
473961	34344
126449	2306
778339	25196
77495	200
1459129	25444
224002	0
88323	4235
259905	1014
83473	6034
828677	26231
288612	5352
347446	22807
179290	16126
470715	3215
351026	7574
899563	8799
167477	4788
29183	1384
19975	133
10527	97
1249402	20921
422316	21343
10571	118
388651	2766
71543	2412
4001615	279386
35862	987
53843	496
103	https://i.ytimg.com/vi/GbRlWwb96S0/default.jpg
141413	1305
44535	1153
282819	937
168621	24661
10408	566
345128	1985
242908	10097
427013	8109
187411	6393
134474	5574
137635	158
40467	1583
40103	389
124023	886
1800365	94704
206816	6118
251001	1824
327364	31151
75544	3842
419886	15461
197929	1084
152099	3041
17050925	276266
4162362	89426
795816	62043
179551	2442
2485605	13885
17134	246
335752	43566
351261	23354
128608	415
555497	6629
153581	1390
89926	343
1514175	26023
124668	4990
466857	6381
48543	1285
156206	12390
12229379	365593
111674	5801
12711225	335567
84000	942
672898	13684
239453	1643
1890073	109258
19535	213
688900	9978
120424	362
76336	2400
51302	2823
595648	20637
0	0
11618399	799276
1974666	158831
3473633	42417
2511515	102301
536896	27380
472533	13989
549517	4703
1071238	32948
1958	https://i.ytimg.com/vi/FeCjf_ZxxQc/default.jpg
231906	1924
266017	6996
418959	8891
460137	1488
2211668	26318
393106	19982
492709	1887
2947475	153121
2354647	28485
111933	3383
1245985	14657
1991585	10918
392272	4931
51436997	1229060
106668	1064
2249738	151572
2686518	114527
185986	6668
1009332	38773
1646472	109282
1930181	77042
1061853	24494
5306761	169382
1475090	0
1566539	32753
215973	9353
264184	11864
113316	717
104755	1203
1906	131
5157815	251129
127004	625
875334	14130
64541	286
532859	21172
2067478	7678
758119	39861
1460755	64367
472062	3487
67938	119
9118233	395198
1313449	73336
1309425	5957
754486	22943
2312260	258118
347989	4987
2906701	60963
371020	5903
322136	1785
39207474	742223
1385873	63928
1127296	28640
768736	19034
72782	880
250095	14448
406689	26477
4745702	233508
872827	20788
660695	3672
2237519	124748
528635	5572
237198	12095
5635627	237235
564567	37538
185240	4171
280510	4218
222456	6348
226775	8750
1195779	0
1888603	16021
348110	10087
977085	34189
5127	615
62	18
166744	10745
302625	3981
55841	4453
425234	15116
295888	18810
137057	11325
131155	6453
1832142	39696
157301	4175
1943231	81810
19063679	208485
96050	759
1837557	32708
10	3
232375	7409
78947	262
544368	11356
481341	2597
7455	835
6916	966
21673	856
2146544	28177
645077	4888
746391	20013
218183	6730
591666	15073
130920	7359
1405	https://i.ytimg.com/vi/ZyuUdvpguiU/default.jpg
3064808	26665
25220	158
220710	4774
1727428	107222
1938197	38837
33334	626
330684	2703
853550	3935
153990	902
347163	2885
827278	17184
326308	2389
690704	15307
71046	464
341047	13573
659536	40381
108177	3463
80671	2134
3209475	29769
134234	2828
2048141	131854
115791	671
121737	964
675851	20021
333785	949
47207	3232
488098	15952
465036	4087
405089	10572
1615473	64189
121759	1396
36	75
9156	676
324477	23266
175499	3580
166169	10892
1320358	12442
56070	1134
61186	491
256922	8152
148438	2055
72462	594
1519869	152854
252583	9446
232336	5398
167199	1035
33329	2000
37866	215
91847	4060
711182	31927
232957	4642
486199	2486
990	88
10621	527
911015	54485
262000	8443
23890	782
926006	43641
111783	2501
164629	1359
3256	26
422970	1196
3289705	157293
695	58
243482	4212
58116	1585
329685	20043
191868	10460
230431	16061
1004254	44412
2570448	37452
703840	12362
255380	6695
101073	1326
1467834	78980
609584	45930
5884	168
95004	1823
3889478	103201
1121046	3223
848734	107012
2585434	38661
2663188	74504
13160652	70389
5942731	64781
3181	252
2510410	41080
1436775	30092
1580518	22274
2823761	183160
16809675	945890
1049803	14804
1317863	46535
2347770	177838
896539	27847
351634	21174
3376181	135959
3961637	248059
476253	3417
425209	12034
441014	3781
1424406	37024
1283073	68052
182861	1466
212572	331
347678	2578
711237	5709
2216186	11614
668064	16873
3085	https://i.ytimg.com/vi/FeCjf_ZxxQc/default.jpg
726249	56212
285255	13324
3236020	28465
525086	25074
1163715	7564
156883	1230
1457379	48970
410300	11713
377447	10732
378928	6791
667495	2393
501614	22651
203674	1239
812335	15841
585961	53604
2427232	27742
3389630	163485
508736	1633
1904013	78886
317062	11598
579673	3461
1597356	20583
1085040	44645
509830	28410
230697	2059
1103530	35110
142432	11044
740078	9320
700255	10422
2695387	31034
3511171	128773
80479	414
441414	12751
538766	15150
1122108	41480
8225526	222886
101460	1181
2036546	121372
6177	543
928634	58606
119110	174
570793	3492
510354	19132
109019	535
152430	4684
455425	5403
2129711	11773
109961	903
143581	3950
894791	29429
248955	12807
357116	29274
132364	7198
53071887	1243479
66937	656
575435	2649
2160833	82516
168599	9559
372136	24704
87996	429
1025468	49536
2847	20
312396	5613
1082077	81223
455997	7416
624752	5111
196411	7135
3922997	23959
2819	226
495731	6866
621477	5615
122716	5685
882875	30202
833637	5630
366520	32642
979035	30612
529690	5479
14	3
516701	1942
568972	4166
259731	13779
1882352	38165
650014	3985
145759	2854
234217	1540
728311	12637
254983	8460
749798	16512
515462	3170
1564191	82096
29749	1494
90294	1999
131629	639
2734126	285714
357	https://i.ytimg.com/vi/6-E1D8smzMM/default.jpg
409970	16672
514555	46962
1502956	65599
109752	7325
1823146	80134
609188	22907
445253	15467
250464	4988
91822	915
550132	39339
1129651	19682
194715	9821
41523	763
936300	61761
56970	1144
2119311	15823
426450	3294
1366	142
1745946	7668
4749	190
505963	30642
509143	26802
96614	4195
21616	31
9924	121
71003	2405
295087	3201
6893619	282829
362808	2322
397502	6252
82573	3243
520018	6582
377848	17989
110139	905
38089	405
369028	2895
3906321	75225
418165	6414
517876	2249
1575421	0
860109	20335
258981	46852
606722	2943
2524322	32092
5898317	273681
84930	12290
122696	895
2449920	49061
70961	1539
1937651	17175
291226	16268
1752	https://i.ytimg.com/vi/JoVcuCChCSA/default.jpg
1204767	29780
601402	6005
9813038	407161
355820	12381
8858460	363646
125384	2771
61288	1907
276360	9880
698574	43130
6813	124
176992	10046
1858115	71650
265645	7008
5022	11
35527	2561
139830	5194
24983	137
127254	3668
397909	11452
226717	1178
482999	16519
3851171	58358
1566067	25123
1043554	54437
657648	11547
1270699	121212
3569446	89308
7722726	78500
918677	36968
4329	396
379837	7060
2457390	28114
1957622	25444
850563	26176
2857368	45618
1767772	34271
913543	22608
507506	38316
3030698	190367
142725	1456
20087204	1024328
742310	15675
559539	55255
849186	54898
820724	32810
1620564	29648
283792	32145
1696331	53091
2171303	200171
360719	3993
607756	39214
901853	37542
266492	15062
1010406	29627
3550123	66114
274578	2850
134320	2370
2493274	184093
661431	36587
301109	20446
361591	2276
380893	31773
832602	2079
71398	543
341937	1600
5059553	296745
339985	10676
121129	3043
576969	3987
565347	14178
734844	43119
49	19
3896764	155622
300335	13744
244140	15210
757995	18070
108765	595
346165	19309
484981	4104
1617280	38816
1066234	75853
709569	36120
40153	276
1967160	64417
102054	2993
372742	4644
8528	51
445160	13186
2229357	62593
289010	1864
669676	4636
409132	3004
501298	12785
763383	6026
80808	795
416181	3024
437516	7737
226682	397
36930	467
1098031	25164
159074	2691
1160873	17721
456025	2634
297360	11221
794272	18533
3324	https://i.ytimg.com/vi/FeCjf_ZxxQc/default.jpg
90149	557
166749	12918
257627	2620
61422	1796
521197	28365
365703	2671
355419	4001
119700	394
1322968	8639
133641	923
4000642	32565
309927	5122
26971	880
224264	6175
5730	41
251555	1431
116818	5239
54648	195
597870	5048
56101	2706
106273	6121
143398	6241
501185	12253
1063321	11291
212904	1391
742644	2598
610217	9433
53007	1820
132264	1044
562596	22022
348218	18420
10567	374
213	16
595594	7261
22132	1143
70822	6643
592680	25117
188354	1442
983132	10911
4066516	248635
87560	896
120074	7885
704008	33695
2486637	157941
280603	1498
359807	12401
720529	3898
245333	3620
221757	10153
167	30
2214	33
2036607	82019
1207050	37522
156956	10404
865691	4790
287163	27154
33947	2669
690008	58994
3566648	166752
170648	4600
853853	64089
977264	17458
49180	4500
1273356	12130
66643	2789
75445	2382
323665	15041
15951	79
4293581	138859
75236	1412
1723902	24451
52659	5473
341551	5298
2275485	18501
52611	1149
246461	4633
382919	8356
54691	153
1224175	69553
97290	5462
144207	4378
453402	27979
319938	19802
1035806	7584
10659997	256913
465864	25026
49029	2448
3929195	143146
2018-04-29T18:50:39.000Z	DIY|"threadbanger"|"Corinne Leigh"|"Rob Czar"|"how to"|"man vs pin"|"pinterest"|"pinterest fails"|"pallet swing"|"pallets"|"pallet diys"|"wood working"|"swings"|"outdoor decor"
50231	1292
38320	94
166021	19881
172444	2812
11105	1181
118247	2498
98822	2432
155359	2362
292124	10985
49825	1484
2258382	126532
35388	131
231381	20156
310539	13134
564096	14535
154228	1393
74356	2379
726461	9735
480831	14287
208554	646
243851	9376
122158	938
5336	6
7857491	293005
3134928	88904
5221478	154957
1856100	24240
5041913	76482
3976537	55456
3095476	218769
1005857	52798
316401	3977
1736967	21055
1996240	29101
500984	11027
1187692	54918
2188644	194014
1723061	74501
1564546	115553
437750	5484
1733643	54616
1776298	118583
1461942	67531
16188635	87099
1510518	33229
2670485	117768
1410392	34746
785408	28618
954255	40653
147487	4409
537330	9262
3926018	95491
464425	10858
9333942	88759
175228	5005
837064	57899
1113240	14251
5003	488
527491	19306
746495	47135
100638	608
3163583	33552
379166	38492
154591	10906
127374	987
2290525	27898
60	19
968408	51071
711062	17957
660911	23622
302106	10004
913742	722
19686	137
2085215	58406
1985886	36847
4348230	100507
354397	2451
84606	911
478559	19694
264029	1345
523623	4822
23543061	1095529
47957	170
967386	39539
301297	5011
1068079	39360
214262	2963
271667	6304
279156	2723
427826	24086
3180704	195536
968325	8019
228415	4668
361551	2538
339550	9585
414137	2468
270450	16275
2386614	209943
96721	2000
200559	1942
344102	10124
252044	3745
259982	6431
1021651	41105
3504	https://i.ytimg.com/vi/C5UXFQG4CHs/default.jpg
523084	39682
31755	435
1141235	52016
265392	1393
132444	275
136093	5226
497614	19179
518516	14331
581661	3132
128545	8881
66461	1137
21857	0
96980	8873
389274	4928
248434	4322
389678	12156
131648	2110
2942269	688754
773016	5331
559192	48381
423870	2955
0	0
102989	852
1090529	30807
204488	1690
2618268	96179
426835	1783
12763	377
2573890	187373
71	11
1172	72
97802	8614
460554	23059
155970	18387
6038758	333973
208573	1627
812088	13428
200613	6569
170744	3622
447518	10865
63119	3701
1304114	89953
440532	2762
79912	652
89083	1005
5657	394
32077	886
799043	109692
333711	37076
516153	5428
25337	372
381918	20005
163679	11265
55332	61
713400	4684
855410	34163
350333	18178
76996	1491
915538	43485
1861866	28646
120880	11034
4359	497
33975	1427
86249	244
161650	3828
442403	12365
93961	742
22439	212
652590	15477
777	53
92553	1434
124321	4019
174167	20252
138046	2323
276500	24720
373665	20291
1829630	40631
167	21
269367	10274
4549	180
65696	271
11425	69
551854	44065
65177	2278
860225	19269
296399	6833
61354	2734
131867	6981
60963	5619
114412	3054
342653	10956
372183	3135
311776	22864
36438	1288
285544	9916
49640	3104
2585045	68009
647363	31036
699075	14775
493269	4178
1042804	96641
175951	5497
14539	126
111141	499
2750165	43147
207264	2500
64381	303
127970	3304
36877	413
257545	9461
69210	3200
15249	72
557838	15306
228665	419
528835	14879
193924	822
5434079	131430
12498037	373876
938335	28368
1092104	27783
8751813	215766
2211726	92673
1541536	28230
569247	12236
965562	131834
1182937	112995
2016682	109687
5568135	308783
979323	17369
479666	12024
981062	42983
1170258	16125
5899701	74356
529362	8776
1059996	18611
1938370	7140
645488	30013
2723768	170140
5518108	82701
196624	1623
7172963	265720
794722	21182
230315	14734
1927042	72423
478905	10419
332444	47233
2532238	46392
3885038	40798
205861	1703
1171247	32920
172285	2086
448679	10854
499248	17464
1020761	20342
2039369	81095
479801	18613
2383025	209757
306339	20684
766096	27477
500215	23541
1408866	138084
2497215	50414
1313039	38218
512981	8188
2219450	2043
344140	6490
2089776	131931
60	26
61828	734
1026868	124064
132160	1109
226645	6680
1862625	39112
185264	2112
65749	366
18814	135
3157704	130225
1178419	46549
687808	11701
498381	15420
143445	1259
219508	7471
359997	2119
359997	2119
387189	2240
1830427	20998
101808	8587
515711	36362
456	12
10394	11
848005	2627
77	20
214194	8507
574803	12773
206342	5043
1109887	118224
1143941	70806
995733	31362
155135	12270
143616	1566
4159337	99434
893378	34599
282	https://i.ytimg.com/vi/aCdP9Q8bOjA/default.jpg
13009	346
671068	87180
413438	2908
5770	25
306321	32011
194887	12824
1105742	25186
323432	8390
481768	12179
221804	1209
974269	45334
13554	86
5400	576
97747	817
316954	16105
43324	2807
279710	14736
595731	16028
831531	28577
680630	42959
293128	8334
81017	2006
259853	1768
783581	40131
156841	1581
246900	13974
813948	4091
197934	5503
434739	9787
404348	3821
177345	9327
88835	816
807577	5487
229187	10039
114581	742
483306	3098
4847666	128670
384466	2466
1164806	40985
3654225	37037
465547	23010
297653	5727
95944	523
19700	1730
44408	1673
122870	738
845235	49669
501	https://i.ytimg.com/vi/5rV4plSk3kM/default.jpg
391713	7055
500854	5803
558423	5086
97398	4651
2459439	62868
102988	5643
80589	912
450249	13276
231135	14149
120900	2499
405268	39933
752455	3783
117618	4918
2652797	30597
6421	477
3631	152
662264	11099
32890	917
134526	3041
504429	26315
176181	4007
135568	123
291200	5887
364131	3684
863623	73424
241892	21220
43273	2037
3009536	47336
10101	1079
76878	4196
1028835	52828
210865	4630
194181	7005
64477	1014
386270	1253
512965	9923
43649	1550
20677	142
1056616	42275
540602	15322
20525	1483
92276	6263
597372	28767
2089939	37996
173178	2205
189016	2882
151626	1779
180325	7466
126568	1220
1216509	44259
406700	4989
4069	269
361070	6116
88528	2556
113020	932
358617	8708
163171	746
585418	21074
71268	230
1300526	13278
145565	5483
1948296	21632
3537505	120237
6501880	146981
2031524	46334
1652743	42410
2465294	99973
2465294	99973
14595707	398881
271385	3268
2181606	155960
1734907	8687
940552	27092
3746236	76652
2250464	157590
1399502	169651
920187	18269
764893	31653
279222	5079
1436649	16066
766494	19136
10385603	236413
892804	65432
313692	2507
2868138	109344
572353	23189
516997	4448
1274203	15109
110619	244
7017426	353714
1383902	54032
1933603	34472
1179874	19823
4177468	251247
1507494	23750
810553	18896
2625095	10855
7627332	73086
1160207	43551
171931	4765
435906	21501
2716321	38854
742553	4390
618557	24153
7582775	87031
3875836	58634
729274	15928
2966107	270246
725382	15153
1348288	28612
405975	17023
645124	22445
262367	1959
9407979	329165
388954	41429
71006	504
758539	25434
451237	15925
186781	2147
1492987	44913
74128	839
460333	7526
954925	91348
499845	6450
69387	335
764065	32175
1306052	9289
169723	1018
542751	2078
2154017	77311
46769	0
538799	8566
1594968	171521
64190	7838
793755	112065
14555	344
72	8
81479	1295
349920	1728
1316876	35851
330449	2470
67113	1099
200542	4366
120932	1700
298162	9352
561653	13509
292849	18906
66513	1838
391450	24423
500022	3139
409742	12151
112007	1906
42951	577
36613	593
119818	736
504952	12986
393285	18757
7	3
52473	707
116529	4780
3367331	57268
597953	12148
2530830	467217
209660	2208
462302	10257
132111	4548
165131	3497
131947	1392
102999	1097
165434	4281
192329	9220
2780558	2360
2166682	82810
758035	49494
51768	2537
2465340	216545
296408	14735
244001	10777
458372	3561
79077	4276
100551	1038
1110979	172079
1465806	141158
477099	3575
753680	20022
100272	524
242407	15936
1720230	160862
63458	7487
230447	1873
720476	91594
843	97
158567	15274
268109	4110
1245893	63739
461125	22346
2235760	137613
325949	14739
346649	10113
159069	4057
591892	14620
5738922	85699
505716	4264
390883	1796
62534	333
2081705	42398
206097	1654
81640	622
284568	2980
716945	14534
1060104	53060
506086	2675
743359	46648
106808	6161
70022	3150
3432404	136975
64075	605
86453	4617
152798	24569
68531	5327
299983	10713
757275	10242
783172	12946
31172	2454
806370	52197
498976	22370
122511	2655
29208	1004
787340	9603
4704	510
226827	2491
127745	7297
280509	13750
1155899	40052
496367	16655
29071	195
6853	834
21836	13
42550	2869
43677	2621
782854	27253
200363	844
289089	9472
216529	5384
228814	36546
137741	10466
2561575	19275
2007069	48999
782	39
50012	1169
708610	42225
64125	582
67316	962
649592	38273
38292	2252
130512	4919
1206	339
64812	720
377373	9708
99212	1172
7562487	208885
5294561	347650
545408	4356
2435120	252379
4415886	137685
1831293	21615
3846982	19110
2013252	42591
911963	39518
564700	41813
2650284	58708
2650284	58708
7105747	153667
1965017	49411
1898762	243769
1362825	56101
392262	4174
1810185	111542
3114739	184088
3215567	195559
1095	https://i.ytimg.com/vi/JIIiOa0wjdE/default.jpg
2033836	121001
340109	6073
5537528	105104
305230	1408
1124015	40625
538996	23810
15906260	411623
356380	4067
6988381	317383
1574834	185239
1212167	38963
1175035	22689
1105839	13154
351406	2828
833027	28697
147927	4675
332528	5793
407427	2951
472707	25202
8794447	400371
975161	29062
243443	11470
673534	27216
673534	27216
1079622	70902
186675	2934
3367813	122673
546775	43538
1382859	15806
198829	692
229205	627
161590	1913
1409647	23210
292582	5778
1429	179
356184	7351
111435	253
549966	17276
59213	1157
872287	28629
76314	939
173390	981
2217819	39213
473701	35594
185039	979
817323	46384
191524	3932
126282	3030
1421594	98518
564959	12997
160703	2622
356468	1689
100268	2197
144233	2315
420203	56719
4894651	65900
1542333	154616
200264	2581
791720	14107
4713144	382021
811785	21641
272627	7160
523731	7364
221219	0
911637	18986
399705	13614
952880	16909
196951	10307
921440	28338
469688	3925
584954	22124
21	4
42583	217
95	18
152073	2995
3457824	12428
248798	946
70591	6766
2782899	14192
190573	4816
1014498	22415
246884	6951
106954	10891
576237	5320
504252	23217
483800	22049
9134763	98698
41533	427
152244	1040
1117281	3132
398623	34257
88429	508
107805	6613
142083	4606
781251	4496
528651	6093
456869	45665
154863	1948
209233	391
1418661	66578
627995	15493
610942	1783
35998	175
2260075	199123
18248	673
326048	5340
491487	19997
39035	488
42546	319
104424	5705
42813	532
123866	648
5161427	316698
719421	3691
886005	28934
694408	9699
4379220	586634
283514	11928
553759	4371
104193	6253
116344	10647
762668	7542
15873	549
260485	7628
660048	7519
445099	2994
30967	1652
236139	31168
1177453	20245
179906	1073
138543	9104
79867	3755
390368	3660
619269	9228
839220	17184
108967	309
225433	9601
170643	719
91033	535
134638	3443
216387	1858
83070	5721
9542	506
182925	23640
9864	675
163829	4269
2580854	17711
424490	3411
147874	3051
894782	26826
1324807	91775
23280	1046
804000	10297
175190	798
105267	2914
94181	770
883804	24960
2368098	81069
9585	249
502320	39360
833952	34104
312343	9908
1221755	119747
425010	18555
55008	2174
31210	196
86845	1965
80264	665
373543	26776
4808	96
78937	1441
382737	17360
54676	358
235208	1529
2142872	48280
224589	1838
160973	5697
10079114	264868
11310513	512895
546527	109193
1282470	184010
1094024	63337
785439	5795
3570360	317677
919517	12028
464130	1972
622686	21844
5564463	156830
462746	8927
1166508	28233
5563298	24723
432487	2720
218124	9123
2269432	24124
2909280	50029
1223439	48153
3074212	319425
442115	19553
1707	https://i.ytimg.com/vi/JIIiOa0wjdE/default.jpg
4425659	60881
2707088	137686
2161461	82725
519039	7098
1784752	52681
313013	9737
2615080	60081
3100308	65556
967490	10524
1885421	20222
2401553	58922
464223	9699
534602	8151
2923232	156466
839464	14161
7457592	157118
7457592	157118
4003711	207454
460597	4685
46025	157
402293	5045
100210	969
3533152	207357
9947934	370275
418260	7000
289133	18286
498213	19146
233063	9104
668933	8970
1208030	27083
70186	118
6087359	127415
254473	2176
392451	1584
1289320	43863
271095	4938
126168	2214
51232	234
2099662	23683
337195	1640
1926808	76981
296730	8760
65018	656
533111	8070
3129644	136624
249440	14715
1651724	85332
16773458	419182
567848	28155
75171	854
163363	410
78	12
24291	129
1598475	17015
520162	25828
1761794	198411
1201775	12279
298987	14085
1123684	66170
472833	4321
1390875	25854
468360	10699
15	9
1831784	32844
826605	57327
748172	5431
510174	19234
115320	3278
69388	1149
550891	5563
850785	4915
468666	4896
818497	30798
151640	3807
10656598	439734
342985	844
624495	14775
249746	952
384671	2967
562324	10686
117721	1355
982049	23414
312206	9313
1212574	7438
1779960	58995
880913	53281
1184367	11505
431551	2454
910961	29905
1211713	11671
137667	8216
141378	4933
523129	2600
1091927	31593
420	28
2079061	173513
184586	5389
244892	3887
278858	4058
1339949	3501
534887	8957
90160	1648
2189	280
90340	5412
152	33
77819	447
376965	2655
4813382	15125
431073	3065
346182	14622
1854588	147435
912761	4804
317624	12669
272666	1603
601662	6293
413374	2762
1070493	23528
335159	15593
61040	757
133558	10165
102863	1157
71691	524
5714766	443219
248797	792
438251	7135
959700	33775
37203	3663
50111	3352
691720	76782
442091	3518
1004505	23920
1177596	22483
109273	695
1892371	45297
819426	29746
341269	8077
2453120	43429
708973	14131
841698	91115
8753051	430210
706350	20911
240115	1162
217112	1177
1233596	16528
272389	5296
569	150
209397	4619
166754	12279
465329	5377
2206	87
668073	0
199238	850
600089	26722
1005210	3268
1242895	5388
244830	4447
5525	957
2480775	33329
124676	3566
1171185	35110
196998	2699
60127	262
1062138	31640
1322886	30409
779474	43732
482011	6828
315934	12155
13110	18
414753	3982
174916	13976
742966	20610
123153	11855
261467	10144
36325	2535
14171087	801866
2481124	61901
12209261	309765
3242681	337862
15135153	587823
4914327	64004
145894	314
1697268	20292
338028	27894
1325028	71864
272440	1359
527843	15660
6638874	35242
3279645	60785
262321	5585
975393	48598
720957	2869
704677	4444
877166	36125
600191	10340
330718	17405
7523578	90492
1929736	6691
781314	26653
296110	2364
871869	6180
1286386	13155
656025	3689
10666323	1956230
544903	13587
260461	1668
3997688	339682
1001981	3890
406246	13064
735370	7881
922888	11666
616709	10696
2103720	13222
9540	82
78043	1187
441019	3652
89	21
6412878	168926
559101	23837
5800635	10238
1046614	93643
3537321	155085
841568	5243
844542	17139
6995455	27862
412564	15239
432567	26829
3551807	55119
34	3
89173	669
2507	https://i.ytimg.com/vi/JIIiOa0wjdE/default.jpg
357595	3060
2487489	63082
87675	15374
3566517	345433
54712	314
242656	8009
207586	7308
2507350	25527
3120005	70098
435733	2380
1288989	50219
299316	5216
227867	7782
119026	163
364151	11632
2529307	88143
454761	1859
770325	4924
1076507	17196
43902	1789
14168	370
141026	2508
3045684	21070
2652364	16289
1753956	16012
603587	65807
5213295	235675
50660	1493
403633	10446
3697785	178722
95771	3886
404890	23349
2160216	21662
3682919	112306
1105364	81828
165176	34756
739511	10764
783912	2535
706938	24414
49575	2562
657725	18424
4295	37
79699	5569
1286705	18550
450244	2270
562248	22537
139011	5473
161370	6020
2741708	65371
105687	677
209791	16017
12761218	413330
381288	2709
4723527	172091
122483	5441
379521	2797
143289	722
710487	18295
101526	4435
28973	2167
308126	2353
137595	2122
76022	0
1909734	15638
444721	38394
3335112	68562
50859	693
203079	13049
476726	12210
256922	1725
74025	1364
381934	6865
395177	20477
12014269	497325
185533	2981
696662	19212
5879	165
204780	10891
533	66
650712	9044
87981	389
237412	18867
237412	18867
269122	5799
175604	1426
36867	741
232115	481
505496	44675
446206	5460
3727499	214545
2242	535
270245	10040
522641	5132
130037	3506
617990	23510
32232	960
195231	8960
128901	1325
172075	6561
2143972	95121
313861	3282
6591254	131147
2568372	26915
517360	29308
935753	8861
2639145	40259
291425	9175
466648	7486
1394118	45658
285495	9562
433825	7582
82288	1238
670012	9401
163901	998
58723	1757
497544	16557
183771	11309
34410	2203
766401	3493
232410	1684
139023	5814
157469	6730
1170705	115478
26224	218
664528	6282
1039977	8754
6880	17
82041	1670
633472	30223
60066	1475
153992	11794
11656	486
150800	2432
611	45
685168	11589
1938369	209325
587492	19212
2640906	186588
255490	5086
1801207	18383
31648454	1405376
954230	18357
5589612	253734
4065061	85048
741621	45089
2199442	189044
13912625	342113
412312	44967
4523214	379798
2692009	73472
3897007	380671
363149	4368
655732	43041
7070689	87023
217859	463
558017	10712
552333	9738
14112	168
148345	343
17678167	630645
1539248	63272
1158785	15453
561464	2385
6494	494
258027	5584
2773574	9513
1979840	112759
2072638	23883
2946933	229403
241313	4996
812552	38265
112264	2139
653573	25367
652902	17838
631997	27939
238030	7211
539574	3448
4508881	75108
92884	2313
423719	11818
279832	23863
95	20
956810	3525
412193	10149
217239	14477
1528939	78773
15875379	2285427
368010	1698
62021	410
434534	2946
3417207	19322
242606	9001
9249460	103852
493519	2996
125217	734
1329683	20670
242125	1976
1506596	14847
69361	1204
540017	60275
387841	2121
945426	25140
944032	9262
38429	104
89922	758
311499	3455
2049	66
637271	17385
244597	1964
1157754	7018
670890	15238
618	25
318075	1667
828573	28045
8969738	15572
427884	2884
323784	1540
299499	16224
731068	4076
518386	37349
41321	1639
1580189	38360
1225230	14969
765060	90571
80059	512
934095	6402
383773	9829
271233	16853
218482	3628
17049	61
82591	3599
265771	3740
422125	355
116975	1795
4218799	349825
890	87
112401	3850
3727	3
142266	520
107117	705
196368	10868
99403	1104
251714	1031
354714	9957
3542927	54561
376896	4962
10105	67
1253233	14092
101298	5270
404151	2760
825867	5627
310018	4934
223090	7636
183317	8932
150243	814
65878	2657
290560	11961
537097	26604
93967	1291
15934	125
1428808	115762
84295	569
2806987	18736
121429	594
698163	11733
374502	9639
8932	267
175185	1728
1265	45
586250	4534
1655552	6873
4271180	166575
711625	3296
508016	41934
380995	3473
132320	8677
2915253	68540
101152	1269
7051346	176018
340656	3897
60879	768
554883	44193
279333	3890
32580	116
32845	949
197517	1312
80612	9856
1767675	35101
555857	31489
367554	10147
41898	1688
3886333	79016
187795	23391
68725	435
214220	1915
2931	https://i.ytimg.com/vi/JIIiOa0wjdE/default.jpg
159017	574
142145	1129
1685561	22710
108791	7408
17469	8
8225349	29792
63370	5494
59816	348
2118265	18021
36287	1698
935009	4756
1692404	7495
27518	2158
203975	9046
90795	898
921036	86738
33797	293
482179	36431
325486	1031
1081664	34202
1353672	52275
145007	0
407553	6633
2726797	26748
112580	4239
35	9
158853	1351
341555	38737
2920	12
51770	282
134310	11232
422045	12599
246237	3543
21897	123
952436	29991
198897	3249
1391342	95637
31197	660
1189193	18401
445676	6145
235352	122
525517	12651
26363	872
47169016	1841549
2280153	106553
871069	51082
11386222	398820
1180574	20034
20967	1626
848743	38317
368137	4696
717694	62928
1746958	18987
4593046	91918
945562	32945
224270	3137
621884	92702
2205661	178894
852628	48741
1575770	19678
426653	4176
329335	8398
3156774	240900
325167	9925
248679	7312
1003447	27862
63172	3754
969477	78533
26761	337
282568	11020
3110661	80219
596331	28485
5146567	415269
574998	2139
253117	19389
499948	5447
105052	487
957300	7232
90954	6808
1144323	1419
158811	369
4167600	397254
558894	36291
191463	2607
750131	12166
8681435	102031
1349842	95774
8384	363
246498	2570
20629	408
433227	9943
71	16
238346	503
534881	12373
687413	70693
744363	21224
223177	15098
503945	3268
4687648	313889
853051	17455
903617	2398
384939	7056
1901110	71897
213744	10741
630338	11833
1360182	17039
48262	531
84343	3045
703157	2796
975552	16040
1200632	64477
492290	5642
3394308	11408
2749137	32956
19824140	663380
71418	787
941067	70831
203356	9540
1012417	42714
746500	15319
318198	1561
187661	7275
495719	6223
33822	365
15174418	362902
789042	6140
880158	30515
86310	2758
2156386	118833
102364	2992
2249204	25656
139197	985
466381	13867
171461	1650
169786	3536
169350	737
719288	18881
69142	2957
65550	2251
102091	8455
27399	127
347036	33353
85005	553
753443	31545
5423477	85639
682573	14872
235362	7165
123747	2975
545973	14107
82993	3907
111638	18847
954918	8718
246454	13133
540614	4851
425062	3609
290000	1553
98540	647
547304	3492
209085	8331
94785	4094
18574625	2407419
1860458	62616
1044478	51764
286041	10797
455541	1902
87365	5018
1347476	30553
49619	2687
922004	49759
324321	12500
1653	240
223197	13689
595991	22490
153493	6337
136704	2032
742536	3703
332708	3257
83733	8319
1717305	85475
1058247	3822
34575	1362
1048402	14012
128579	1099
17772	201
10848	315
2533705	12887
5279	21
62618	2036
34914	247
730501	50788
2326810	12848
1839194	21182
573281	6696
124565	5730
304167	4785
4352810	23221
6654881	80779
10349322	110738
61597	465
181558	1576
426354	16746
453515	4307
96085	1060
103	https://i.ytimg.com/vi/WqO6LDQtsZg/default.jpg
785451	5660
86631	485
4606	283
2481	1298
89381	2625
1083453	10073
49108	3887
62075	716
774773	16565
1535497	9307
138628	2632
116572	728
1614607	15585
102468	1605
118724	17431
64935	2446
114272	357
11677140	19959
3474	110
75203	890
23573	1668
55045	110
874881	37705
26186	108
117810	8065
84245	6508
106991	763
248338	1955
54533	3470
2057033	63660
281201	4283
42956	1681
182726	23449
125378	9207
38013	1728
918669	100120
60776509	2183745
1610811	116429
4145785	166734
865424	24731
1424838	71628
1229852	14369
2255191	33240
910281	17305
879356	41041
826145	7467
1708521	70224
13275050	431020
703572	5018
28539	2156
1636531	18117
423697	4043
577796	10562
628753	32538
164237	18528
71218	6708
394454	28887
616420	13905
711315	19991
881878	69645
911646	69539
390707	31986
1250812	38871
483000	5088
449568	10942
472484	4938
1258962	43764
183013	8182
817764	65721
668919	35703
244121	12197
4902327	95638
2842427	213243
1004546	22763
1983477	91407
752	16
3377722	15574
370628	13435
110	16
924405	50990
529681	26030
91526	1224
458750	27229
281002	11820
641944	72641
216185	7952
1602410	85692
338854	6373
20330	340
165609	5096
64134	294
6699	63
145803	485
1454777	8392
263089	8612
459270	2840
16245	513
829938	45841
165846	11748
238399	2982
3412747	253120
706056	18838
328033	1548
247317	12690
822140	19163
690347	8843
341685	20199
934913	122647
245565	8204
1419037	100667
131310	4676
2807451	29567
124381	664
138624	842
372308	9868
349497	5526
245956	6621
87187	2549
5584	89
383835	3927
691775	5339
1082988	26815
1334674	1879
302301	13434
3401044	84439
298019	1928
156028	5520
152811	2609
5590186	439333
146964	707
630932	5917
23825	1480
142244	9503
817860	4307
421561	15097
172185	17525
459937	3515
1912238	6770
196377	3493
39050	174
652300	28397
79406	376
215492	4393
253660	18231
215422	2909
865206	5974
530663	6116
90196	5309
492614	39767
2328947	68877
54179	490
81166	360
79283	8703
106746	4491
465629	36522
1347346	4429
674446	33017
402192	4136
756386	28406
324907	4874
4317661	405482
868395	14126
597951	6991
2170	98
156441	3094
79950	369
25117	1968
149575	6631
170553	1831
486428	14130
5325617	341076
834081	4357
160589	369
9039	405
325002	10199
115205	3419
116166	623
618158	24170
10613	154
1094072	19599
2035480	37762
2217073	78374
542504	11399
64123	758
90191	5613
123829	911
47053	901
723031	73257
5994	339
79515	1692
1573422	18637
298874	13102
392038	16232
243384	516
303848	9350
139952	902
662163	3363
1499298	16577
289227	35540
799564	3068
212282	8610
1304152	68308
296966	10641
188845	9877
772	51
626346	7555
587108	3009
339488	5849
1375783	20953
1013499	2614
386751	28904
387313	7092
637036	1367
149975	11580
100715	4266
862917	16619
141852	16254
98924	1648
781493	17250
17736	200
152024	4038
1543145	104698
75217	2747
9593946	109739
547952	56469
30393	139
132285	9648
465980	7329
66907	1102
114432	354
755748	0
82508	883
6142430	175223
3162367	74545
2369162	149171
73432600	2478908
483489	46949
5127308	193631
1034413	51290
1221416	7573
612188	24794
225181	3876
184823	12317
1148451	26724
639664	26813
1671635	18426
1607907	76209
621898	28152
1175310	21252
983139	50806
2914789	40850
674929	7551
110016	0
1588652	49636
602939	37552
145303	1974
1072690	14992
580146	24820
788511	29921
1240745	24222
574027	4875
2067253	79024
373113	4545
966053	23821
542184	36004
962871	43154
14334404	445255
33119	2475
405667	14631
455023	18075
218091	17659
60800	586
2174315	148689
92	25
701533	49431
375486	26308
1293472	22139
674627	9261
1524420	17892
660997	6661
105971	1178
552945	17563
1427491	95528
352423	10735
1507296	149125
18665	136
841186	17579
1753942	100366
50171	210
555922	3582
261828	7059
442356	8664
1152719	51086
391710	17828
893774	41958
788966	21608
1644260	21602
653467	20445
1014909	73679
143817	1080
188299	1458
310238	1434
1411029	30453
557155	5299
1335245	40597
249181	4278
265098	7083
1021692	130186
130393	9564
2857449	106276
206451	11531
304178	6135
2647968	108024
334088	10875
272208	2090
453541	14914
415075	14996
261942	14769
6660082	60141
1407615	74000
31231	446
34306	1106
53263	1071
192087	3095
12496	207
508696	3593
588358	28805
179529	1338
3044244	223166
110324	6354
652147	25191
441007	9711
117170	612
220248	9385
1078058	22453
5089431	97699
9955	128
179898	19646
482970	13089
114593	6516
139701	1876
360387	10618
485301	20421
145704	4017
892628	6276
18103	95
487060	5421
147468	3894
4106260	18078
302265	3087
402383	1265
340461	11158
437553	14146
529	17
41543	2539
1831808	279448
966539	52298
1036724	51611
22114	322
45682	1001
285856	25410
163567	2597
400884	5707
133926	1602
477718	11483
3602745	34652
247747	7634
502394	16871
43851	2546
43503	428
78817	2724
23836	0
458011	15315
727456	22644
83356	595
536911	4463
49562	309
72262	7308
486283	16556
30666	166
11928	107
1486981	33073
531489	32369
84341	4756
211632	602
9338	22
519829	28438
36758	3025
126966	1268
44838	2326
474588	17886
333732	34341
85217	1900
18253	330
76256	2950
424538	4706
20534	570
3563020	259792
36612	451
69548	3503
64257	367
429506	21466
1127522	14950
116756	2691
149259	5164
425748	6820
618	85
559413	50614
346761	20548
117456	5697
545746	17786
1556005	106687
1011250	34279
552749	19399
2591036	73249
5830	450
1072603	76296
184260	966
85438	3987
22478	765
208149	4896
2062630	6229
121709	793
171074	20971
255810	12461
194219	6413
40863	274
4350	0
268531	1105
51497	1026
1764525	153280
580914	10368
4918816	108126
1024182	44843
9674889	225274
2300347	218006
1044513	77448
9399654	268149
1417055	14064
2576108	157520
891237	40392
628711	82092
1933627	114439
2201047	215170
1850242	41514
618908	7683
1572537	81283
489007	3461
85092067	2735961
2809121	47709
1334	https://i.ytimg.com/vi/xmi6xcd-Nl4/default.jpg
394553	3355
1689342	10153
1183254	28501
988814	34245
5784740	209646
1134018	12765
1656617	33541
508135	0
40930	2674
295438	4594
239820	14514
1129439	91213
679972	58086
339040	6066
2921943	293149
687344	40964
1158110	38762
204692	2512
521599	4516
686268	6554
241426	2911
273924	25043
1288659	58816
597435	31569
650153	36573
90146	985
106033	3330
10800991	484316
26568	618
61125	250
400932	22577
3001208	195972
470273	20319
4002311	49778
189941	2455
425688	16401
1174	98
88043	520
1867072	19961
2581024	35023
331607	13419
669489	37969
758562	43948
514098	3296
185699	1896
290284	34046
3117295	184871
115504	1005
732204	21663
1334211	17032
721342	3444
1279189	16096
1391637	29930
170089	3318
1696921	78452
1345691	23336
106	41
194817	9681
1101676	118350
86718	3907
655063	29081
86412	1667
302850	28285
890711	45653
44528	527
981789	55917
177516	5381
6365	84
191270	4126
304163	1577
270973	2288
3883	62
241718	884
2091264	22490
355802	10824
1499760	12348
2347801	85367
189652	1601
381926	9087
134504	1509
1277	273
723558	21145
2690715	110628
92069	11350
2220909	60661
473958	50783
540971	19811
886067	46993
62249	994
124749	5377
698816	25303
351290	29783
615334	15710
67156	4560
15125389	454599
455507	29655
592264	38142
716007	11490
132023	1444
1048240	45948
1147595	28042
463958	6650
398774	6871
37351	2749
216328	9887
270443	10278
733590	4182
257850	1393
1670286	65580
475747	11724
123826	6042
1110229	46418
122987	810
248700	18145
303016	27229
486917	43207
1365	390
631025	5436
192968	3064
8478489	77598
4221902	121045
16818378	212091
125681	890
122332	1167
264093	4470
177300	11905
1133337	28524
412432	11189
269677	7978
112700	4839
88390	1108
1971047	107376
25355	233
283034	1553
203610	23626
21107	1932
24940	253
1453931	105077
81095	1486
6678	787
984531	19809
3969429	409750
54086	1307
144126	724
1536175	100599
285766	10428
280831	14304
27060	267
594147	6357
47948	1162
19478	142
116392	11352
46848	4108
1848665	38236
5559	269
287762	2701
210579	7170
250069	1724
110745	2856
1027210	34500
26521	528
607099	11719
126988	6363
849801	47715
108138	4653
676807	47504
591579	12669
44607	2468
221600	9111
81749	3505
175138	5386
765531	18681
86699	3517
765943	38575
1104272	75756
829288	22427
1011217	65799
1363410	39880
5338017	316584
2759643	88721
1033708	14914
2056151	31270
6721863	137202
1370578	21342
648842	9155
4014269	311846
1242209	71684
3498337	154880
1529827	28040
1563099	101100
1448839	16152
13293647	334533
11880523	248447
3289827	121159
1987215	39031
1899803	158250
725442	14448
3366994	66808
1247563	50817
661225	23371
108691	589
2537	https://i.ytimg.com/vi/xmi6xcd-Nl4/default.jpg
3635005	305079
943775	5598
1647607	15509
988948	20312
4624285	66880
373035	8616
3285346	174749
817870	15665
2693914	161708
1499721	59719
628551	4722
412741	4920
1063451	18027
2766850	149646
1238300	38059
961346	5577
831335	15268
504218	3645
122693	1309
81711	157
927325	10540
2177275	12700
46432	655
98938809	3037318
447850	18985
209204	2285
293963	3188
317200	8835
194624	7206
296004	13775
5015137	45757
27470728	753626
83738	786
1392214	59424
42044	457
1207361	84541
76746	302
137	30
562401	41837
1255987	61942
201429	5324
254851	6155
1088861	7040
397803	1794
604388	3330
492963	5284
747109	23762
584556	6757
519407	8398
784333	4837
144465	8013
2071373	93577
15005646	66365
113132	903
592350	4087
803784	26755
409880	2767
285431	15938
418755	3252
166434	14145
219709	1341
744842	20510
170657	1155
367821	11577
3611138	331469
3771366	35161
572990	11951
348858	3920
1290370	41662
342588	5058
603403	0
4306937	226771
395694	2860
136608	1496
223678	5569
1268644	5540
931228	45560
157975	1960
760760	14335
189101	5911
140150	1283
3974	27
307471	3604
122500	953
299731	4917
1608504	140428
156207	6743
475125	13304
426880	32333
272490	5416
244092	16855
129459	6061
1592969	65604
1329	100
252037	3003
6295801	221318
80910	1915
313866	3374
483330	5951
1545290	5484
1420018	74919
8141707	205531
1442170	61967
3974218	209155
333088	4722
822180	31836
159219	1753
531808	39689
2211470	16668
72960	3845
22428	1074
61449	3725
36423	596
127139	7388
33324	169
934678	25262
183281	654
189803	1361
150859	5299
292392	9001
76666	2068
1224058	91658
2996	1019
81539	2623
12926	47
358850	24498
250899	20744
557173	24513
1871577	22859
60759	2248
9201	313
278176	3473
1036745	48994
1674868	32700
166492	5177
2749521	60155
626843	30235
85305	8804
5003665	55417
763709	4289
121997	653
2001159	20869
112879	4491
163557	6164
217999	21296
1464914	24858
194914	11387
860410	48324
71616	516
150326	1950
212724	1934
293667	11269
369401	1818
182896	979
1773539	80310
312457	5435
244746	9155
1576237	70385
115139	1828
3547	335
507029	13153
676416	29665
578580	16574
39256	328
2368523	24176
2247502	50967
2783495	94487
181030	4935
117103	1240
11634	132
270703	11101
3684	22
383821	2316
3205123	74191
1659538	41402
2455496	60403
1097018	20190
2310168	163576
1432551	12068
2389562	16152
2131702	54280
1774711	14344
1501587	46462
378220	26674
764038	4667
1222923	95430
2210759	11437
2166500	111928
670048	36118
240555	1001
391218	2125
208169	6581
604568	16036
692796	16153
767085	21884
149991	2954
730101	5325
844135	21695
987887	13987
1479344	10569
120	38
792564	5803
118573	1877
532085	22267
644861	51984
462340	95807
178358	6617
1069495	31315
417083	2496
89759	1063
959739	4241
482533	2493
206831	2047
271570	2452
265671	2238
608420	52951
131214	1291
115366	3451
91456	731
371920	6774
234273	13411
315713	2599
141370	5350
210582	4239
659331	35433
274909	1732
207500	7062
74961	361
856271	5972
173466	283
219907	1292
90929	798
75658	319
623756	2361
2525518	16530
1938983	4697
96803	4548
64735	829
520567	8742
234982	5338
158438	17110
304448	19277
86667	4689
77111	3823
189481	1533
3615	1447
471534	1674
172508	983
328123	23898
277645	2303
145731	6569
11562	360
314142	24740
346720	3083
23228	43
788401	2463
29662624	827026
60664	5372
939764	13483
1225982	14626
157703	7731
191872	6637
54211	274
52031	486
771854	43871
249554	6283
170784	5314
63203	814
98183	536
395871	5073
801433	6886
261351	1609
452164	22515
89110	2102
14492	2137
117756	4525
116686	1726
1186	54
95216	695
25986	245
925884	4315
733	10
1406045	5992
94894	1085
267240	17948
2236	68
404288	25211
451693	10648
472132	3619
229235	1606
14106	337
579077	6969
52587	99
10536519	257690
1936401	88238
110526	4678
449210	1249
150444	1087
114059	5397
39952	70
118619	5455
63008	3119
939800	2866
289508	3831
602350	6108
387415	2113
17821	890
653	125
1031230	17508
86575	1146
640602	6947
161807	413
2570	122
93022	678
72905	2554
153109	7793
169222	5446
1011493	4794
26395	1323
134132	1118
358609	14821
53209	632
284244	16131
178088	3568
80941	1556
133516	1404
270956	11199
38617	213
31119	820
280112	5447
58304	765
88651	2724
583313	2998
202736	4682
216187	19581
7471	85
111510	1218
146770	1509
397834	13031
463	345
2990235	101684
3081033	60379
3970867	82062
1469789	188659
4700527	103433
1093676	46073
1666941	5377
8289563	408386
367560	1184
2990110	16219
1783357	34709
4195474	21205
3445885	197847
3906727	77379
916128	40491
2199475	58216
488712	4960
430048	8239
259	39
343967	16994
1242022	5458
433889	12358
867932	6989
216931	3002
3270128	17666
1382189	164208
427338	16938
3563214	49141
4510182	15426
3724986	14316
2567982	50066
2621940	202927
2559899	129963
695888	31353
170388	874
1199587	49712
735031	11734
259037	3234
456475	10561
1202073	14661
991329	46165
532145	33055
1189369	52721
85829	2162
528389	1780
3513129	106481
800873	19909
704786	19882
1162356	8576
339832	1953
87670	452
242676	2620
79993	2624
276395	1328
2227658	29191
465273	11531
426870	5757
1257743	16913
17865	102
361530	1463
963996	20323
868163	17644
392035	2806
215731	2263
1006438	28246
245241	10242
306699	1974
449197	2917
121108	975
375794	2143
1030616	20251
3104273	146272
458082	13916
162718	2243
222209	5765
252413	4167
423672	42993
3530298	212374
136526	1772
941989	3654
102281	1677
129049	863
4721513	143571
497136	2286
998967	72801
148741	2937
250215	905
2683860	130383
5122572	368379
535599	7973
212084	4139
803295	6080
326556	4958
4682320	174301
649142	14931
404162	17920
207068	8391
102543	4939
48682	4518
71631	556
999538	9921
224238	2239
189163	3279
216201	4381
1177545	21569
86859	612
123332	291
1935445	22962
1926125	13419
878340	61576
2058569	32574
122756	700
224302	7620
837412	6916
115835	1047
268408	3347
102944	702
1639227	14027
4867281	86356
38117	278
869971	28729
81701	1017
175016	826
1289899	51318
1489424	5137
10871	85
677500	9985
464265	12477
73153	4378
2055638	120377
294590	4398
1525951	21792
932568	17076
181550	1410
15960127	374827
374361	2787
128751	1646
32573	405
225291	12429
9727692	61823
557483	10393
130815	2031
5029936	44544
50045	505
307863	7776
143311	7670
74925	912
8455796	161430
2652713	46420
146093	1244
1670008	25506
591022	3711
1110923	6504
3885	https://i.ytimg.com/vi/xmi6xcd-Nl4/default.jpg
261418	1411
118359	1470
57697	529
960036	8640
550311	4668
694160	20655
13418844	258720
79039	953
100355	391
207820	1751
34990	2289
78212	2492
58016	1247
72502	283
12100921	41632
181556	11474
874372	28326
776290	89727
146646	829
35046	577
43434	838
359313	37023
174744	11932
64986	1045
34014	2115
97657	5377
395694	17528
84395	2522
91696	592
316886	12288
386050	24075
37560	4094
4375826	339446
148071	1377
403782	10652
152389	2753
170456	18083
110350	5052
290731	7553
145505	215
34318	1747
491640	3128
1773145	77279
1716909	60721
7123866	285915
1179440	32780
3364637	21325
911324	34919
2031981	175911
3669938	70190
1364402	37316
2806454	264365
855083	66036
913179	34649
998374	24704
817291	36431
1384975	15955
1049923	12405
2015271	156036
810896	32017
360213	8881
791596	26248
103403	596
716131	51842
5045164	110316
347503	3930
2170502	27734
3768004	72112
1147233	13232
5128311	340240
468522	35427
2415639	41022
717546	16864
9353689	435048
771044	29608
3299996	17661
4510852	23590
2064702	206811
731667	61252
103	24
400077	39199
414336	7118
3687989	207005
781320	4766
131720	2054
386743	14366
239423	1983
639083	10459
104249	502
1415142	0
623906	5764
226845	24947
1195009	27935
1065191	8812
215841	3536
528978	15058
2340496	81040
307034	1534
660161	4046
214598	9368
180277	1847
370546	26470
458429	2821
271345	2474
2962228	84357
582614	29421
3404722	228085
184056	6843
430119	3646
325318	1859
688645	73736
555021	10734
1325295	5743
1254359	28087
129793	1281
204637	6061
296420	2531
105784	717
881188	37066
4047742	53862
1007455	7413
534847	24356
120697	5408
227498	4623
485690	35952
424224	12909
1889200	70552
637160	7392
3101683	60950
3350183	18001
355549	25968
374667	4332
342756	2655
73030	2513
162212	12726
2835512	136895
1723344	13265
850725	9864
105376	7487
562066	6198
98613	2108
26083	430
644529	2057
75884	645
116445	997
262907	12773
364850	3572
1109334	50361
101788	6925
298300	42872
79847	489
479954	10524
30661	147
972204	14301
158930	4100
530511	11661
320543	4585
357130	7625
182917	1138
377447	10474
556154	16489
726185	8690
450532	1650
5107943	35628
115728	1010
114862	1096
158601	9057
2275449	32989
558508	34208
109111	2776
175501	3818
153015	7723
3611855	109605
66790	248
333047	10043
168848	17527
373509	18415
88267	1227
118918	356
41866	2606
217907	10037
383169	16959
241861	6547
813784	138386
85939	3671
30907	2131
355000	1598
419335	2313
381961	27784
115131	334
	
2467117	31199
218314	13945
1001871	29812
2466449	38378
552529	4891
59217	4235
881282	4862
873881	41749
3422670	145857
272558	13975
81815	1680
1048245	70952
272351	4001
284063	2084
132903	879
4365466	232057
481766	17381
1209721	33020
229013	25360
64988	3983
1168643	22102
486845	5882
28012	240
1056278	21630
230192	3389
253602	5539
300508	4861
1153392	45439
109246	7321
696716	9430
362102	2484
45990	245
307960	9015
58303	157
1204717	49138
224178	6787
529654	21310
5345795	153400
26482	247
2473570	32832
2382873	29393
58702	2539
74486	544
2508215	26092
436806	14032
2742122	136162
3852142	88290
2831351	15531
2800684	115184
558307	2423
3411614	89893
13859243	398219
379061	10555
2247877	47931
857975	50439
1162487	40552
370671	1273
1890186	55860
2727787	213685
3047554	68376
5933727	90354
397745	10257
672554	2506
221817	1758
1915246	46345
1654455	142451
240690	12088
1123139	22986
1127253	75118
200311	1866
4144816	78241
1501111	84173
572461	35276
1157074	81269
121	37
1812275	38571
751443	26914
484507	9054
3169706	280422
435270	3676
1702277	33974
998509	55672
1167552	34452
428638	8000
41025	1627
688491	29647
280066	21718
309073	14568
660026	8724
1047886	20855
642687	25115
504420	2806
779014	37238
1028015	38766
836179	67075
295644	8899
4599610	91148
83365	1064
113976	731
1075751	44798
3023455	95722
44313	365
1286083	56794
554967	3512
5461925	86391
1050844	36391
56033	261
337535	7662
2975372	14224
279715	1566
222363	3501
551398	11588
1067	37
127923	816
241266	6023
566598	8900
123951	1741
1484786	17559
154261	2460
1061925	13477
718915	11866
523029	38667
303987	15224
5317116	115097
377747	29086
2375055	29334
1145637	6522
340104	9689
449120	33492
1018145	24666
136412	8042
150556	6527
2494055	227341
2715936	44162
183536	7508
124671	3718
1968528	150339
73398	992
129537	994
68715	3139
194823	641
470752	4572
355184	3498
201137	3622
4901158	27800
217503	6113
507150	7281
604012	29913
3601617	18992
478183	15947
671296	39007
345309	12583
1228981	74499
826399	64977
399653	6142
123214	6613
1741312	0
154571	8902
46258	2557
41196	3923
260935	2790
729654	3666
67390	2521
146714	990
1304593	43148
1326593	42201
416670	11163
1030129	3276
113180	311
3838017	213132
79050	5168
96949	4712
397558	23487
6416697	1290535
53310	236
88353	1104
945489	19145
37439	238
540320	20377
100069	5797
94111	1683
155719	0
35060	386
95787	1826
608902	4729
62851	524
278117	7562
216251	18584
554285	4814
468	16
82894	470
680471	6072
288049	20023
65618	2995
105926	5680
4000293	243355
74587	2542
1199288	9989
10430142	465957
165053	236
15479	126
773151	1837
288373	27366
95727	992
115202	1830
263434	1172
817528	81159
142204	8765
684571	12852
758181	32572
3322564	88674
704000	4839
440600	13895
235425	9953
324847	2418
108392	1967
553924	34391
123317	3803
323503	2802
97134	8021
1340669	14125
1587530	17571
1035661	8692
2810764	51032
210683	8335
1367475	5889
4451806	58472
126297	2493
816657	8760
815909	28756
457247	3934
583437	24261
381346	22822
337435	12005
1726456	60550
516985	13248
379519	13457
151163	10028
250350	4546
122528	2692
1176724	13562
1579491	14774
3366292	66275
195504	919
1406535	6213
15006579	278752
3772817	15713
5706064	30171
1759014	74861
2822391	131909
925688	4199
5659320	112533
1383897	24799
3164615	125845
1502717	38379
661207	25508
501901	21180
398659	11974
4071774	99682
9978294	129866
1707785	33836
2405120	62240
17691843	450637
1571873	71359
899464	18649
778937	43366
512884	5801
450901	7879
353870	65872
495665	4947
2422729	284436
1235913	18377
3306528	66034
233136	25781
2888379	189146
123700	1318
460428	17936
279280	11072
286213	23151
751164	15904
935570	69361
341108	34478
109291	4196
591527	10311
1259188	14352
507707	20969
1173165	53320
138854	7523
379763	1943
262771	42936
100	28
2330698	63309
641879	18718
257122	9150
292177	23239
445525	5078
178448	2184
431353	9333
4320934	89687
184807	6806
284063	12215
4678038	30052
99715	671
429328	3084
1397767	89884
52223	463
890143	12541
74996	339
86321	1209
398808	15523
2966263	225019
1510385	15371
130861	1919
1027681	3777
412990	27737
915	52
2198969	52731
1868920	91943
118157	1589
106615	838
478698	2862
1085701	34290
402561	17214
1885579	97845
705776	24436
165767	5398
1381953	85157
79129	1370
100691	7600
296422	2296
2163824	44217
325548	12485
811640	32030
257913	1681
1294227	48653
172818	1293
309281	14197
132738	913
49744	1181
188226	21255
162260	10809
2024610	37294
1275974	62086
132713	8387
178102	4079
1911596	80277
4475322	83846
1470129	39612
834813	14818
1024599	9112
1267383	85966
997347	74582
863082	34441
548644	14270
585986	4546
55266	710
127307	5803
395188	11024
667220	45751
80579	4394
388770	23669
32764	0
233144	3315
119489	510
1044565	64216
113205	5645
1131321	17153
3305195	286754
89866	652
822203	30296
49660	391
240356	10881
1892868	68704
211920	3973
301426	14175
821060	7015
214798	2566
57684	2313
2854231	15828
239487	12705
170980	723
119790	10100
264970	3437
319702	27109
148741	3833
137542	6194
108376	3475
44617	306
310421	9185
1971747	15768
821272	31857
3380372	101891
1738008	50982
214363	2057
55192	2075
4772259	93398
1284084	14750
205898	11930
292548	2280
10336	374
6301563	94542
2129558	115634
85150	0
76977	559
684236	12853
442482	31337
532977	36558
672751	3636
1196819	47460
230830	1718
159168	3972
683339	29596
63445	486
381851	3638
810925	25499
133111	3845
1099862	37642
144356	3960
245605	2018
1666914	53688
451210	17104
214525	0
394829	3105
726855	51112
593678	12087
147937	875
238329	1340
1220254	96476
128343	2857
158571	1441
185700	4235
1630311	19082
292117	17396
2346125	166918
160941	9077
1358606	7482
105557	4195
306669	8594
268458	9287
83156	3839
2834967	241017
471903	7111
23789688	393106
7512073	31902
7920497	38760
3454751	112827
5160441	203108
1214669	5164
7933424	147155
2190365	33947
3973319	90605
3447054	134284
1012516	33868
747398	27204
1272190	14067
631900	18682
12440659	146456
4343369	104753
2980066	47897
1801535	15263
2657947	101385
1206016	56129
832964	116760
643936	25041
1225691	23968
21518055	495154
1454218	19352
554139	44071
696593	6055
425876	14529
992133	89595
1914800	24180
154084	5185
39349927	3880074
410266	14051
158264	1508
433713	30925
3775750	215477
2703690	300318
514205	45801
1432565	87676
535826	19381
543764	2439
350152	11145
895465	30646
1542489	16552
573273	35771
1459248	59725
742227	11388
619365	11306
506969	5380
374047	10852
494408	16673
135	33
2732740	69519
749793	19625
680432	21291
2080888	109437
5246476	104139
567287	5331
207010	1005
160712	0
4778416	31779
276954	10165
1046965	13714
849593	5011
505	18
160766	503
166446	1578
3168575	234464
910169	17826
292708	4033
288822	7421
3922267	38384
2455866	107276
5556954	205315
807240	22484
494808	30193
439785	12831
1289479	4406
286077	28114
1624126	60530
181972	1911
2445849	57790
226686	2450
145300	998
1258403	37605
783125	3561
540846	18554
403582	16946
1224056	42261
835931	27184
2148571	107373
524665	34288
1492049	89470
452460	1727
377002	19376
2290843	45837
610431	6903
170416	10665
354696	2618
1788764	55412
326564	1906
484180	14860
794911	17523
152980	955
2558280	98356
1241757	20076
308425	5738
2380428	40767
244632	5002
460281	2853
767709	19687
2793414	115209
4720603	87649
251741	9279
1666812	42240
1138510	64107
1357034	89552
1106847	78837
914321	35888
645721	4857
430544	18428
389546	2950
161418	589
797040	5871
431790	11630
161056	12346
1265037	75101
187077	7450
364212	31919
118184	5503
639572	31986
245121	4845
997228	8100
90767	772
573408	29833
2140685	72380
3388949	290270
102169	718
1335786	19613
987530	33241
75542	332
337785	18473
94065	3057
249676	12645
305166	8622
818	144
3141625	16544
681258	34878
242525	937
313997	3799
1210608	42311
122410	3539
481555	33677
293932	2459
2911157	146201
1492318	15848
2025406	55923
120576	644
3816590	24585
3600038	104844
973575	10099
358820	11090
66273	2281
889699	33463
355819	34039
4898538	94900
1093954	5990
7301019	101666
347260	2399
80630	895
107094	0
647647	43803
141045	754
146418	3694
1311772	18225
159312	1647
570320	38499
263368	12296
1956814	127770
882796	27070
1258811	49273
494760	23718
360852	2234
391515	20659
272543	5438
506834	5096
71563	537
525021	18713
801969	54518
426620	3838
155143	4166
1832555	56142
1130986	38314
232766	6043
886306	78342
29403688	452725
10804447	46063
8910493	42597
4463726	126991
62796390	4470888
6887627	245719
9508610	168584
1388761	5742
6886948	285349
1838504	20998
6540445	142486
2958	https://i.ytimg.com/vi/t4U7nMn6nfs/default.jpg
2839831	40243
1733476	21307
1268994	8516
1204363	38549
1440582	15030
862420	25790
7600119	388816
1890693	132050
912774	30178
1432357	5764
9661337	279500
542887	2726
3619798	138451
1019685	69534
765866	15850
1071171	24258
868807	23763
601968	18837
1171624	146519
681749	18315
467921	27908
4443998	63814
656399	48457
1173382	30064
1040020	7023
13531173	155470
1231331	46547
1289562	58101
1451309	27704
1023926	21649
736626	27228
594536	9921
271729	13212
4539805	107953
893450	50471
571731	31928
1113890	36539
355695	27482
939041	30453
296448	1489
2070061	24712
24523092	525575
1896495	104060
515536	35143
770203	11339
588857	21973
398155	12184
454316	14961
463107	7354
358109	1487
237639	2421
777796	13866
556373	43974
4433795	230766
1237757	61592
557474	2718
1079936	34271
173902	1631
699440	51973
1413979	6309
450294	11819
7232940	71451
169845	1582
4112429	485707
2433724	76540
2060	183
95691	503
396663	7419
116294	349
640268	38304
688222	12046
255085	12713
1124240	8483
2848729	307704
2770640	124411
2674485	100332
625806	16065
147257	969
1646148	63273
527810	37971
935595	54231
710150	28461
934541	12697
642885	20078
166977	2616
1118179	34665
1609203	11511
502858	43030
444916	13190
1092016	58231
764262	3949
859809	24675
305813	25927
284194	2831
985651	54921
189531	16371
235865	3948
47980	266
1026	216
742645	23141
117932	3598
369190	2101
906644	38114
456547	39741
5904049	114355
1238333	12189
2996115	73522
192161	1480
104250	3508
74864	626
676709	33920
662599	4876
1620153	51281
1150293	14442
238697	7139
328814	30738
696759	3212
436401	21337
299912	10374
320243	7859
199717	1242
64584	553
200343	2082
525524	1742
2958084	118709
92761	2190
90922	1158
3539843	384534
492437	3536
172868	442
170967	0
543894	17600
4893011	33075
140005	2231
447897	5967
1128450	8598
430953	17648
266848	4975
117	38
3329164	241369
288877	3307
305882	10477
362391	21547
105869	575
1117807	5147
22331	1795
8411	154
1010174	68574
389398	6610
508129	7606
807889	25055
281394	3189
115663	3866
2181505	59786
707234	10432
244939	17027
1492781	12805
2666124	61993
555601	2666
391335	32173
3968072	134906
679338	17310
96473	3390
300642	13465
326442	3860
66091	2311
1340282	27338
1051377	82168
406967	9428
215540	12535
197627	10133
1346	90
5943011	35523
423010	71133
547646	31682
1374612	4596
750582	26826
901344	18905
269131	4666
144374	3873
1726146	22695
193432	7752
455519	18611
278885	3569
3920964	99067
4282834	27501
2297532	92920
32844195	485677
2593398	171090
13335769	55893
588564	4043
397020	1843
184653	9112
897182	35410
2176202	14765
1000432	4374
1773004	164400
825374	2058
3369433	107704
485636	12337
851726	60393
6389898	37900
3724733	23442
65396157	4750254
5554602	134011
3071778	43034
328831	512
1297308	8960
7971231	165298
1160074	64302
407811	2414
2134011	33727
206170	712
463951	30259
8122551	276087
2738742	28459
252501	439
2028625	129768
839028	25167
3040757	17850
178050	2518
317249	1243
709290	6372
253977	1147
4671	https://i.ytimg.com/vi/t4U7nMn6nfs/default.jpg
369524	3399
3218760	16934
373965	11292
343200	13891
735174	21615
489862	3545
122443	845
511448	7959
4787893	263404
1049811	68592
1591803	18736
408739	2309
2599997	155836
10879712	182247
690967	8311
676181	9955
181854	9436
1243908	93460
117	25
1972855	83672
2577835	22706
606359	2774
89321	2703
660170	5863
252214	7935
406989	801
430768	9443
9497102	44629
777042	2521
1411334	12034
560197	14223
2494133	50958
9761348	431053
513558	4327
760130	19832
61356	277
62291	693
5740111	20046
685028	5081
15320345	332160
63	12
157688	0
1382024	24031
588410	16343
646919	18985
190549	1312
91725	1248
7576267	301840
501705	14273
1056821	21624
3807	364
647441	41986
436768	21053
368205	4818
23078	1301
840843	24876
137073	1033
46578	340
121648	1279
2079137	99990
413425	15525
193794	6602
3295486	44238
1237298	26604
238010	11282
179985	598
70549	470
1477680	6009
103431	845
275933	26733
86223	6599
68013	167
132392	1733
335219	4863
1374157	17801
380853	11705
425218	9605
1308884	40691
27953	1445
112871	151
346711	20607
276076	1088
1272471	5353
622467	47069
212983	14760
1030120	4311
1111281	26447
252427	5289
45161	1951
629657	10535
328	51
1534814	15588
1135544	8434
93646	654
428974	1986
880112	3265
35757	649
212123	8652
125797	745
1267457	7578
1148382	34140
750091	18771
131768	3154
1265177	32968
68548	4506
535245	4727
97644	8347
404274	27644
531639	21481
142069	2640
18244	338
884765	14607
195589	9473
1329450	159938
1421015	34639
264166	11236
1444874	6093
880458	17037
196615	7641
58083	3150
307607	1336
95805	799
408266	29875
366824	3874
730961	11636
79086	738
916205	21235
250383	6059
2447276	119332
151761	1888
2375	228
544240	3140
1402154	68944
131582	9447
1043282	5869
864342	13834
52302	386
157705	4396
38994	147
65352	801
76809	3356
84065	2218
739895	51050
62259	3787
953977	66162
78814	1240
1126304	74577
149242	3040
2368491	26947
736275	8201
1037092	55085
146992	2575
1475784	6612
904597	31263
997416	53972
170215	4279
168779	399
1445731	82680
6449188	138703
3553407	170009
3979874	296912
1041321	44550
895418	7591
1641973	137672
5386042	33741
665355	4392
2792823	100990
715133	7690
3273330	199938
358726	14518
1425138	44991
276251	1358
828071	42444
414194	29726
608117	2644
1078925	21636
624245	64794
1329405	44479
340608	15265
1312649	80139
396593	7029
2349949	20094
1360025	3331
626444	1802
125078	666
429012	2113
951739	54052
291634	1873
420374	16476
184108	5780
495507	1364
319740	5023
197797	4770
1504671	37830
2805930	151503
2269757	193415
2835464	17842
35147876	507471
985522	28205
1923631	84754
1039698	8547
15227410	63480
251418	14199
160419	6483
6108992	33091
247927	5025
217601	1472
3678861	112102
539776	31494
1260688	11551
679458	4830
4245331	48856
246506	7923
3041434	14595
90736	2768
266821	1075
6810591	472525
1006899	4394
1204110	11294
433140	3025
117684	775
567224	5054
6862830	39906
102	16
98211	1562
163125	5040
356215	14719
897736	9466
597596	15361
73463137	4924056
615686	11335
595204	3360
6223413	138110
619739	6957
128620	815
2682056	39322
408386	885
100421	459
100356	4293
182946	294
232444	14976
171528	1082
206351	9344
438348	1251
233306	19673
200436	1719
152350	5037
158659	401
3322575	32661
289570	4223
781662	4261
340706	521
261418	1378
377865	10013
8707646	176719
150644	3355
112815	1451
163220	16457
59570	2735
673830	31110
837266	73377
482216	3888
590269	9357
305919	4987
1239512	9535
517257	22368
1549302	89223
105426	6152
219320	14664
105577	452
116623	1120
7433021	25634
5339	https://i.ytimg.com/vi/t4U7nMn6nfs/default.jpg
116984	7321
356	19
474174	5080
69404	240
61363	2484
933053	20531
3064751	17968
1377009	32001
814090	23013
270893	2759
423415	4068
1168611	60496
659140	23800
267067	1274
955816	26263
442327	0
433044	4719
149572	6392
172102	9319
230	41
3074637	169145
251396	5686
316622	1519
770535	10616
2030154	16119
5232475	280116
1811885	20462
196774	1080
402455	3552
255813	2391
12055647	193566
2351544	93035
464546	2560
1463923	104701
305270	18260
60313	334
603894	47821
82685	3696
9077604	296500
751352	8816
159713	3036
105756	819
391759	3623
131547	4333
189529	2342
35323	2286
19644230	390494
81928	2528
280539	5311
403208	9621
291028	15168
76204	2138
194543	1764
465804	27378
2156134	38701
108766	5757
156575	2604
131830	870
34844	3366
455396	7296
180678	1525
99465	2495
62939	724
17728	48
229729	2218
2216855	9888
541104	916
1138231	63902
281472	16810
57506	337
45040	661
75865	3484
289179	7649
9841677	45654
847121	2721
4269	472
748617	53797
763887	7906
155390	1084
385270	7640
1889950	13464
37859	321
72457	483
1316172	80693
1131133	50516
8523528	296275
1813229	31802
7301276	149751
1449190	54978
3695099	241005
6838020	410972
1400008	11030
6540492	58546
1766240	69260
555826	4126
574336	3315
1263296	13235
867263	46205
1589342	38480
3022570	69418
1040952	10301
1051402	42706
696347	29809
401968	48860
761244	52028
1567563	118203
602834	14127
1139756	14380
5885056	36379
367858	1680
3188544	105582
479802	6953
75753	293
45531	7614
166443	4122
1684633	42915
307327	1170
3784728	215996
192718	1760
357650	10264
537858	2282
285158	11211
273549	2287
346951	23071
410975	15823
243383	1710
846466	45594
206566	881
544750	19259
110186	685
98	27
814641	6369
3246276	14974
398830	2171
529264	3380
431573	3129
1602851	28896
360145	2347
141324	1069
570267	14662
320101	1645
362213	3352
256909	1982
279670	5977
533183	2365
269649	3603
47324	544
173944	0
442839	16482
520417	3429
1437711	46672
168739	2332
156827	1279
1171504	64621
1688791	4177
217777	10368
589884	20202
1466076	86683
575	31
174081	9146
1884643	27869
281767	8832
432043	20874
112660	1563
429785	3972
149693	1214
140050	3080
90325	5504
270890	6946
169298	955
66981	499
283909	25218
295508	13366
468415	9820
2497274	31690
629989	1597
1395512	33922
81222	1128
97098	9037
535345	35156
725826	1944
458776	0
301051	12393
372519	29029
517515	29738
451167	12639
3268630	161444
286099	4594
243254	3817
560119	5329
55796	1644
359543	12323
93743	451
254340	2310
112455	5315
138827	351
53791	772
5492961	54890
292323	422
560695	5043
100398	569
91264	4479
427864	12842
2226213	91095
139013	808
125357	358
55917	0
112639	6287
81207	5110
2471381	202069
38805	1402
177929	3746
3153721	19009
125292	1494
2214645	18772
373573	5231
1126575	22810
295733	7168
183165	2115
76172	960
7537850	38614
314122	4764
303882	5857
16627543	69478
36778884	521873
8022865	510344
94935	6706
56321	1945
627713	15471
447041	17271
3844780	114188
209968	13722
607378	33752
67110	12923
283290	8715
37976	3340
781640	28030
99981	7620
46860	950
103610	888
157181	1141
65508	451
359604	5286
299596	28576
1757833	14056
147547	16867
862074	37347
346810	19046
177681	23640
1008600	4397
107764	1124
322162	10115
238896	6832
1431223	65561
80738011	5053338
7045999	40621
2039	98
203524	1505
243990	4576
518198	4487
1448777	12477
41259	673
180515	2042
1191277	69355
3003019	42546
54950	2762
2062552	15485
134705	2158
702883	7959
1522384	30328
165295	1272
289848	11524
45930	1662
857463	11128
787915	8035
134669	3182
182745	411
610547	4642
86282	5052
35542	1331
2029088	102637
4455816	147880
828410	71405
1471443	58325
3117050	49623
874981	30552
177352	1927
10944812	338803
5506412	313097
760253	36716
8593436	460729
1686725	59443
1228930	5556
9499263	89256
735182	9644
2678903	91933
409432	22113
3742740	76756
430591	6045
7779877	155357
632316	32048
522855	17628
1783159	13396
376374	6694
195451	18376
964945	10171
644853	11312
419645	8411
937541	91201
400379	3359
216919	19134
395157	17676
624380	18599
272403	17103
1763038	3249
1002879	5779
1127615	6786
231126	20520
463100	4072
608918	25715
576384	4760
714891	70503
1567250	54461
541656	7505
188036	2244
326754	10897
459012	3640
79093	1133
3877713	81572
240999	4544
592905	7969
151648	1099
111	30
218885	1316
275980	1696
979680	20179
302855	7813
1206737	11480
36280	114
135924	1076
100028	850
148985	7269
2331335	270705
2100564	140587
917465	5010
636742	34155
40460	446
455540	2874
140611	1219
1615	40
1141971	67827
496825	12602
161122	2794
413740	2922
36594	733
118531	4536
987539	4987
121424	14872
111151	4878
190498	7765
542769	19263
142131	1780
912491	27182
106125	3025
1424446	16166
2100138	51973
474166	22509
486409	2311
642037	5624
149502	11626
475219	2011
2863041	17342
484572	23177
6140764	37423
288248	0
1015833	4021
826673	13168
3501233	108438
947216	52676
236201	9604
223539	910
64485	455
208552	2235
635218	3249
110724	1826
385162	1232
294949	9515
121775	8868
398139	1799
109537	407
188453	15724
363465	10995
4162905	225763
20907	1623
216670	6889
651268	7028
155313	5087
992720	49356
819933	33344
1637213	9824
1285506	69758
256142	12104
373651	1309
152814	18879
120314	1647
177949	4338
153126	2106
554371	92089
128435	6460
437688	16498
279094	1849
196402	9695
900232	6844
528713	36269
40171	2698
432967	17285
93341	1531
304492	434
154502	5498
80644	5519
205526	11425
231333	36122
1912390	32517
38246	2942
60818	355
174990	7095
488	44
3169957	39938
419719	2212
17127	2008
206206	11255
44184	4137
290181	2196
244926	1238
133364	9882
201486	2640
153942	5703
499232	10606
244742	1916
249488	507
541116	24788
190049	4729
276997	2637
256367	7990
174192	8810
66889	3648
643983	15421
597340	17345
251616	2081
81728	3470
97887	306
208702	25206
1330057	25635
1546364	90023
326008	4147
88432	746
144750	12187
581868	2495
684412	22097
78285	165
399204	20937
167197	8475
1878069	4604
89221	571
111892	5294
325881	6555
216418	1292
1493531	47718
116931	6484
219689	6987
67977	1517
645243	39427
403821	14550
321762	7631
2197850	30238
75869	534
179435	1390
604552	4961
1944284	88572
1921650	122958
7246997	199038
4586935	131732
1291052	15842
798095	57780
568339	16870
1226994	13073
237584	4179
4817185	376560
2193030	121479
816853	41313
2193778	59564
243845	18006
274132	1163
1359677	37754
636658	30150
1012131	76429
643068	4689
1084432	27646
3657659	56981
629611	28598
412484	14712
1606130	60772
427789	15981
1005093	22088
7042635	367814
351491	18275
157527	1200
684678	18085
352224	17861
727654	11259
703591	5674
282503	17200
573537	22683
82810	730
452140	4009
12211480	357498
81135	1086
130305	881
1088439	45821
677628	5970
11722618	107699
646747	62522
275364	1497
1308	39
102	27
681060	10995
3282512	103908
1490941	6308
884677	10548
10047505	496630
228984	16263
359706	23256
188146	3186
285698	27723
159738	14066
776513	29985
1900515	63653
4885758	95172
95804	3655
389420	1850
345691	37739
421	64
173874	898
504526	2920
1271969	135745
344039	10755
2415804	301328
1228380	104909
211489	20622
3148043	460016
113110	11482
122887	8289
8118796	158860
932559	25017
441311	42382
265317	6714
2001534	14557
450951	3246
310399	10843
461176	5782
886144	31865
158063	1271
2354239	4209
213257	13390
35851	461
103199	3817
1171824	11522
1501187	10323
194474	6288
264066	2374
2618513	12032
85700	3990
169211	9038
1006967	40035
287101	6160
7205	566
628428	7536
995265	84996
118579	1101
116987	5797
124320	385
142590	2132
590475	4159
578499	2300
297727	11476
42123	4386
208664	13812
208383	1519
193315	1607
103349	2061
132518	3729
189496	4364
112493	2261
165309	4938
139987	5621
350897	23600
43020	1088
761215	2019
524476	6325
107072	1739
217102	2403
681788	42207
153413	11276
110190	298
71968	4400
61354	1203
1208228	6093
231322	4407
1176916	23383
46871	2602
269736	2486
996787	8858
56293	689
218331	2092
40929	355
250066	1430
114086	1147
164350	18373
535095	60465
316915	2690
641657	8387
2452320	155733
163606	3673
240829	20870
77155	3930
22588	674
431558	3540
177509	1241
278683	2862
39748	2108
92820	685
871815	26722
472890	12943
213558	34755
1875548	17618
194425	696
296681	8950
458681	19858
112836	807
264707	7235
339053	19962
240014	8540
285404	9689
317785	16043
18922	958
191408	9818
213471	1457
85380	2026
1178697	9666
498255	22338
414529	4821
408452	34108
59348	1634
82347	1095
314419	16907
191209	5479
1270498	71502
418594	8052
27838	160
3939437	16269
2390300	57922
79868	1026
681864	22279
617334	29034
56172	588
415440	5619
20786	99
172461	6580
174077	3505
44527	824
339125	487
194203	3945
2929323	146008
2478658	140187
1189473	37148
330966	14297
3304617	100368
1538198	16942
502284	2197
837476	22884
8756061	216275
2240292	183071
2284	https://i.ytimg.com/vi/P1R5LBkBHCQ/default.jpg
2116849	91832
1766456	23197
1987018	92778
199613	1835
937895	104238
421508	16622
4438121	178163
642287	20408
961385	10633
601481	4141
438550	6966
943724	66736
1069408	27228
633398	10567
9153779	229492
116745	1946
2028368	111023
439573	25592
1191149	13890
322018	12338
4673846	120940
297780	15429
1547	134
2974188	126093
488515	8080
7128122	443701
1503654	9272
1086434	8671
297045	1236
1820339	53822
5538656	334598
308452	5038
295020	9360
881266	43290
227317	2171
230966	14948
838323	6473
805451	23791
828576	18778
189161	15752
421877	16609
440600	12423
2713094	66718
381854	1383
97772	3070
340200	18843
83414	391
941422	47476
1400411	69801
3020870	17390
439019	28153
448527	25131
309769	28720
352913	1718
320045	19884
446942	29909
173991	2000
413632	7200
333936	1083
774948	55083
427941	22274
1362163	31272
7004335	164243
294943	6614
1647311	28670
199892	15712
225915	1088
2786252	123576
601943	3702
514452	22888
883579	21601
332803	10851
607947	4066
130248	1005
71362	2697
702850	30452
117902	14419
867123	87178
504875	34084
103642	1041
180105	1866
432932	17772
550143	24398
479034	11817
159386	4712
387983	4227
122825	395
438124	5129
500592	3555
9001090	424653
876055	12301
921160	43979
377878	3200
717930	49368
402015	57445
569521	2667
154416	1387
1372438	42973
875878	60686
1693185	62490
474375	2136
433821	8525
196806	1614
943978	20651
1816101	14464
324353	20310
977674	40948
178664	3745
196941	10563
275461	13447
258353	4561
5333	379
1175153	84400
563473	2375
369334	2838
188768	1325
3837169	111658
137	49
121530	5477
1820014	156336
1328118	51668
871909	7398
492071	46346
225075	4237
196096	16111
310627	7377
469681	15245
4255104	393438
140881	1015
11788471	528123
13316522	372595
496318	22988
426378	8856
478997	20219
1345676	9072
234254	1005
12718813	115064
1748	62
608363	6249
250792	13055
472553	24950
44996	2642
255693	8087
59701	1451
232903	4365
433953	3654
591634	7754
346229	32892
2206812	69001
4755448	544471
864135	15482
31897	281
173547	10259
65274	1947
104354	4304
659787	67685
382588	3391
88102	2844
144669	2654
138887	17000
302609	25753
263936	3014
252022	3308
248361	9940
68190	9278
559027	6525
1028035	10191
219975	3681
102593	2790
218462	1278
253630	9425
835	94
278084	6990
0	0
430781	4096
1064047	9734
323819	8653
1146262	59660
1369722	110218
75315	1411
222374	28125
253420	8356
493218	16006
278015	5703
28523	1726
453999	3672
98777	1708
1424960	41647
1391851	54148
821589	27845
1882430	48906
4647307	197255
2058932	48543
958605	43749
638693	25738
659459	31579
1444597	32012
3898265	34600
5842592	205826
2696130	145796
4714615	131518
677187	2669
11393704	256649
3223	https://i.ytimg.com/vi/P1R5LBkBHCQ/default.jpg
2436601	27534
2916832	211911
799224	3188
304396	2340
549762	16993
667436	5345
1125496	74744
1098171	15453
542637	3811
1032391	12265
2653476	89469
572184	31841
246304	9834
946671	26369
2364828	105481
657342	49069
197421	16431
79847	1062
916063	13016
726445	5870
641818	8652
496196	2141
352807	6296
2088	197
1172446	33886
396762	17434
2198021	93194
305956	11168
1423357	30923
1408027	125700
1257387	78636
1364324	31806
1316582	9813
46864	3933
70231	330
1150576	11887
2844883	134387
192593	504
882847	45538
6536770	154111
931790	19445
60235	1699
302165	1758
2624155	29916
546749	37971
93029	661
77304	648
218908	1422
220895	1000
301440	6145
3502558	134184
145157	932
684098	36516
97587	1092
1364611	15077
8359071	472681
219660	2934
100305	2849
10013794	243151
487161	4061
601501	3486
257834	10318
1143166	21898
240470	2507
1665245	8308
2361417	98670
443668	11152
380767	3601
84146	752
694439	57529
604	389
308194	2440
339863	18405
390587	5646
366276	5118
178313	5299
512487	3295
238469	3769
1095351	102641
369855	5179
6668149	357199
723996	38860
157821	8365
475051	26793
123706	1382
1864531	16430
472334	2541
2054642	57136
237804	11510
367777	39688
596644	15028
1477376	76541
254056	5177
965785	26387
1012018	37329
170499	10525
194187	3676
310754	18117
369038	9035
151010	6413
1924727	13102
349480	5738
341025	2643
338303	5425
654402	19325
126	48
25550	243
678549	22995
243603	19699
52589	3186
1798075	11102
3546940	152248
507625	19721
69828	6655
102047	6896
120081	5452
266085	19114
84356	4691
345886	17594
398798	20431
144093	3059
285904	2676
297330	1793
127275	1695
90113	4460
1777	44
2911773	69418
148009	1831
596381	38022
314552	10402
582045	27909
1276224	53334
102509	1024
622082	10198
187068	15266
321399	13183
176986	7027
2019052	122061
1946817	31222
897282	34922
975054	17447
589207	6063
201252	11419
1003775	61877
280205	2946
51179	3167
677254	29916
82872	1284
369920	3107
1478197	32667
761757	18367
10169177	185859
313108	2161
86858	4627
554304	67861
245556	2598
471662	23823
676505	6268
979668	23080
266861	29527
56927	745
1045206	6498
323931	3713
716441	63957
997654	12744
382122	17141
473903	20078
255902	2054
156073	0
31148	780
94354	3823
99293	2233
151963	444
108184	5297
225869	2430
95892	3569
320632	2159
264965	7797
74419	2385
198347	13890
402434	16243
413895	2613
1307660	58421
2327771	204146
2770111	118307
1761039	50983
2420090	80613
1531870	42343
2027681	183643
1679778	62974
1013484	37078
1525990	79064
54647	437
2233632	54436
895923	30953
5390538	216507
2499536	53431
554068	18314
341115	31357
215323	804
84529	1152
510738	36451
422228	14042
635975	27249
7620545	243314
1748133	18169
1647057	33842
628953	4216
974611	52796
439550	27752
778993	6231
1927	117
140058	10350
1200072	84548
160280	1755
150067	1546
13312686	281641
197841	2678
583445	4777
351363	1514
1270168	20418
173901	543
1041731	6773
367853	6949
681211	19416
1005633	42162
965350	45566
391872	2805
207027	8667
1582046	94792
5472624	145364
134345	3605
5279	https://i.ytimg.com/vi/P1R5LBkBHCQ/default.jpg
1073444	4241
1792495	32815
184995	1546
296673	33621
2772379	15333
912240	5638
898666	3741
244386	1094
534221	7367
244083	8486
2831816	149262
619171	9716
852766	11817
3263726	227401
1423429	19610
81246	413
374840	2643
87773	1053
111553	3260
230596	8271
2906074	32718
214597	8272
679159	3794
678237	4364
315093	2156
129985	861
792351	2975
297816	2408
758922	17062
36854	680
106330	2877
46240	5005
88141	5971
162700	5915
781189	54378
3658036	123137
179815	8016
2629999	114228
1323878	35699
110860	153
132769	788
67381	573
791826	5882
214559	5361
377713	16976
3841044	17735
291287	20111
1052192	14146
69016	631
515485	14120
157524	1069
99732	5452
400388	1151
719468	9295
448156	7565
235232	1543
281679	14340
178115	5171
69464	3030
36197	3974
67656	6571
957437	10014
223558	2158
382226	4657
898933	51674
817038	5403
3408024	37101
316582	7760
272825	6172
234963	572
1170960	86824
127107	7952
121	22
136435	1147
1534043	131614
229375	3066
468897	22624
630192	22251
69901	1949
83956	5638
649132	56132
224906	4200
8307705	17275
98173	1004
1251856	12512
841	152
1648215	27516
39868	1540
101789	2318
1381845	83535
3126135	143626
46567	717
769579	39357
331877	19217
133699	6810
370540	13393
278948	1649
994621	48581
107659	1212
264849	6907
613299	75940
23181	1940
235207	8930
439782	19674
254433	9704
81026	1095
357469	15361
1310192	23233
966208	15979
97345	699
2566192	21028
93657	4752
91975	3466
124460	1914
689546	21893
263195	4280
987612	46517
308327	6482
7776219	175699
3846494	139385
453964	5992
9501171	498326
545246	6746
213183	9183
192120	25070
4196932	845029
1735041	128868
282356	854
823928	6943
96834	1408
219894	6669
1469667	15736
443809	2173
303749	3009
1183685	22728
284356	4694
294246	22999
2943301	23309
155387	6617
3319367	155314
2649856	109043
172037	1051
209524	7655
288072	1762
253895	13869
1204192	42508
26822	2197
372192	2777
7641272	379263
1414015	19031
5082109	298991
3136522	99324
4251074	149875
1496759	46165
358006	4708
3181665	74464
860132	103578
1667470	19074
1013976	53337
909182	36541
915030	33674
359718	26454
2867606	130611
1420770	29855
3332125	103205
815412	43383
196620	6630
1859021	49326
335453	814
411639	12812
1191434	30991
1782907	51424
748978	5505
492814	2046
380515	13287
2646480	212162
818814	32183
1935896	131496
650845	3981
638607	45737
72948	525
165537	2695
360388	1588
299963	7023
2229770	97506
946484	37035
848668	6789
857046	13511
195616	8436
319920	1713
472555	1372
165584	2402
689260	5460
179561	5531
593582	7012
891416	30778
541847	27121
122361	1493
785985	90038
477346	2447
134673	1096
994819	32739
2131761	86829
842313	38241
318527	7694
1789	279
352747	14769
127987	819
132038	5068
2571533	59257
677917	9769
188291	10933
2500436	23555
922111	9082
124072	807
6001518	231900
385012	3804
264365	648
535884	31910
220957	2121
886669	8293
1064420	10403
1019776	34821
286038	2319
344197	3903
254167	24031
380547	5624
476852	15107
474460	3065
166328	2007
246286	4615
457580	11681
42938	1960
286763	2482
211659	7403
725026	45586
364251	1570
339949	16922
145807	1219
273886	3980
132011	8905
2054436	26008
643833	60402
841158	9075
328397	34181
110805	6849
415	53
193903	3589
84721	1087
119739	722
98578	4456
480873	3003
62790	1939
476105	2918
15210790	302601
138332	1985
1521451	99152
312432	9332
4105713	43121
300594	3262
1476148	64903
448486	3635
383272	2150
1754744	34608
1262663	7565
2208312	34947
780311	20986
355004	11085
62266	282
2288	141
167538	9324
2785566	55757
424406	3725
53343	3196
1009	79
122593	1945
922504	5493
1344737	47802
109344	1145
40350	1450
74664	403
322051	10492
133143	1209
162792	11364
123175	1022
267237	22726
416524	3617
523984	20738
6124	https://i.ytimg.com/vi/P1R5LBkBHCQ/default.jpg
107298	421
362750	19622
66200	2401
47699	1550
206698	4683
242420	10188
194231	19620
1786736	103776
5940664	152947
74273	2268
208463	2582
89809	1823
398545	12047
397037	40604
284371	13310
249562	659
968153	5465
80742	7860
249558	5294
184125	16192
355766	12514
173438	1403
336898	2370
3491901	236695
69418	469
290475	7007
12836805	26154
1695409	7678
1234219	4847
1649762	21974
28840	3069
106175	3200
1162130	7148
142466	2936
101823	604
3316632	548042
168779	4294
313722	2243
1017193	49035
209050	1193
403961	2752
902754	4009
169734	1882
279989	2192
29914	2323
378709	11074
295117	2775
428627	13479
278053	1537
185494	4237
180960	2574
28068	291
811388	17402
142273	2045
674934	32556
921773	3241
6058	207
1324938	12139
182833	1882
3078441	44772
1424865	64777
622702	6511
3812821	110988
5661949	175411
1055723	77625
1014994	47375
1489064	146799
1038948	32100
627281	40220
1191202	37446
88289	741
811418	29740
2380679	26654
600565	21032
657793	2808
3724742	83247
1230605	44246
1410845	42290
129512	5408
5071317	169349
532522	34942
2784	375
288493	1547
2054196	6229
158330	1416
1988400	37744
729972	31799
557500	5162
672845	4225
446880	2991
689265	42908
210747	23138
177176	7630
140577	4467
52160	757
369941	4218
483224	13166
263367	7865
819245	18750
1542951	36774
448255	20369
4048557	117406
177776	2057
8227432	631410
173366	1464
206930	1826
636469	17957
114743	3564
1326048	43840
602783	3440
2050509	53028
318041	1742
327924	8579
339359	872
716086	5706
2934310	160858
915801	53643
115847	836
317620	5064
793237	34372
1211918	23882
618476	28717
133876	4317
175218	849
299592	2407
2087148	55730
188812	914
2617595	14833
713197	77989
670381	12659
446570	3203
91333	5595
464654	1859
93575	10057
2752835	23973
389997	1788
144910	514
111040	722
279834	2825
344367	12833
2893428	221983
796809	5752
206377	2231
223690	6617
463396	5542
1271844	4814
351331	17493
330038	11848
250593	1746
417632	41315
156917	476
861364	6951
73006	2852
61181	570
176966	14184
449248	17526
180571	2214
213581	7703
1488784	55052
2505292	104867
125827	7173
34224	2210
302960	1605
103223	8175
109548	7538
78562	639
269612	708
593696	1560
233387	1778
270939	15738
384408	8804
85231	2968
89787	886
72085	447
196100	1332
500830	13663
134504	1145
320041	6634
904874	99025
608625	5943
29614	2827
1298242	13686
77989	917
869175	13553
62623	2257
6397885	241286
99429	5130
99939	1764
137332	3638
761128	4911
45205	354
3282934	29399
41406	269
791	99
1378286	100956
112805	1691
69063	633
596801	42694
468852	17739
15276	130
205729	7265
292860	17526
245973	15196
43341	2222
390040	2065
42513	520
712990	42699
823414	10907
113748	2793
30848	1496
56313	1631
185206	20865
398073	8228
620579	55086
172028	13022
2455	429
229360	7828
159537	17578
459575	44882
164564	2737
674	87
26099	2107
136161	1642
61323	4994
67432	489
1452228	50059
403656	44210
249173	3473
540575	2646
97050	555
132177	3728
96305	5237
1761725	9496
166257	18123
57144	3052
2869790	62597
113999	1081
2073715	67888
2359751	10718
1472982	15965
74244	3246
321782	23684
223398	1427
417232	5221
172250	3666
173541	10956
1083	https://i.ytimg.com/vi/sqa9x8ROQzw/default.jpg
461165	1943
578128	33633
16422	981
79502	347
79541	2776
503629	3497
806130	48735
403007	13969
177933	997
2644109	37213
1452383	8104
8654006	216565
3057987	406604
5616854	190079
20723565	1018786
21739537	549875
1372576	57335
500921	5642
469993	2673
722936	176713
975127	19227
704989	11282
2190835	19535
502360	2674
923771	8710
1193974	77227
835811	9760
1398355	18889
2744134	159327
688867	18865
582599	11147
1102513	22878
674907	7110
550625	9353
1073366	60189
709378	9170
1058246	102940
555765	33752
2435309	70288
2739768	53008
537161	14496
784518	15792
191496	1097
1050955	29657
274214	3119
830421	18047
1098469	6727
1677455	79828
160835	1724
508470	7178
680965	35085
117162	4781
182925	5578
366756	22327
143068	4498
1550845	139032
306630	34044
153668	4445
4309706	117899
342730	14415
471533	67589
113849	1083
1194755	41136
1029554	34806
1819351	166934
1147085	59330
348625	11771
190245	8670
225528	9336
423184	26338
124453	11732
404911	12708
908705	5245
696269	3789
529521	4035
503964	4889
342500	7656
142016	1163
261799	6044
141982	8529
988808	18887
123318	1380
606137	11050
452128	4460
79787	1439
7766948	200572
343044	11457
1527	44
397760	7729
922412	38913
1236458	8332
363592	2252
1113627	111807
186176	5408
2812031	30350
276878	14674
683251	48038
128561	957
399575	13462
4162077	89469
1156498	8386
219782	7716
1361565	48414
828363	3277
914817	3875
221154	16225
504729	28464
308	53
121651	426
324993	2038
634536	39503
292549	9870
234171	1323
3125598	334685
127040	13448
155982	915
476573	17455
257196	30790
165402	824
88554	512
335944	5311
836409	19288
411018	1927
4613979	337318
795647	4250
182907	1722
150386	927
295567	21604
403764	2644
1231767	23716
411834	31230
197185	8018
328439	4524
603176	20930
573054	3574
608226	5174
361878	2145
176033	21912
189528	1656
161996	20185
983218	92846
230933	12321
222452	8755
98775	1019
177986	3613
381081	30863
641826	28399
1168514	58674
839930	42723
2414681	43340
219567	7428
170	38
67463	6273
7147686	193166
431742	13396
651204	61015
1052263	27559
3244	433
255330	1143
120744	904
56224	5954
470761	5412
269050	738
101104	2285
125251	6421
241495	2830
241855	8398
168472	788
739673	7762
460230	5146
661982	83418
80099	2155
565375	16420
525127	1490
1758388	75215
174092	1712
1093137	42019
119281	534
1548781	128639
44417	756
1719191	51972
399799	32767
503861	19680
252909	17256
289257	18367
291492	19633
169964	10520
305250	6629
76067	4540
314807	8463
306580	9998
396782	15581
388302	1884
4150448	186262
1492862	42803
147936	3227
41925	391
38751	1987
313075	4399
106845	4733
485408	37031
106827	732
167590	1104
687063	11885
622646	24402
272401	1859
3836790	28153
658075	4925
224124	7770
8713137	740543
10062732	233069
3490465	337536
6280797	197681
25430376	1099213
740228	6733
23758250	587326
4272	558
1709088	63518
781977	22027
943101	12429
739537	3234
1214927	9990
662870	3316
888859	63357
438969	28548
1160527	21470
840419	14085
1009403	9219
230443	2261
346471	980
836094	21040
1112092	101810
3162475	168479
1375741	25326
1479645	19299
2478555	172344
216235	486
512912	22141
496202	19671
462783	14491
628538	10151
3543715	136098
30255	2912
499204	24464
641541	35974
840996	9814
1081208	110423
1403748	10450
1250826	109170
1020672	44131
299229	31271
572088	8287
265643	17088
714780	4509
3234481	56500
2721756	77372
973793	18510
466338	20410
83564	382
354856	3538
861894	7403
352434	7806
233	36
299263	22754
89578	1170
601909	3096
928098	8291
1016504	19676
910921	41152
138689	5165
380346	2021
1105	34
101879	4059
528257	38882
219803	1976
151849	1930
652990	8086
982861	58475
563415	47342
787355	16811
315568	18104
483556	13613
469639	25197
228929	5504
1687959	43830
318819	2415
89822	455
843831	14655
153102	2159
488811	12928
199610	1128
59928	1343
1149064	157002
697201	47903
1732483	81177
437989	34901
522218	14147
1051583	21481
190265	1683
507956	5970
210384	5952
209391	18477
1480009	34773
1154481	6918
785896	30433
96386	2195
141446	1203
969873	57526
229211	9881
685441	18560
823874	7573
471951	33217
332674	35146
307558	46526
67623	2279
4468926	119291
466614	2809
493963	28411
714712	4844
168071	1343
516600	11506
53544	2660
375894	14941
607328	50365
1754969	27598
1250836	62441
308940	854
491697	1384
418725	39999
1473278	125153
114207	11235
348604	2377
141120	6321
320512	2103
218126	1692
368253	16745
1882204	170218
136761	1839
386664	12252
66105	5738
165832	1050
33789	1331
228867	18110
566298	7200
278556	7026
336100	3309
81757	520
160405	8793
44597	730
349884	2106
161510	1321
1111724	42030
456727	8202
731233	34047
514120	4763
355195	4127
1093900	43171
20846	294
174042	2830
369120	7943
39696	780
173420	5975
87116	333
741128	5671
457407	47088
51307	2233
1685955	90041
257483	11236
363420	10109
274597	6417
150982	1201
70817	809
153181	8908
134789	4342
177274	3517
389795	39342
343115	5024
1040361	19518
593690	24820
317781	9359
364636	10435
302292	13444
520066	4004
617494	11245
81912	602
576213	37912
993055	55905
43555	532
293424	3467
232401	9681
265034	1395
81529	5324
546493	29517
336876	2413
539818	18356
21946	1810
1428218	49793
1516745	8936
288306	11011
254255	1732
395266	2379
79007	596
303805	18622
157155	2358
511042	3517
81375	4638
60018	436
839166	31236
17301320	1207659
7513047	522388
12150	1551
11487026	251868
6963607	206309
1349	https://i.ytimg.com/vi/K8SeMivyqRk/default.jpg
2289027	41807
1574248	170685
32523416	1219780
663401	6037
843631	2593
386518	6169
3396721	149883
665541	36613
1691135	15377
876521	7652
1197608	27681
26972785	637211
1980545	65269
842338	5622
1693753	22644
453753	26818
2255201	146967
2063827	69651
495265	9135
4366825	189975
599266	6206
1318	117
639834	45022
451534	1459
906806	3738
1142538	74641
301908	12692
459951	21541
767814	29373
216684	9220
1294528	10569
293121	2922
913945	4347
589964	52602
205178	9507
632824	16427
606913	3042
810427	3910
552544	1314
542811	9529
298630	3332
1827276	142239
303090	7248
1370767	11887
3325893	18312
104400	5003
34718	3585
177906	5551
533426	1090
2121818	104934
95834	2022
142194	3179
225216	15753
291496	2373
855521	29283
1358408	23950
703880	4242
60582	2014
806419	103709
1226264	83725
387856	2608
455243	24693
823812	73311
427607	13468
58467	303
1282707	42860
510532	3457
640951	26071
609144	17530
345985	13273
2850286	115416
79079	1258
65500	1293
1855095	29848
865431	7111
1567539	92825
397445	27954
539563	12581
272	37
119071	2282
99870	3436
286533	8193
745443	6185
60777	4014
655098	12978
3578618	179923
3919778	229814
621134	28327
98707	698
434989	5304
795307	28656
294724	2304
716308	77339
517678	7062
99766	777
315228	2835
226326	21944
626474	47262
4227545	146436
124117	2272
5884233	1437903
561337	12735
493464	4593
913464	68956
433992	8667
667712	3546
181200	27019
167818	8189
1210512	28583
578939	36603
140001	5042
468051	2751
565545	10530
169540	1144
352607	10722
735347	3379
419275	31910
383185	933
3033194	85780
282033	16177
3746412	60641
3674199	346714
127319	4900
685358	37457
1589565	79988
56160	610
151388	3368
1362440	113382
1003307	25190
290374	13282
96853	1766
393156	3425
2073717	229385
402517	4615
942394	52396
372893	35158
249817	4923
196937	11310
319332	1428
68152	476
1925868	94779
128469	728
462474	26347
1265854	22735
1983903	41779
597664	7275
120405	517
146818	1128
707441	45326
46551	1303
173033	1911
1475995	25519
123488	1706
327103	994
324268	3407
656729	5997
764887	18075
92614	4300
1063131	62214
1103402	38767
151903	5490
175892	10784
601319	37873
1947953	17816
72080	5811
177994	8256
544590	10970
310180	2185
1481	50
72267	8777
177687	17914
269256	9355
288527	22522
528053	14654
235002	2079
196127	2149
332537	24623
102598	1090
213503	3493
529027	27507
1266065	20300
473734	49622
368491	7821
257710	5735
80309	3217
367266	2584
83527	2611
31594	1871
832434	61641
277772	5048
49744	3220
559175	3540
199856	3680
25497666	1547848
1397823	78376
1149633	168875
10477914	613231
14495	1824
4215418	119122
434983	9518
482320	34826
1098963	8546
232606	3631
737908	11891
1177044	48385
2041	https://i.ytimg.com/vi/K8SeMivyqRk/default.jpg
765358	11685
956917	40251
377104	41691
12572044	263771
1890475	9664
599059	37659
465934	15299
3523444	52355
1212160	3412
2812130	38327
2419381	229346
2080	219
545856	30347
7651458	212603
797255	40018
38779629	1310603
1801885	12971
3731285	184478
509557	7350
321218	18846
1400508	29350
483054	5194
8786318	235918
2785599	18678
302538	14212
1118657	14662
2322152	28103
3983030	164650
757997	20354
338315	8354
738815	6432
73665	5930
427696	39195
307552	4839
1868134	16224
2635227	77395
4800619	87337
372738	14077
857201	35026
385396	13531
601504	26016
261	26
64483	117
1839116	63203
29858402	680616
576805	12107
802249	6421
630676	3712
1160376	23068
346334	9542
887217	7131
49833	1137
872971	68810
183111	24578
1168571	39555
372454	1902
1053884	94875
877801	54235
333927	5197
88250	3164
435314	3057
215698	7289
324778	9897
1014021	4023
61006	377
76360	1045
279733	2169
1300783	134156
503232	3638
125103	4945
351587	3220
1756027	78731
282692	5836
2329911	156700
105930	1593
754601	20226
64637	4923
119458	1372
580924	1816
2335964	73114
1201662	76987
598461	9210
1164909	37087
182466	4015
2263853	77746
1636299	13449
370791	47156
186874	7205
807994	7256
436041	16998
223005	3472
3826283	19721
889917	18609
223759	2748
914755	4193
455875	2477
787727	5744
649144	31547
199216	3145
590268	12170
334038	6329
14888	1771
112754	3213
865332	33731
2422271	114826
2607108	128381
89165	4111
294098	14936
537886	13794
133723	5860
1401223	91745
449576	15036
1472075	25184
631686	1236
794274	14557
171159	7559
718736	22047
156627	613
427778	4157
690311	19041
842195	17314
431944	2327
703819	11014
191015	6419
1130791	11640
85993	4484
101218	530
297653	3912
1115523	5049
135315	6644
760475	37238
718234	28079
733632	78461
146037	827
63215	8424
683030	1554
8120145	1624230
347282	32352
4200729	142257
760076	3563
1437953	11369
451928	30519
497835	23437
379589	14985
3085672	22281
95771	789
631962	40682
291512	3026
100674	2588
116158	1343
194030	2680
181399	14367
199625	6076
1473432	9216
272337	11062
132400	12686
737047	41422
50075	6972
553659	8354
413259	3382
397703	5501
505662	5428
551052	14121
1696792	6251
3842495	186864
43821	667
5185076	271565
224356	4502
4800408	154217
350217	1053
179226	1296
133150	6597
178151	3933
180821	12531
270710	1795
196729	20502
1038	19
2395136	45949
130403	4085
134411	8298
117077	693
571986	29662
79238	1486
201940	6746
1788791	117928
3733713	359890
1533833	31892
3012365	128819
32513514	1780877
1727662	53164
1151687	57831
795995	12592
1116282	10182
699885	13998
4837355	140144
12868346	677780
1389797	17538
2015114	65452
3891285	134148
1075186	47775
111817	246
414859	15246
293592	655
4774119	120438
15502	1970
573379	11523
1414806	9991
197959	1451
471246	17188
428548	17438
429983	12618
320849	32508
1393678	49757
2190075	34619
3088	https://i.ytimg.com/vi/K8SeMivyqRk/default.jpg
289352	9799
1387396	53481
232	38
193323	1390
913204	12635
179504	5545
228838	26519
177670	1440
752524	4870
242643	10215
3044172	17582
167	58
1733056	31559
578237	17340
255036	3062
1129578	115410
805546	6317
977200	7438
101262	2980
3880517	30819
426046	5268
1386977	25635
4243147	49342
1676218	66450
896707	8218
795306	4371
732914	27667
520996	26431
4638549	60148
372596	16640
312968	26340
1157175	17442
293544	2333
564630	1354
133383	4964
2296667	89028
439274	36994
3904478	18539
1343165	3675
96637	6428
1169490	7728
147807	1224
73868	992
296753	21079
239349	2855
115935	166
37672	628
116638	4056
347201	11264
2372	262
533770	1602
2793063	252396
4703085	207315
5789250	91153
85417	5847
918652	42666
499600	10262
2549961	3124
117189	13147
318807	20893
258668	13032
444446	5045
493692	10734
504563	6026
2149879	71392
3986920	23422
10828537	260973
1140411	77154
13350541	272243
121332	13585
252543	4424
107145	3573
87	23
139271	1077
317231	29151
762085	5798
575334	8030
130161	1583
59123	1178
1599198	30567
72861	318
149709	9157
119213	4084
118225	7051
430459	2256
554294	17559
1003044	23443
85799	4613
43964411	1377137
66977	2634
182941	2694
279486	18455
108654	891
493566	6656
137681	689
43443	448
232768	7932
236878	4900
285254	9060
520898	32361
108941	7508
198004	16834
71932	3988
375579	10272
4316413	173222
35988	592
1775	298
282828	1901
247415	4362
128793	8594
3030502	84517
102989	7703
187684	1666
1075566	9729
401119	10716
201	31
374026	4905
49167	2877
35885	1511
62690	810
49984	364
926600	21414
1346695	46797
71639	554
659439	27655
65862	1000
129009	14737
32582944	711815
67202	694
283534	3912
1958143	16662
172566	3716
364197	4346
428683	0
475149	26492
416033	23786
92184	6275
8274899	216964
1352379	106428
1454	https://i.ytimg.com/vi/JObYtU7Y7ag/default.jpg
1645571	115307
794141	15579
44303	834
569162	9216
565911	2681
114448	2291
1172990	4444
239150	5555
99148	4630
68942	787
589041	66424
354328	10118
976487	74841
106023	2242
702	83
422905	16379
110250	668
1247119	42282
420330	18429
458992	1858
2808214	168243
210518	5273
1992003	131192
143902	14305
351618	3557
102383	6060
21898	2438
2269711	76630
3122790	160589
3006287	50060
614842	40747
3828183	205229
4791237	431900
519303	5876
615978	11920
726613	24745
1046436	30027
2291019	24381
3947222	155028
385744	33717
2702223	69944
231338	6462
1178807	19024
789242	43658
642514	6927
1730981	14017
373601	18972
587490	56598
247144	1022
658534	50224
165799	6596
788757	23539
2834039	79295
5963509	157769
744480	3340
263234	10376
268730	2597
247	62
784300	33811
1625109	19196
9556534	158748
222845	2728
154867	567
14705194	722303
106506	728
38912181	1958595
1121129	8261
564989	4752
375638	3909
758704	3161
266297	3477
440798	2511
335749	22390
1292396	54887
282528	12978
686176	4399
709922	21806
660781	16646
188156	9581
176672	16435
47061	493
3310	709
299238	679
141110	2127
201627	1435
203555	364
6111819	159080
769935	6015
858773	24299
39745	151
401186	2703
80804	516
1203137	5494
281062	7273
229842	3676
155157	1773
537316	20038
175571	1084
95198	814
4564959	52984
219401	3388
103444	983
232635	27617
310753	27314
746769	28311
74124	2536
319509	2447
147037	5502
519701	14334
278571	1205
220732	2208
120120	4190
54465	1118
127968	3793
1484980	139339
285679	22934
6682464	65323
1644899	10860
203471	18989
498922	2911
35764	613
282559	2709
66953	1776
617457	12203
183956	9639
247153	18654
75399	2454
752715	26238
89485	644
631694	4889
332612	5172
130257	1206
171570	6708
418631	10589
58095	1595
1584559	24670
531456	8921
666299	29080
146607	4032
297123	3044
402615	2318
1506286	52130
270869	10485
323440	17370
1615627	141950
730145	25429
990137	6000
271663	6872
2983801	262810
649912	42627
64800	6433
437791	6459
4231642	21453
709160	55326
461789	3273
128036	10660
223933	3262
3455	https://i.ytimg.com/vi/K8SeMivyqRk/default.jpg
4138484	76430
115827	758
341168	5346
312209	2333
329872	11972
151929	625
599720	55026
61505	602
239974	3482
5846018	27321
139661	2289
208492	9668
1535475	20287
2779796	15194
23602	2126
63003	488
48909	2358
426943	17835
108832	13310
71581	1123
225538	4692
114076	1215
57244	2767
4805842	34298
54394	233
2341349	13505
69379	1005
565863	41330
186212	1163
574335	4655
688120	76158
835174	7483
634022	18309
393064	2483
584295	2857
580016	28856
314780	1772
167227	1065
604807	42592
108967	1168
16486	203
67104	3583
91265	300
185504	2083
285855	3112
88724	2556
84947	2772
689250	3559
149294	1324
1553946	27175
18304	1235
2288385	58043
110598	923
308566	2948
709982	6828
1777889	68771
223811	3493
234075	22489
321589	2659
5661965	67232
174690	1542
667286	48924
6768254	94702
123228	855
142610	986
108133	2341
378233	17052
16884972	1366756
7021355	166167
5021728	370063
2901230	59942
1112653	39040
9988608	151352
5440275	424772
353292	35572
2002355	23217
978971	54605
2423167	36999
837186	31782
9397277	369438
7018402	649561
3739548	179695
1065249	56609
750561	20646
253661	4096
801001	8412
1139264	31098
461942	5068
1066451	111488
1504180	38025
450600	13919
625365	6087
5505734	476666
707768	2541
589395	15555
1073	79
287482	1578
590087	45444
3007957	31026
792915	10699
1373153	11713
564419	3990
1565455	31465
584237	52373
803153	31204
337842	16058
4785038	176462
849001	54147
548376	16221
355	82
3157663	78126
1482705	21865
335393	16836
367064	10409
550912	27226
3641908	167834
313007	7619
1606331	10581
292072	2957
232763	8580
3147835	112426
146988	726
954347	35926
964151	78283
117882	4328
116682	2750
5295094	291480
543089	32032
819987	4830
501545	10979
1160	72
415006	7518
489777	9422
469738	22023
1104669	7697
279213	10249
377164	27176
762363	56358
260953	963
649023	17017
1144366	8167
171600	1044
114290	4989
932451	52286
93429	4549
423235	2149
328407	9615
242137	1279
1754303	70504
134367	3474
3342606	24050
1863957	114925
95438	3020
126714	918
120537	703
745964	13228
398817	15756
127984	781
200573	12224
408686	20987
175962	8889
396759	2779
3444961	88712
885523	25595
730743	15513
138772	1167
106988	1267
1164234	5634
307191	16089
85182	1919
1077981	41405
538712	4474
750394	3354
167531	3052
1668538	85826
251530	2792
846594	36448
298734	1686
93288	1277
355862	6302
92783	1080
452598	5387
95491	5039
484556	2628
131959	1249
438896	6433
6691519	167702
73409	846
609469	3043
36268	270
47778378	2178332
215336	14853
714617	14658
574102	4034
931318	3956
489316	2998
1825021	20719
222907	22527
607559	4795
591507	37094
103509	6262
760022	27329
153854	8308
182086	531
184898	9502
3524743	10133
132844	625
164996	730
248234	16746
964842	6987
813161	128344
745973	29113
860651	24800
138649	5311
157658	6786
110923	1929
757841	23298
317692	5356
517257	4637
891888	5333
496061	4803
12150523	100354
467407	1741
88470	2419
487251	8291
661841	11646
149422	10386
270535	3365
210402	36210
196607	4143
355697	1665
141120	5626
1389279	57903
184040	2145
178755	3481
215121	6881
1276327	4238
362675	7780
84872	520
1590326	11764
115867	1990
522756	6677
538462	5646
286666	6932
546140	29266
1065072	27476
266694	1392
1053879	32214
73019	1294
148770	7298
16726752	769672
85638	4381
334847	8041
3996062	18338
253328	420
1161784	38745
300795	684
5412459	62407
172107	1005
186676	5433
228668	2141
290405	2866
219979	3302
5885017	223403
20928215	1535643
7146248	438665
8521189	183637
5223456	74974
2002531	56051
875109	27397
11880974	854238
538127	45394
13816180	179824
774843	41597
2174156	47370
1130965	88892
6908017	487408
1475929	23379
222098	1670
2484893	170537
3381903	46986
487675	4649
410514	6591
950154	45861
1117681	58843
11651833	436109
1935411	148987
528340	16419
10607169	391221
171616	6057
750271	35218
885830	140995
3703259	187800
326360	2723
271454	12686
408899	2473
909020	22711
1386828	10332
863299	90172
264477	1261
661476	13628
4022675	185953
281	51
398452	11622
4167352	63234
109185	706
565449	15861
737771	17252
606115	11834
795400	46999
319198	6674
234329	2280
1240482	32735
95170	1470
1622456	22783
623055	69348
911566	9152
977546	3288
251770	17824
788857	5097
1137537	76157
950443	42634
1150879	23204
1048657	7903
1557305	10360
74110	301
167778	2233
438097	7392
833	39
268767	28089
2035	301
79575	364
297535	1715
472202	3777
24630	240
5708085	487038
278956	11101
719615	9916
391626	1961
368037	2713
316827	25711
564588	2949
651200	48131
95022	1111
1171	87
330982	32516
179392	6052
111675	6818
125220	976
672626	18352
1912933	34982
142498	2650
212385	1285
140001	9927
198101	8803
664658	3701
382651	17916
804620	77646
211644	3343
912103	56587
3278497	33230
70523	2395
83941	1257
573798	23999
679477	29244
96238	981
1620974	12800
299642	13105
345117	5569
181426	1394
430055	18754
5065000	181847
644629	12125
88280	473
1156150	42901
724509	7358
156531	3200
464369	2881
352886	7625
3364283	81504
133340	5512
141913	5757
669269	3809
282020	7077
422489	37884
1216518	39854
384152	3579
231026	8073
4356810	26794
102503	462
64148	352
260619	1419
310555	4985
102981	579
278600	4800
567989	5639
4309736	176532
249315	1391
146895	0
1105265	84462
237199	5430
99039	5440
341849	1672
3508885	119709
569154	7760
936851	16197
460877	19116
338271	3038
251450	3788
787690	18622
455363	54235
304685	14392
165586	673
1138	396
84308	923
516945	7717
972881	64186
1044828	55386
30779	1541
150507	6005
73465	786
468639	5722
215237	1305
2056010	93640
1095317	5654
401562	3548
341902	3403
157013	910
287291	22569
249327	1522
629299	10578
494015	17673
249470	1228
31434	831
369887	10188
110961	921
2036940	120115
412609	28904
192907	6465
762208	5320
9816	1432
269736	25084
2492579	82301
268682	10495
106386	3372
168689	14992
304972	1048
224984	10595
305267	11521
1079	388
173335	3567
137803	1986
81485	3330
437804	2183
425676	4746
459191	6813
90671	2183
1725426	20843
168712	1255
6904550	203804
10997686	336017
8197747	482424
1392188	57075
59667	381
25814105	1757299
70003	510
1943162	51543
9730243	196684
438642	23706
2685993	70831
6562245	82211
1160753	14083
1025885	52784
597669	29781
980830	8355
287976	3115
16106570	1007250
601144	49090
1036955	10144
177811	3739
1762606	114272
2855891	57762
1716722	21469
4967959	254483
612703	15721
1204570	57785
750227	5350
1031531	4595
16712248	200318
1366252	100092
290941	1763
489152	5947
587708	70499
173776	3346
1259416	9194
1206338	54666
786735	25214
256	57
446635	17721
803853	3329
888646	27167
1304680	9469
2617699	175838
1752336	71757
1629136	126420
613540	17950
335508	12742
78696	379
380177	8061
842734	66071
397274	12910
84315	1087
1560338	192615
1240573	62753
305029	19555
685579	46244
1093112	45525
839245	17954
1342440	162439
277307	8300
3117423	15747
774978	5074
888	42
1012489	35454
124144	766
443819	10111
563237	6568
899701	81239
639112	7924
311027	3987
3493	582
198924	1693
145487	10385
150634	4178
947005	44047
1130416	4434
663815	49054
359844	1692
678960	26763
80638	2620
129761	1635
6561784	572003
628962	3436
149818	10138
4409251	210208
323887	21091
11465487	407347
332573	2603
210208	6855
990231	95901
893596	8099
256866	53448
818914	14792
3134793	25365
116428	4150
230257	1560
985160	24077
1739472	228342
288980	17156
525594	12360
202333	4585
210777	0
1011959	53128
471314	40770
389120	14115
473187	3885
485132	2609
1283025	50586
123505	9181
425309	5845
418084	17623
1087663	13063
474404	8815
587900	46210
175523	964
4252020	191175
285474	8406
639046	9838
299168	4415
115852	1461
270219	5026
148059	883
98585	668
785200	33128
4398813	65789
241558	2018
219706	3653
415058	3307
408576	3788
484028	15776
261370	14614
72559	1385
592735	37640
279347	4959
68217	2831
1828475	13261
211651	4774
1767675	31139
1591989	94837
139617	9605
1560097	10112
253384	13097
121307	6751
502225	5789
559771	9397
128259	7643
1218952	4017
34508	1969
223842	1743
983736	9713
364000	6340
1311337	33858
31811	854
134548	8381
61462	2500
132769	1902
42885	3369
657349	9190
409181	38156
84210	7554
479358	13388
103260	1236
108755	4435
509030	48457
237513	1540
205005	5945
371114	13070
478540	5830
53306	288
288196	1363
526214	4081
438868	4339
126257	329
401639	15647
187808	5201
1039012	89116
2349330	39571
46830	1463
240053	6186
314962	21531
99915	1911
38246	318
29901	1710
312646	15551
143659	550
43247	267
246343	2230
553827	36783
306846	45117
48970	621
71624	4076
741713	19736
215991	11153
23232	303
104365	2644
239053	12057
489806	3998
3388770	73765
12204090	322788
14528223	389821
4543092	118223
1377834	128109
979034	33160
1951976	73258
2193221	162172
1986	https://i.ytimg.com/vi/R2NRbhc3T5M/default.jpg
1480064	21205
2206482	17279
71990	608
1049564	196703
28737776	1869491
614764	10551
321369	1580
639438	29795
72261	569
1644174	72724
346657	9930
6517181	295197
1074997	43153
3879095	187347
358770	964
1151358	106170
2627616	66184
331579	24811
95086	2060
1185368	43622
501332	5905
255933	2954
1034623	11605
4381895	37020
634586	30408
10592828	204228
1425	88
7619117	86120
700783	58973
26655	140
492296	16314
113538	5236
706122	48188
19687255	1101527
227038	1963
277587	10433
1017429	67154
309878	15990
389961	16094
1678333	38621
366674	10405
1183140	9430
666	146
878323	89520
462070	3013
1933484	129758
250740	23209
125392	1052
682186	4377
522705	15847
631042	50531
1653666	106148
89949	1108
68123	1356
3295642	63966
191311	4657
1994159	122882
99890	8113
203828	3530
138285	1973
1394318	64948
867796	7654
375564	15272
1224157	76090
308330	11581
343577	2428
23345196	618776
565220	3669
202821	4161
476631	27337
1085488	10717
530133	17114
274089	8634
333981	1825
195914	14892
62798	320
1073187	60972
483988	26220
310191	3881
81505	1078
3089763	104761
160131	1484
17741854	211522
574983	11312
370940	2084
2210800	146705
3332724	196108
45438	0
237145	8518
1216665	5103
1610954	102321
62039	1181
1108747	25181
516676	15531
405520	23945
64305	1962
429174	10912
905070	56062
1215527	82374
193007	4844
148868	4525
1255338	56277
6174723	35894
116672	1904
517958	9661
1051908	65325
1940386	45183
88033	844
233	41
434451	34296
190060	12668
270880	4802
62755	271
217039	1386
428319	3432
358822	18335
397900	20239
154149	1410
96681	16008
1873990	204406
1385228	97862
1177559	91337
108475	8766
137458	7395
1928200	215159
2487212	28889
1170985	9291
74622	1055
44238	1928
1035860	39105
347694	1447
86331	2880
204708	3293
318078	2938
26519	1602
132203	831
73078	1428
198636	3232
58304	330
164448	0
74406	1680
119697	2579
179539	9345
460474	13375
192629	12188
155770	13204
108882	1366
164496	1215
1318513	65225
147383	1178
659592	6274
1188240	48410
80036	861
112469	829
215455	5261
352973	2051
288578	4912
227831	5325
198904	4319
1033632	9040
302648	8207
147880	1306
85493	3515
121468	422
1057384	36299
207806	13888
156818	34387
3390198	16502
226576	5954
1149	61
127879	773
1691721	56394
481562	68130
410935	3079
66263	1037
272239	14218
685973	14543
419073	3737
112451	2689
660168	8309
772	https://i.ytimg.com/vi/yCrwp2-osE4/default.jpg
1494995	16640
3320921	102581
25651	1446
4024	681
186471	4138
227503	1973
223493	16754
1550307	58244
538572	20623
8282095	159083
3450826	280803
9309397	224724
610936	4440
16956149	397645
951669	3041
628810	9323
753195	2837
18540761	426230
2656869	200837
670927	26058
2013953	54672
245111	1268
387939	3571
2338402	307354
1504564	32433
1469262	18838
1381081	63187
4362	https://i.ytimg.com/vi/R2NRbhc3T5M/default.jpg
10053872	369149
640045	3047
1243858	90453
496721	13329
366805	0
4852789	174930
1289665	22955
301545	33375
337982	1807
333586	4056
3918026	26194
1034223	69370
8325	768
2303426	83685
1575909	105222
1857126	87367
245539	24543
2121502	21375
680524	29921
267467	2403
958408	47103
2474560	135481
2298162	24136
921884	4887
2181	287
489979	32663
108462	189
3190684	15692
2375	183
931886	26145
1067140	85940
519776	13039
5439771	17201
2300457	17492
9151987	345177
1266877	8081
709333	7872
78353	651
353369	2593
88395	2854
940204	62212
3486	744
238638	6327
1457433	55028
221017	1973
179162	1628
224511	4012
45970	112
3450879	82599
714953	31810
928615	5086
619349	24964
176885	8193
1345581	117212
1433689	126065
1291358	5008
287828	2599
1446091	9160
132386	1623
72431	580
116005	8055
72988	386
95459	573
5909685	43894
410206	33163
1133813	67492
204301	9032
837630	24279
269478	8355
205582	1953
308228	15762
1375713	47886
108501	1797
1227495	46556
96901	423
211647	6189
3515579	179615
445460	2019
928	208
1308663	80293
415357	25106
697165	17867
289706	2907
1974635	15293
865914	3592
150520	1219
418690	54713
2966834	15232
422244	3984
268479	6594
319868	17417
360406	11805
2334015	45534
77470	5544
3607555	208216
1233660	106817
245498	2795
89300	1298
279528	3183
92705	2430
365944	2839
1065842	20737
182931	5027
1502095	18287
43237	1763
1892075	94557
151843	563
202111	0
1299461	47390
190342	7375
924747	38483
274294	7285
101703	3859
3071456	151609
3366924	151339
176445	1994
1166378	16078
367	88
221261	2048
856136	4257
462744	7368
797017	20075
85542	5590
27225	1489
391190	32700
145092	3098
734155	62942
194948	2015
784045	11878
103002	17634
419913	10216
346434	17122
1842410	62134
1165336	15134
334982	5898
30480	150
791056	14971
107032	733
188470	2765
24208	1318
519104	4007
834268	31139
49284	679
8219185	89352
103769	3501
423922	51336
693967	21079
607343	4214
345254	30765
974940	7323
564590	10165
139370	6034
476253	12641
168413	6879
255933	21679
31505838	1967910
392872	16468
25108817	1202480
20053	2158
475588	19365
142724	2208
2278914	16949
718017	20558
206014	2584
440099	31426
254839	4972
201752	1549
3824432	71392
616130	17150
431330	5703
307747	27458
561386	7021
385244	3945
37286	562
662729	24789
318589	3558
753	29
504965	3180
89142	2781
2341772	140376
9100555	168716
3770017	294566
10022932	238708
717151	4877
402665	1574
1171220	3481
219019	4223
588185	50892
17571728	405974
988429	33079
716119	10164
6010495	206202
518578	14423
810759	60335
1600287	67430
1924828	37927
203550	1667
724239	27438
2177241	58012
2809663	207172
19258901	431582
1754340	107438
2635506	325639
1680522	20074
995276	57139
417283	3730
887185	3737
555049	14145
1508523	148014
11501355	400867
672160	77581
428095	0
4668	https://i.ytimg.com/vi/R2NRbhc3T5M/default.jpg
56694	653
113984	4122
547098	61435
1432637	25223
1495833	95657
282445	2497
2782099	26728
354051	15687
130121	2939
314397	24928
304116	11398
1816312	110858
342861	2803
1347964	10943
925394	7360
229	44
8656	839
983347	7214
347349	8624
670311	4190
340886	12969
4238781	27641
55748	285
758690	31958
1104724	70805
2404769	85883
1948959	89420
1146190	52410
302629	2258
182075	7917
131061	207
2888567	143372
90446	1284
998303	41775
320906	4107
56331	3520
128824	5944
290693	4565
2622886	26599
240668	1936
396463	28469
525507	27153
165237	5923
511553	33513
789784	6173
51978	3798
138589	841
1377087	81564
6031793	18621
71056	4781
963100	5070
101699	454
2467	192
55596	306
497726	6486
1448770	8885
205360	1679
258121	6772
540546	13357
251714	786
235260	6891
3272052	15933
402900	2721
96927	1042
262654	4404
61222	2176
1214236	32227
9706577	352912
669641	52938
539585	9711
141716	9067
159619	9388
261799	6606
91555	3889
388370	2035
100744	5120
248352	8423
212318	1440
456518	19770
232788	12079
1590018	131321
95615	620
137249	2925
987843	3397
758389	8228
112163	5205
134621	839
233875	9730
338394	12502
893143	66834
63184	2885
297240	8888
10260	1937
283312	11103
36077	1513
477346	6451
397553	9974
465939	35484
190352	10558
119705	623
348849	3327
1404071	119665
260826	2169
1025326	29448
31211	631
120057	1129
304117	7114
187330	4992
982	216
181484	3708
728840	32115
799836	19635
244459	29893
844471	4590
1015575	4090
65898	5551
1210363	8685
2411363	73342
114766	2883
317208	7844
2377598	19736
272058	17169
359793	18679
1336734	5119
1224966	23036
76474	1542
110259	6541
2199430	16321
1581039	9450
360306	18173
1175368	68640
3145891	33202
153018	1428
1383687	83134
459216	26820
184251	743
38323	3483
367820	6162
3945041	216378
156354	1039
1262793	27768
1434037	48880
103143	599
3882516	18721
115333	13900
1345908	110844
453365	16006
2087987	97503
3821163	160129
232942	2859
152504	22108
3913860	190575
59	https://i.ytimg.com/vi/fjaykjiJpHc/default.jpg
29410	350
217775	2028
162888	2901
119030	1926
1253843	47073
2488990	46659
448397	7010
23804	1036
247650	1763
446154	4125
890268	20238
480406	2129
136147	842
1785488	25846
3483553	23725
15969920	308382
2549922	217178
1282325	14522
3123006	160053
10623316	184164
138036	1167
672835	5117
670902	52026
3291375	237979
888895	37218
716521	23381
225152	8147
85251	916
12123373	270455
267401	3079
332526	1935
474361	2975
857556	65155
229764	2676
1969012	55567
287555	2101
835489	5378
507733	1775
1051900	22488
2944266	129202
15561444	262461
207118	4235
75711	441
380532	14644
219269	6904
495606	21935
441602	2813
886121	28780
455511	24452
422708	4990
1224801	3566
309197	3837
2733902	138652
1486736	11986
1487593	72786
514098	5384
19007336	422574
1381724	88790
833575	11337
440803	3304
652180	4223
978409	53578
112934	991
171225	5464
106965	3591
1761376	70621
334124	2003
252	42
1859909	351531
491520	7493
2058702	179149
96200	1458
910496	18069
613807	4058
125258	1862
100484	5643
513556	8146
325760	4636
2090150	22799
878800	6736
3078614	355173
791922	29259
283789	2290
221357	11552
436117	7889
2403006	62864
3023863	215681
258606	6845
1298468	4802
191	23
746980	6918
883558	92211
223082	15672
187933	798
387384	8851
588152	37753
1153	168
14555966	462872
449476	3948
310721	2144
253319	2073
660404	48636
102451	1605
324710	5709
587359	14682
169658	1378
627687	11830
723481	73772
273464	5048
255722	4240
1246673	42380
488113	0
2079777	117768
4321826	37288
190728	3393
67969	2120
5027	https://i.ytimg.com/vi/R2NRbhc3T5M/default.jpg
230324	14841
42056	2133
76740	3186
136014	860
433481	13966
468306	26899
626	115
225939	7630
212436	1578
1694922	29345
60350	3469
794122	6701
422252	3465
2318515	127717
107845	7840
1279271	49000
511793	8114
100429	1175
386445	55482
202238	876
9354	925
1347458	50351
233306	13089
370114	6877
1152616	13237
485616	15413
311866	7494
175140	6116
103829	2050
296880	5155
271824	3945
249310	4193
106553	2425
428248	3217
78939	4209
358030	1252
2108182	115924
3955321	99143
1694741	10693
70749	1176
152129	2207
106416	6330
35689	241
2123088	10929
164351	6078
141166	2327
163968	2585
34329	1983
378562	9142
108756	833
566712	34761
250280	1420
165600	1654
4795716	30035
2094948	92625
613392	4520
2571483	89664
106748	4957
92701	3841
449404	7279
127676	2081
285713	7193
196114	7519
147522	11959
79900	858
252831	7833
71126	2223
64176	427
305902	4543
20771856	440494
21687	1128
1194157	72723
127289	6603
169957	4416
1122914	17262
3323009	150997
256718	7320
101196	11939
447756	44223
385539	14315
105222	946
253562	11410
137598	2475
102929	347
406129	7295
153502	227
50468	533
320149	14518
698	https://i.ytimg.com/vi/rGCqQedol9c/default.jpg
159804	22644
107456	322
720035	7394
137914	2076
408471	1196
180550	4997
118266	5169
3613531	46163
4241964	28370
2447039	219015
23236645	412558
1297543	55539
1805611	20290
248238	2776
1503865	20905
875022	34403
329654	4496
817532	33948
439302	8805
1777995	21252
748228	45730
684791	35868
378140	4578
1794615	60271
1334746	6333
325985	10137
560999	23503
163275	1306
136300	1225
1188996	73132
1863491	29175
408921	17854
5199107	328703
20319	97
143449	640
1828364	112468
11873989	193752
462328	7192
335348	22489
949521	27302
1373739	10924
712051	5299
922324	37791
35941	148
448790	10632
123119	637
72485	1628
313715	3362
182736	8858
282635	3058
721792	21720
482464	4283
51842	282
215935	15355
41623	954
644867	37180
453086	2899
74953	1722
13850398	296023
972745	3702
428960	16236
2193300	38727
125571	427
132262	6256
280260	9336
184288	15094
200700	1511
668824	4146
567420	3299
1493845	28336
134679	1853
239	40
932111	69343
537491	12043
285614	4545
875893	7619
3512787	47862
834769	14215
2322793	61951
733370	7378
296253	2232
336934	1979
705120	25131
474819	18763
468919	4741
17588590	289432
389851	2574
193930	2459
3472530	464330
234835	10184
945096	6479
490849	7434
84828	931
102882	5398
136515	790
307113	2161
347015	12691
3737885	141581
881816	5562
565091	3581
400221	28313
241950	16744
225689	8044
538383	3146
236298	13271
280499	5605
54931	2793
65062	744
450096	4259
84647	7955
66227	4332
289171	783
213062	30274
224664	16494
1226904	16996
3350016	152653
1100530	33729
172828	2070
1340584	65720
1090927	64800
519088	5814
96503	6210
143514	993
478677	2212
192988	2195
124052	4139
251056	4138
89845	2402
316407	4481
1884235	148750
226849	5788
134000	1294
669475	14059
1612682	76472
572348	5227
188832	5708
257161	23266
633309	6662
1242599	3586
76240	5438
664615	37176
396291	2707
130677	918
429673	20506
162563	12471
272633	4484
453827	20715
154241	1689
163036	13435
251774	3352
299994	18983
38328	952
218922	21731
84768	517
293132	1950
67163	545
243858	15266
901980	12001
1701193	103415
203967	4219
72608	836
355537	2255
121090	1754
48771	2217
1027888	110984
356076	6641
821992	44921
285535	19371
29211	1444
819558	36026
1410774	14248
3870232	205447
1355686	120824
2228485	187326
457917	3588
176272	5563
45037	4133
290724	3317
223733	7414
821256	23628
57851	1090
510953	12770
650318	11042
343246	1745
370190	3984
1581664	9509
85830	6890
3387832	373984
146517	7632
304323	8681
272259	1062
363319	2720
269122	13139
2133596	11397
1391	55
197380	2642
298788	4986
497154	4840
426707	33050
108008	501
353265	9902
844686	30562
28730	340
4719126	57595
4427381	96391
3233766	279478
5829270	87330
3893338	289795
4326949	28978
190332	2011
3637277	81385
1582738	19856
1884144	55281
1315966	17258
2142891	72621
403051	40820
946738	42148
27696924 468472
2198480	23920
244193	12168
1316058	45688
2072162	61958
301153	13783
382442	5030
618483	65601
139733	11155
946563	43373
920845	5140
2183649	25690
1764604	59032
114264	1430
6725073	242373
540149	14206
661645	24244
1026811	8205
494794	14989
91424	895
1451866	27804
358872	13746
120228	4255
446961	5592
64272	842
125638	3603
225926	3053
212708	27664
162166	1059
389123	9622
1039046	8000
1170894	9827
563721	30576
156450	2370
54395	285
224415	17490
225645	27515
218240	2388
689779	4082
341799	2197
2414568	130211
2537214	34858
1181458	52318
166103	532
414325	5362
308151	2244
222	50
278150	1921
3854712	524135
1356828	6456
2619135	494495
252328	13557
259311	9090
171524	1331
6891734	400420
766861	23745
358052	21199
760	27
88173	937
478465	3628
578928	34374
151566	1323
753840	13061
296615	38671
1473589	214518
2999165	42848
213980	3940
150058	10264
184850	5057
788301	11660
94942	5136
704200	6686
569644	10755
269654	19712
143515	5625
161283	692
352422	7590
1101410	4060
120732	3713
838293	5946
293876	7460
498598	4270
957276	50537
68829	1926
206627	2761
535254	3105
793776	95387
192875	12443
225101	6399
699999	22420
527444	11724
2757653	86378
838776	15506
934728	25366
189111	18101
70732	932
144536	978
45511	365
63614	1794
435576	2862
143129	7847
653114	65635
4986664	518240
391705	18826
402418	10070
40381	162
725894	5324
337920	7811
72804	3232
508406	29379
177780	2090
317655	13427
2274252	121587
415115	22843
545468	1329
304046	25125
262135	17702
611702	17829
1167113	21997
270925	32620
1285934	17371
103726	4687
85300	7252
453402	12725
225686	681
1085	10
321997	2325
491677	20638
234923	25136
1288940	4818
895020	46850
219041	30367
186468	28742
19472216 09752
65804	2575
463606	55574
88632	5045
41742	1057
476011	19964
39409	3213
511990	3117
661525	24435
128353	11110
810888	7848
77380	5647
142395	2466
431655	50247
1073869	63948
56840	1333
128580	14330
1302	59
1002708	16131
537722	3888
214076	8835
170581	3498
981033	71996
1615246	29693
266267	5534
950727	38129
94667	5428
42908	2757
109662	7056
16256855 321798
436795	4758
617135	3438
1780097	11288
812832	7701
345870	36481
191974	19681
2557709	65412
1392609	38471
293765	4722
104279	718
793685	30147
168717	16278
362153	5568
182184	9710
261128	32078
774509	10250
505968	28369
201847	1568
80685	1701
103339	460
773347	25900
115225	2115
107392	300
